기준일자,제품코드,창고,기초재고,입고,출고,예상재고
2026-09-23,101001911,LA,14565.0,0.0,0.0,14565.0
2026-09-23,101002188,Chicago,118.0,0.0,0.0,118.0
2026-09-23,101002188,Cranbury,462.0,0.0,0.0,462.0
2026-09-23,101002188,Texas,198.0,0.0,0.0,198.0
2026-09-23,101002379,LA,18974.0,0.0,1280.0,17694.0
2026-09-23,101002381,Cranbury,147.0,0.0,0.0,147.0
2026-09-23,101002381,LA,2884.0,0.0,0.0,2884.0
2026-09-23,101002381,Texas,975.0,0.0,0.0,975.0
2026-09-23,101002402,Chicago,631.0,0.0,0.0,631.0
2026-09-23,101002402,Cranbury,320.0,0.0,0.0,320.0
2026-09-23,101002402,LA,10.0,0.0,0.0,10.0
2026-09-23,101002612,Chicago,1287.0,0.0,0.0,1287.0
2026-09-23,101002612,Cranbury,3785.0,0.0,0.0,3785.0
2026-09-23,101002612,LA,97995.0,0.0,600.0,97395.0
2026-09-23,101002612,Texas,3775.0,0.0,0.0,3775.0
2026-09-23,101002613,LA,68.0,0.0,0.0,68.0
2026-09-23,101002622,LA,30354.0,320.0,320.0,30354.0
2026-09-23,101002640,Chicago,108.0,0.0,0.0,108.0
2026-09-23,101002640,Cranbury,245.0,0.0,0.0,245.0
2026-09-23,101002640,LA,8472.0,360.0,225.0,8607.0
2026-09-23,101002640,Texas,408.0,0.0,0.0,408.0
2026-09-23,101002715,Chicago,960.0,0.0,0.0,960.0
2026-09-23,101002715,Cranbury,7785.0,0.0,0.0,7785.0
2026-09-23,101002715,LA,79852.0,0.0,0.0,79852.0
2026-09-23,101002715,Texas,817.0,0.0,0.0,817.0
2026-09-23,101002716,Cranbury,715.0,0.0,0.0,715.0
2026-09-23,101002716,LA,15518.0,0.0,0.0,15518.0
2026-09-23,101002716,Texas,809.0,0.0,0.0,809.0
2026-09-23,101002717,Chicago,98.0,0.0,0.0,98.0
2026-09-23,101002717,Cranbury,1719.0,0.0,0.0,1719.0
2026-09-23,101002717,LA,12591.0,0.0,0.0,12591.0
2026-09-23,101002717,Texas,38.0,0.0,0.0,38.0
2026-09-23,101002844,LA,843.0,0.0,144.0,699.0
2026-09-23,101002859,Chicago,1293.0,0.0,0.0,1293.0
2026-09-23,101002859,Cranbury,2460.0,0.0,0.0,2460.0
2026-09-23,101002859,LA,47040.0,6480.0,2185.0,51335.0
2026-09-23,101002859,Texas,1422.0,0.0,0.0,1422.0
2026-09-23,101003015,Chicago,843.0,0.0,0.0,843.0
2026-09-23,101003015,Cranbury,1152.0,0.0,0.0,1152.0
2026-09-23,101003015,LA,19063.0,0.0,0.0,19063.0
2026-09-23,101003015,Texas,575.0,0.0,0.0,575.0
2026-09-23,101003028,LA,10878.0,0.0,0.0,10878.0
2026-09-23,101003118,LA,3329.0,0.0,0.0,3329.0
2026-09-23,101003119,LA,7492.0,0.0,0.0,7492.0
2026-09-23,101003122,LA,11617.0,0.0,0.0,11617.0
2026-09-23,101003133,LA,38906.0,0.0,0.0,38906.0
2026-09-23,101003133,TRANSFER,351.0,0.0,0.0,0.0
2026-09-23,101003133,Texas,351.0,0.0,351.0,0.0
2026-09-23,101003207,LA,9441.0,0.0,0.0,9441.0
2026-09-23,101003241,Chicago,5591.0,0.0,0.0,5591.0
2026-09-23,101003241,Cranbury,9602.0,0.0,0.0,9602.0
2026-09-23,101003241,LA,143529.0,0.0,3600.0,139929.0
2026-09-23,101003241,Texas,10112.0,0.0,0.0,10112.0
2026-09-23,101003242,LA,10856.0,0.0,0.0,10856.0
2026-09-23,101003282,LA,26.0,0.0,0.0,26.0
2026-09-23,101003282,TRANSFER,19.0,0.0,0.0,0.0
2026-09-23,101003282,Texas,418.0,0.0,0.0,418.0
2026-09-23,101003346,Chicago,155.0,0.0,0.0,155.0
2026-09-23,101003346,Cranbury,541.0,0.0,0.0,541.0
2026-09-23,101003346,LA,1.0,0.0,0.0,1.0
2026-09-23,101003346,Texas,814.0,0.0,0.0,814.0
2026-09-23,101003347,Chicago,412.0,0.0,0.0,412.0
2026-09-23,101003347,Cranbury,2015.0,0.0,0.0,2015.0
2026-09-23,101003347,LA,10365.0,0.0,288.0,10077.0
2026-09-23,101003347,Texas,1107.0,0.0,0.0,1107.0
2026-09-23,101003359,Chicago,1313.0,0.0,0.0,1313.0
2026-09-23,101003359,Cranbury,1973.0,0.0,0.0,1973.0
2026-09-23,101003359,LA,993.0,0.0,0.0,993.0
2026-09-23,101003359,Texas,279.0,0.0,0.0,279.0
2026-09-23,101003360,Chicago,1338.0,0.0,0.0,1338.0
2026-09-23,101003360,Cranbury,1470.0,0.0,0.0,1470.0
2026-09-23,101003360,LA,4426.0,0.0,0.0,4426.0
2026-09-23,101003449,LA,247.0,0.0,0.0,247.0
2026-09-23,101003457,LA,32600.0,0.0,0.0,32600.0
2026-09-23,101003648,LA,32813.0,0.0,0.0,32813.0
2026-09-23,101003679,LA,449.0,0.0,0.0,449.0
2026-09-23,101003679,TRANSFER,23.0,0.0,0.0,0.0
2026-09-23,101003941,LA,5270.0,1642.0,0.0,6912.0
2026-09-23,101004098,LA,290738.0,8696.0,5760.0,293674.0
2026-09-23,101004125,LA,17742.0,0.0,0.0,17742.0
2026-09-23,101004141,Chicago,1640.0,0.0,0.0,1640.0
2026-09-23,101004141,Cranbury,1518.0,0.0,0.0,1518.0
2026-09-23,101004141,LA,22160.0,0.0,288.0,21872.0
2026-09-23,101004148,LA,5766.0,0.0,0.0,5766.0
2026-09-23,101004157,LA,15.0,0.0,0.0,15.0
2026-09-23,101004174,Chicago,1751.0,0.0,0.0,1751.0
2026-09-23,101004174,Cranbury,3420.0,0.0,0.0,3420.0
2026-09-23,101004174,LA,22794.0,0.0,180.0,22614.0
2026-09-23,101004174,Texas,2873.0,0.0,0.0,2873.0
2026-09-23,101004183,Chicago,918.0,0.0,0.0,918.0
2026-09-23,101004183,Cranbury,720.0,0.0,0.0,720.0
2026-09-23,101004183,LA,6587.0,0.0,270.0,6317.0
2026-09-23,101004189,LA,2087.0,0.0,0.0,2087.0
2026-09-23,101004196,Cranbury,1248.0,0.0,0.0,1248.0
2026-09-23,101004196,LA,23785.0,0.0,0.0,23785.0
2026-09-23,101004196,TRANSFER,96.0,0.0,0.0,0.0
2026-09-23,101004196,Texas,96.0,0.0,96.0,0.0
2026-09-23,101004214,LA,25648.0,0.0,0.0,25648.0
2026-09-23,101004220,LA,8078.0,0.0,0.0,8078.0
2026-09-23,101004224,Chicago,90.0,0.0,0.0,90.0
2026-09-23,101004224,Cranbury,8711.0,0.0,0.0,8711.0
2026-09-23,101004224,LA,153050.0,0.0,0.0,153050.0
2026-09-23,101004224,Texas,2662.0,0.0,0.0,2662.0
2026-09-23,101004226,LA,39.0,0.0,0.0,39.0
2026-09-23,101004227,LA,3843.0,0.0,0.0,3843.0
2026-09-23,101004229,Chicago,554.0,0.0,0.0,554.0
2026-09-23,101004229,Cranbury,418.0,0.0,0.0,418.0
2026-09-23,101004229,LA,15475.0,0.0,504.0,14971.0
2026-09-23,101004229,Texas,457.0,0.0,0.0,457.0
2026-09-23,101004230,Chicago,641.0,0.0,0.0,641.0
2026-09-23,101004230,Cranbury,565.0,0.0,0.0,565.0
2026-09-23,101004230,LA,16607.0,0.0,504.0,16103.0
2026-09-23,101004230,Texas,1590.0,0.0,0.0,1590.0
2026-09-23,101004233,Chicago,354.0,0.0,0.0,354.0
2026-09-23,101004233,Cranbury,79.0,0.0,0.0,79.0
2026-09-23,101004233,LA,68415.0,0.0,1960.0,66455.0
2026-09-23,101004233,Texas,3524.0,0.0,0.0,3524.0
2026-09-23,101004240,LA,125.0,0.0,0.0,125.0
2026-09-23,101004245,Chicago,501.0,0.0,0.0,501.0
2026-09-23,101004245,Cranbury,17.0,0.0,0.0,17.0
2026-09-23,101004245,LA,9.0,0.0,0.0,9.0
2026-09-23,101004245,Texas,24.0,0.0,0.0,24.0
2026-09-23,101004246,LA,2482.0,0.0,0.0,2482.0
2026-09-23,101004256,LA,197.0,0.0,0.0,197.0
2026-09-23,101004257,Chicago,951.0,0.0,0.0,951.0
2026-09-23,101004257,Cranbury,1731.0,0.0,0.0,1731.0
2026-09-23,101004257,LA,35214.0,0.0,0.0,35214.0
2026-09-23,101004257,Texas,3937.0,0.0,0.0,3937.0
2026-09-23,101004261,Chicago,663.0,0.0,0.0,663.0
2026-09-23,101004261,Cranbury,4649.0,0.0,0.0,4649.0
2026-09-23,101004261,LA,24493.0,1882.0,324.0,26051.0
2026-09-23,101004261,Texas,895.0,0.0,0.0,895.0
2026-09-23,101004262,LA,3255.0,0.0,0.0,3255.0
2026-09-23,101004378,Cranbury,152.0,0.0,0.0,152.0
2026-09-23,101004378,LA,482.0,0.0,0.0,482.0
2026-09-23,101004378,TRANSFER,37.0,0.0,0.0,0.0
2026-09-23,101005690,Chicago,398.0,0.0,0.0,398.0
2026-09-23,101005690,Cranbury,384.0,0.0,0.0,384.0
2026-09-23,101005690,LA,29986.0,0.0,672.0,29314.0
2026-09-23,101005690,Texas,2247.0,0.0,0.0,2247.0
2026-09-23,101006220,LA,228.0,0.0,0.0,228.0
2026-09-23,101006220,Texas,46.0,0.0,0.0,46.0
2026-09-23,101006320,LA,511.0,0.0,0.0,511.0
2026-09-23,101006714,Cranbury,10.0,0.0,0.0,10.0
2026-09-23,101006714,LA,4.0,0.0,0.0,4.0
2026-09-23,101006821,LA,1385.0,0.0,0.0,1385.0
2026-09-23,101006900,Cranbury,72.0,0.0,0.0,72.0
2026-09-23,101006900,LA,83.0,0.0,0.0,83.0
2026-09-23,101006964,LA,2291.0,0.0,0.0,2291.0
2026-09-23,101007028,LA,24.0,0.0,0.0,24.0
2026-09-23,101007029,LA,1014.0,0.0,0.0,1014.0
2026-09-23,101007065,TRANSFER,200.0,0.0,0.0,0.0
2026-09-23,101007073,Cranbury,216.0,0.0,0.0,216.0
2026-09-23,101007073,LA,2701.0,0.0,0.0,2701.0
2026-09-23,101007310,Cranbury,319.0,0.0,0.0,319.0
2026-09-23,101007310,LA,11648.0,0.0,0.0,11648.0
2026-09-23,101007351,LA,533011.0,9000.0,4500.0,537511.0
2026-09-23,101007391,Chicago,144.0,0.0,0.0,144.0
2026-09-23,101007391,Cranbury,7.0,0.0,0.0,7.0
2026-09-23,101007391,LA,3258.0,0.0,0.0,3258.0
2026-09-23,101007391,Texas,1296.0,0.0,0.0,1296.0
2026-09-23,101007394,Chicago,144.0,0.0,0.0,144.0
2026-09-23,101007394,Cranbury,304.0,0.0,0.0,304.0
2026-09-23,101007394,LA,2784.0,0.0,0.0,2784.0
2026-09-23,101007402,Chicago,144.0,0.0,0.0,144.0
2026-09-23,101007402,Cranbury,134.0,0.0,0.0,134.0
2026-09-23,101007402,LA,8693.0,0.0,0.0,8693.0
2026-09-23,101007594,Cranbury,80.0,0.0,0.0,80.0
2026-09-23,101007594,LA,5672.0,0.0,0.0,5672.0
2026-09-23,101007596,Cranbury,80.0,0.0,0.0,80.0
2026-09-23,101007596,LA,5908.0,0.0,80.0,5828.0
2026-09-23,101070017,Cranbury,96.0,0.0,0.0,96.0
2026-09-23,101070017,LA,4712.0,0.0,0.0,4712.0
2026-09-23,101070017,Texas,1920.0,0.0,0.0,1920.0
2026-09-23,101070024,LA,4791.0,0.0,0.0,4791.0
2026-09-23,101070040,Cranbury,20.0,0.0,0.0,20.0
2026-09-23,101070040,LA,6603.0,0.0,0.0,6603.0
2026-09-23,101070041,LA,8191.0,0.0,0.0,8191.0
2026-09-23,101070060,LA,4431.0,0.0,0.0,4431.0
2026-09-23,101070075,LA,7330.0,0.0,0.0,7330.0
2026-09-23,101070075,Texas,173.0,0.0,0.0,173.0
2026-09-23,101070079,Cranbury,1260.0,0.0,0.0,1260.0
2026-09-23,101070079,LA,7380.0,0.0,0.0,7380.0
2026-09-23,101070079,Texas,264.0,0.0,0.0,264.0
2026-09-23,101070085,LA,8.0,0.0,0.0,8.0
2026-09-23,101070097,Cranbury,176.0,0.0,0.0,176.0
2026-09-23,101070097,LA,194.0,0.0,0.0,194.0
2026-09-23,101070101,LA,415.0,0.0,0.0,415.0
2026-09-23,101070105,Chicago,216.0,0.0,0.0,216.0
2026-09-23,101070105,Cranbury,3240.0,0.0,0.0,3240.0
2026-09-23,101070105,LA,94468.0,12960.0,16416.0,91012.0
2026-09-23,101070105,Texas,686.0,0.0,0.0,686.0
2026-09-23,101070106,LA,275134.0,1343.0,1232.0,275245.0
2026-09-23,101070107,LA,809.0,0.0,0.0,809.0
2026-09-23,101070108,Cranbury,1869.0,0.0,0.0,1869.0
2026-09-23,101070108,LA,67307.0,0.0,160.0,67147.0
2026-09-23,101070109,LA,56964.0,0.0,0.0,56964.0
2026-09-23,101070110,Chicago,648.0,0.0,0.0,648.0
2026-09-23,101070110,LA,6242.0,0.0,438.0,5804.0
2026-09-23,101070110,Texas,23.0,0.0,0.0,23.0
2026-09-23,101070111,LA,2.0,0.0,0.0,2.0
2026-09-23,101070112,LA,87387.0,4860.0,4860.0,87387.0
2026-09-23,101070112,Texas,25.0,4050.0,0.0,4075.0
2026-09-23,101070115,Chicago,62.0,0.0,0.0,62.0
2026-09-23,101070115,Cranbury,107.0,0.0,0.0,107.0
2026-09-23,101070115,LA,8318.0,0.0,0.0,8318.0
2026-09-23,101070115,Texas,155.0,0.0,0.0,155.0
2026-09-23,101070116,Chicago,33.0,0.0,0.0,33.0
2026-09-23,101070116,Cranbury,219.0,0.0,0.0,219.0
2026-09-23,101070116,LA,13805.0,0.0,0.0,13805.0
2026-09-23,101070116,Texas,155.0,0.0,0.0,155.0
2026-09-23,101070117,Chicago,2.0,0.0,0.0,2.0
2026-09-23,101070117,Cranbury,134.0,0.0,0.0,134.0
2026-09-23,101070117,LA,10962.0,0.0,0.0,10962.0
2026-09-23,101070117,Texas,155.0,0.0,0.0,155.0
2026-09-23,101070118,Cranbury,64.0,0.0,0.0,64.0
2026-09-23,101070118,LA,8718.0,0.0,96.0,8622.0
2026-09-23,101070118,Texas,155.0,0.0,0.0,155.0
2026-09-23,101070119,LA,962.0,0.0,0.0,962.0
2026-09-23,101070127,LA,121161.0,0.0,0.0,121161.0
2026-09-23,101070129,Cranbury,85.0,0.0,0.0,85.0
2026-09-23,101070129,LA,27599.0,0.0,0.0,27599.0
2026-09-23,101070130,Cranbury,85.0,0.0,0.0,85.0
2026-09-23,101070130,LA,28910.0,0.0,0.0,28910.0
2026-09-23,101070131,Cranbury,85.0,0.0,0.0,85.0
2026-09-23,101070131,LA,29806.0,0.0,0.0,29806.0
2026-09-23,101070132,LA,54.0,0.0,0.0,54.0
2026-09-23,101070134,Chicago,6524.0,0.0,0.0,6524.0
2026-09-23,101070134,Cranbury,10442.0,6480.0,0.0,16922.0
2026-09-23,101070134,LA,21076.0,0.0,0.0,21076.0
2026-09-23,101070134,Texas,7312.0,0.0,0.0,7312.0
2026-09-23,101070135,Chicago,321.0,0.0,0.0,321.0
2026-09-23,101070135,Cranbury,800.0,0.0,0.0,800.0
2026-09-23,101070135,LA,4873.0,0.0,0.0,4873.0
2026-09-23,101070135,TRANSFER,3240.0,0.0,0.0,0.0
2026-09-23,101070135,Texas,3756.0,0.0,3240.0,516.0
2026-09-23,101070137,Chicago,285.0,0.0,0.0,285.0
2026-09-23,101070138,Chicago,285.0,0.0,0.0,285.0
2026-09-23,101070139,Chicago,285.0,0.0,0.0,285.0
2026-09-23,101070141,LA,48.0,0.0,0.0,48.0
2026-09-23,101070149,LA,68092.0,0.0,0.0,68092.0
2026-09-23,101070152,LA,10350.0,0.0,0.0,10350.0
2026-09-23,101070153,Chicago,692.0,0.0,0.0,692.0
2026-09-23,101070153,Cranbury,1801.0,0.0,0.0,1801.0
2026-09-23,101070153,LA,42397.0,0.0,703.0,41694.0
2026-09-23,101070153,Texas,532.0,0.0,0.0,532.0
2026-09-23,101070154,Chicago,440.0,0.0,0.0,440.0
2026-09-23,101070154,Cranbury,2483.0,0.0,0.0,2483.0
2026-09-23,101070154,LA,27571.0,3445.0,3445.0,27571.0
2026-09-23,101070154,Texas,525.0,0.0,0.0,525.0
2026-09-23,101070155,Cranbury,2241.0,0.0,0.0,2241.0
2026-09-23,101070155,LA,36640.0,0.0,0.0,36640.0
2026-09-23,101070156,Chicago,720.0,0.0,0.0,720.0
2026-09-23,101070156,Cranbury,4955.0,0.0,0.0,4955.0
2026-09-23,101070156,LA,102273.0,0.0,945.0,101328.0
2026-09-23,101070156,TRANSFER,63.0,0.0,0.0,0.0
2026-09-23,101070156,Texas,2431.0,0.0,63.0,2368.0
2026-09-23,101070157,LA,19309.0,0.0,0.0,19309.0
2026-09-23,101070158,Chicago,576.0,0.0,0.0,576.0
2026-09-23,101070158,Cranbury,2706.0,0.0,0.0,2706.0
2026-09-23,101070158,LA,28866.0,0.0,9.0,28857.0
2026-09-23,101070158,Texas,45.0,0.0,0.0,45.0
2026-09-23,101070161,Cranbury,1989.0,0.0,0.0,1989.0
2026-09-23,101070161,LA,96166.0,0.0,0.0,96166.0
2026-09-23,101070162,Chicago,2334.0,0.0,0.0,2334.0
2026-09-23,101070162,Cranbury,7809.0,0.0,0.0,7809.0
2026-09-23,101070162,LA,39292.0,1872.0,0.0,41164.0
2026-09-23,101070162,Texas,1427.0,0.0,0.0,1427.0
2026-09-23,101070163,LA,28598.0,1080.0,1080.0,28598.0
2026-09-23,101070164,Cranbury,1341.0,0.0,0.0,1341.0
2026-09-23,101070164,LA,75145.0,0.0,0.0,75145.0
2026-09-23,101070165,Chicago,1927.0,0.0,0.0,1927.0
2026-09-23,101070165,Cranbury,3244.0,0.0,0.0,3244.0
2026-09-23,101070165,LA,81383.0,0.0,2304.0,79079.0
2026-09-23,101070165,Texas,548.0,0.0,0.0,548.0
2026-09-23,101070166,LA,12451.0,810.0,810.0,12451.0
2026-09-23,101070167,Chicago,864.0,0.0,0.0,864.0
2026-09-23,101070167,LA,23252.0,0.0,0.0,23252.0
2026-09-23,101070167,Texas,576.0,0.0,0.0,576.0
2026-09-23,101070168,Chicago,976.0,0.0,0.0,976.0
2026-09-23,101070168,Cranbury,8554.0,0.0,0.0,8554.0
2026-09-23,101070168,LA,69183.0,4320.0,4446.0,69057.0
2026-09-23,101070168,Texas,3336.0,0.0,0.0,3336.0
2026-09-23,101070173,LA,150.0,0.0,0.0,150.0
2026-09-23,101070175,LA,87.0,0.0,0.0,87.0
2026-09-23,101070176,LA,7584.0,0.0,0.0,7584.0
2026-09-23,101070177,LA,1455.0,0.0,0.0,1455.0
2026-09-23,101070178,LA,30.0,0.0,0.0,30.0
2026-09-23,101070179,LA,3434.0,2038.0,0.0,5472.0
2026-09-23,101070181,Cranbury,41.0,0.0,0.0,41.0
2026-09-23,101070181,LA,18054.0,0.0,0.0,18054.0
2026-09-23,101070182,Cranbury,41.0,0.0,0.0,41.0
2026-09-23,101070182,LA,18239.0,0.0,0.0,18239.0
2026-09-23,101070187,LA,4700.0,0.0,0.0,4700.0
2026-09-23,101070188,LA,6880.0,0.0,63.0,6817.0
2026-09-23,101070191,LA,9186.0,0.0,0.0,9186.0
2026-09-23,101070192,Cranbury,2080.0,0.0,0.0,2080.0
2026-09-23,101070192,LA,40090.0,0.0,0.0,40090.0
2026-09-23,101070192,Texas,0.0,1080.0,0.0,1080.0
2026-09-23,101070193,LA,10161.0,0.0,672.0,9489.0
2026-09-23,101070213,Cranbury,63.0,0.0,0.0,63.0
2026-09-23,101070213,LA,10768.0,0.0,192.0,10576.0
2026-09-23,101070232,LA,718.0,0.0,0.0,718.0
2026-09-23,101070233,LA,656.0,0.0,0.0,656.0
2026-09-23,101070237,Cranbury,200.0,0.0,0.0,200.0
2026-09-23,101070237,LA,21576.0,0.0,0.0,21576.0
2026-09-23,102000276,Cranbury,25.0,0.0,0.0,25.0
2026-09-23,102000276,LA,286.0,0.0,0.0,286.0
2026-09-23,102000283,LA,318.0,0.0,0.0,318.0
2026-09-23,102000288,Cranbury,30.0,0.0,0.0,30.0
2026-09-23,102000288,LA,19.0,0.0,0.0,19.0
2026-09-23,102000305,LA,614.0,0.0,0.0,614.0
2026-09-23,102000382,Chicago,34.0,0.0,0.0,34.0
2026-09-23,102000382,LA,10.0,0.0,0.0,10.0
2026-09-23,102001162,Cranbury,30.0,0.0,0.0,30.0
2026-09-23,102001162,LA,674.0,0.0,0.0,674.0
2026-09-23,102001521,LA,793.0,0.0,0.0,793.0
2026-09-23,102001641,LA,333.0,0.0,0.0,333.0
2026-09-23,102001743,LA,503.0,0.0,0.0,503.0
2026-09-23,102001744,LA,1004.0,0.0,0.0,1004.0
2026-09-23,102002006,Cranbury,60.0,0.0,0.0,60.0
2026-09-23,102002006,LA,120.0,0.0,0.0,120.0
2026-09-23,102002009,LA,472.0,0.0,0.0,472.0
2026-09-23,102002018,Chicago,61.0,0.0,0.0,61.0
2026-09-23,102002018,Cranbury,60.0,0.0,0.0,60.0
2026-09-23,102002018,LA,284.0,0.0,0.0,284.0
2026-09-23,102002033,Cranbury,30.0,0.0,0.0,30.0
2026-09-23,102002033,LA,90.0,0.0,0.0,90.0
2026-09-23,102002036,Cranbury,30.0,0.0,0.0,30.0
2026-09-23,102002036,LA,191.0,0.0,0.0,191.0
2026-09-23,102002037,Cranbury,30.0,0.0,0.0,30.0
2026-09-23,102002037,LA,163.0,0.0,0.0,163.0
2026-09-23,102002069,Chicago,173.0,0.0,0.0,173.0
2026-09-23,102002069,LA,233.0,0.0,0.0,233.0
2026-09-23,102002181,Cranbury,30.0,0.0,0.0,30.0
2026-09-23,102002181,LA,333.0,0.0,0.0,333.0
2026-09-23,102002433,LA,4787.0,0.0,0.0,4787.0
2026-09-23,102002451,Cranbury,135.0,0.0,0.0,135.0
2026-09-23,102002451,LA,50.0,0.0,0.0,50.0
2026-09-23,102002453,Cranbury,142.0,0.0,0.0,142.0
2026-09-23,102002453,TRANSFER,294.0,0.0,0.0,0.0
2026-09-23,102002453,Texas,294.0,0.0,294.0,0.0
2026-09-23,102002539,LA,2195.0,0.0,0.0,2195.0
2026-09-23,102002539,TRANSFER,60.0,0.0,0.0,0.0
2026-09-23,102002548,LA,1106.0,0.0,0.0,1106.0
2026-09-23,102002584,LA,2393.0,0.0,0.0,2393.0
2026-09-23,102002592,LA,2105.0,0.0,0.0,2105.0
2026-09-23,102002592,TRANSFER,348.0,0.0,0.0,0.0
2026-09-23,102002592,Texas,348.0,0.0,348.0,0.0
2026-09-23,102002642,LA,2085.0,0.0,0.0,2085.0
2026-09-23,102002643,LA,62.0,0.0,55.0,7.0
2026-09-23,102002666,Cranbury,85.0,0.0,0.0,85.0
2026-09-23,102002666,LA,1181.0,0.0,0.0,1181.0
2026-09-23,102002666,TRANSFER,134.0,0.0,0.0,0.0
2026-09-23,102002666,Texas,134.0,0.0,134.0,0.0
2026-09-23,102002730,Cranbury,240.0,0.0,0.0,240.0
2026-09-23,102002730,LA,6834.0,0.0,0.0,6834.0
2026-09-23,102002730,Texas,217.0,0.0,0.0,217.0
2026-09-23,102002731,Cranbury,120.0,0.0,0.0,120.0
2026-09-23,102002731,LA,9498.0,0.0,0.0,9498.0
2026-09-23,102002731,Texas,187.0,0.0,0.0,187.0
2026-09-23,102002753,Cranbury,11.0,0.0,0.0,11.0
2026-09-23,102002753,LA,21.0,0.0,0.0,21.0
2026-09-23,102002755,Cranbury,17.0,0.0,0.0,17.0
2026-09-23,102002755,LA,2068.0,0.0,0.0,2068.0
2026-09-23,102002772,Cranbury,33.0,0.0,0.0,33.0
2026-09-23,102002772,LA,9843.0,0.0,0.0,9843.0
2026-09-23,102002773,Cranbury,35.0,0.0,0.0,35.0
2026-09-23,102002773,LA,10568.0,0.0,0.0,10568.0
2026-09-23,102002774,Cranbury,35.0,0.0,0.0,35.0
2026-09-23,102002774,LA,6007.0,0.0,0.0,6007.0
2026-09-23,102002775,Cranbury,35.0,0.0,0.0,35.0
2026-09-23,102002775,LA,4664.0,0.0,0.0,4664.0
2026-09-23,102002780,LA,9499.0,0.0,0.0,9499.0
2026-09-23,102002784,LA,9500.0,0.0,0.0,9500.0
2026-09-23,102002785,LA,2300.0,0.0,0.0,2300.0
2026-09-23,901001955,Chicago,20.0,0.0,0.0,20.0
2026-09-23,901001955,LA,105.0,0.0,0.0,105.0
2026-09-23,901001956,Chicago,20.0,0.0,0.0,20.0
2026-09-23,901001956,LA,74.0,0.0,0.0,74.0
2026-09-23,901001956,Texas,15.0,0.0,0.0,15.0
2026-09-23,901001957,Chicago,20.0,0.0,0.0,20.0
2026-09-23,901001957,LA,18.0,0.0,0.0,18.0
2026-09-23,901001961,Chicago,42.0,0.0,0.0,42.0
2026-09-23,901001961,LA,38.0,0.0,0.0,38.0
2026-09-23,901001961,Texas,37.0,0.0,0.0,37.0
2026-09-23,901001964,Chicago,20.0,0.0,0.0,20.0
2026-09-23,901001964,LA,7.0,0.0,0.0,7.0
2026-09-23,901001964,Texas,15.0,0.0,0.0,15.0
2026-09-23,902000868,LA,35.0,0.0,0.0,35.0
2026-09-23,902070007,Cranbury,83.0,0.0,0.0,83.0
2026-09-23,902070007,LA,3879.0,0.0,0.0,3879.0
2026-09-23,903070001,LA,2692.0,0.0,0.0,2692.0
2026-09-24,101001911,LA,14565.0,0.0,75.0,14490.0
2026-09-24,101002188,Chicago,118.0,99.0,0.0,217.0
2026-09-24,101002188,Cranbury,210.0,0.0,0.0,210.0
2026-09-24,101002188,Texas,198.0,0.0,0.0,198.0
2026-09-24,101002379,LA,17694.0,1955.0,4675.0,14974.0
2026-09-24,101002381,Chicago,0.0,600.0,0.0,600.0
2026-09-24,101002381,Cranbury,147.0,0.0,0.0,147.0
2026-09-24,101002381,LA,3784.0,0.0,0.0,3784.0
2026-09-24,101002381,Texas,900.0,0.0,75.0,825.0
2026-09-24,101002402,Chicago,631.0,0.0,75.0,556.0
2026-09-24,101002402,Cranbury,194.0,0.0,0.0,194.0
2026-09-24,101002402,LA,10.0,0.0,0.0,10.0
2026-09-24,101002612,Chicago,1287.0,0.0,0.0,1287.0
2026-09-24,101002612,Cranbury,3485.0,0.0,0.0,3485.0
2026-09-24,101002612,LA,96795.0,21000.0,23700.0,94095.0
2026-09-24,101002612,Texas,3475.0,0.0,300.0,3175.0
2026-09-24,101002613,LA,7326.0,7258.0,10258.0,4326.0
2026-09-24,101002622,LA,28034.0,10225.0,5280.0,32979.0
2026-09-24,101002640,Chicago,108.0,0.0,0.0,108.0
2026-09-24,101002640,Cranbury,245.0,0.0,0.0,245.0
2026-09-24,101002640,LA,7887.0,0.0,486.0,7401.0
2026-09-24,101002640,Texas,228.0,0.0,72.0,156.0
2026-09-24,101002715,Chicago,960.0,0.0,0.0,960.0
2026-09-24,101002715,Cranbury,7105.0,0.0,0.0,7105.0
2026-09-24,101002715,LA,78772.0,0.0,1240.0,77532.0
2026-09-24,101002715,Texas,817.0,0.0,0.0,817.0
2026-09-24,101002716,Cranbury,391.0,0.0,0.0,391.0
2026-09-24,101002716,LA,15194.0,0.0,0.0,15194.0
2026-09-24,101002716,Texas,809.0,0.0,0.0,809.0
2026-09-24,101002717,Chicago,98.0,0.0,0.0,98.0
2026-09-24,101002717,Cranbury,1359.0,0.0,0.0,1359.0
2026-09-24,101002717,LA,11891.0,0.0,0.0,11891.0
2026-09-24,101002717,Texas,38.0,0.0,0.0,38.0
2026-09-24,101002844,LA,1851.0,0.0,432.0,1419.0
2026-09-24,101002859,Chicago,393.0,1080.0,360.0,1113.0
2026-09-24,101002859,Cranbury,2460.0,720.0,0.0,3180.0
2026-09-24,101002859,LA,51149.0,10800.0,12796.0,49153.0
2026-09-24,101002859,Texas,1257.0,0.0,330.0,927.0
2026-09-24,101003015,Chicago,843.0,0.0,0.0,843.0
2026-09-24,101003015,Cranbury,864.0,0.0,0.0,864.0
2026-09-24,101003015,LA,18775.0,0.0,0.0,18775.0
2026-09-24,101003015,Texas,575.0,0.0,0.0,575.0
2026-09-24,101003028,LA,10878.0,0.0,0.0,10878.0
2026-09-24,101003118,LA,3329.0,0.0,0.0,3329.0
2026-09-24,101003119,LA,2092.0,0.0,0.0,2092.0
2026-09-24,101003122,LA,6217.0,0.0,0.0,6217.0
2026-09-24,101003133,LA,38906.0,0.0,0.0,38906.0
2026-09-24,101003133,TRANSFER,351.0,0.0,0.0,0.0
2026-09-24,101003207,LA,9441.0,0.0,0.0,9441.0
2026-09-24,101003241,Chicago,5591.0,0.0,1490.0,4101.0
2026-09-24,101003241,Cranbury,9077.0,0.0,660.0,8417.0
2026-09-24,101003241,LA,135444.0,18000.0,21045.0,132399.0
2026-09-24,101003241,Texas,9452.0,0.0,4620.0,4832.0
2026-09-24,101003242,LA,10856.0,0.0,0.0,10856.0
2026-09-24,101003282,LA,26.0,0.0,0.0,26.0
2026-09-24,101003282,TRANSFER,19.0,0.0,0.0,0.0
2026-09-24,101003282,Texas,418.0,0.0,36.0,382.0
2026-09-24,101003346,Chicago,155.0,0.0,0.0,155.0
2026-09-24,101003346,Cranbury,541.0,0.0,0.0,541.0
2026-09-24,101003346,LA,1.0,0.0,0.0,1.0
2026-09-24,101003346,Texas,814.0,0.0,0.0,814.0
2026-09-24,101003347,Chicago,412.0,648.0,0.0,1060.0
2026-09-24,101003347,Cranbury,1967.0,1080.0,0.0,3047.0
2026-09-24,101003347,LA,9333.0,0.0,2544.0,6789.0
2026-09-24,101003347,Texas,1011.0,0.0,0.0,1011.0
2026-09-24,101003359,Chicago,1313.0,0.0,0.0,1313.0
2026-09-24,101003359,Cranbury,1973.0,0.0,0.0,1973.0
2026-09-24,101003359,LA,14898.0,13995.0,14355.0,14538.0
2026-09-24,101003359,Texas,279.0,0.0,0.0,279.0
2026-09-24,101003360,Chicago,1338.0,0.0,0.0,1338.0
2026-09-24,101003360,Cranbury,1470.0,0.0,0.0,1470.0
2026-09-24,101003360,LA,3875.0,0.0,540.0,3335.0
2026-09-24,101003449,LA,247.0,0.0,0.0,247.0
2026-09-24,101003457,LA,32600.0,0.0,0.0,32600.0
2026-09-24,101003648,LA,23749.0,0.0,9064.0,14685.0
2026-09-24,101003679,LA,449.0,0.0,0.0,449.0
2026-09-24,101003679,TRANSFER,23.0,0.0,0.0,0.0
2026-09-24,101003941,LA,27062.0,11702.0,11702.0,27062.0
2026-09-24,101004098,LA,320538.0,21696.0,44352.0,297882.0
2026-09-24,101004125,LA,16932.0,0.0,335.0,16597.0
2026-09-24,101004141,Chicago,1640.0,0.0,50.0,1590.0
2026-09-24,101004141,Cranbury,1518.0,972.0,0.0,2490.0
2026-09-24,101004141,LA,21547.0,0.0,1152.0,20395.0
2026-09-24,101004148,LA,3366.0,41570.0,18048.0,26888.0
2026-09-24,101004157,LA,15.0,0.0,0.0,15.0
2026-09-24,101004174,Chicago,1211.0,0.0,360.0,851.0
2026-09-24,101004174,Cranbury,3420.0,1080.0,495.0,4005.0
2026-09-24,101004174,LA,22089.0,0.0,360.0,21729.0
2026-09-24,101004174,Texas,2708.0,0.0,330.0,2378.0
2026-09-24,101004183,Chicago,918.0,0.0,0.0,918.0
2026-09-24,101004183,Cranbury,720.0,0.0,0.0,720.0
2026-09-24,101004183,LA,6362.0,0.0,0.0,6362.0
2026-09-24,101004189,LA,2087.0,0.0,0.0,2087.0
2026-09-24,101004196,Cranbury,1248.0,0.0,0.0,1248.0
2026-09-24,101004196,LA,22537.0,0.0,0.0,22537.0
2026-09-24,101004196,TRANSFER,96.0,0.0,0.0,0.0
2026-09-24,101004214,LA,25648.0,0.0,0.0,25648.0
2026-09-24,101004220,LA,8078.0,0.0,0.0,8078.0
2026-09-24,101004224,Chicago,90.0,648.0,0.0,738.0
2026-09-24,101004224,Cranbury,8279.0,0.0,216.0,8063.0
2026-09-24,101004224,LA,151550.0,648.0,4630.0,147568.0
2026-09-24,101004224,Texas,2662.0,0.0,0.0,2662.0
2026-09-24,101004226,LA,39.0,0.0,0.0,39.0
2026-09-24,101004227,LA,3843.0,0.0,0.0,3843.0
2026-09-24,101004229,Chicago,554.0,0.0,0.0,554.0
2026-09-24,101004229,Cranbury,418.0,0.0,0.0,418.0
2026-09-24,101004229,LA,14647.0,0.0,792.0,13855.0
2026-09-24,101004229,Texas,385.0,0.0,0.0,385.0
2026-09-24,101004230,Chicago,641.0,0.0,0.0,641.0
2026-09-24,101004230,Cranbury,565.0,0.0,0.0,565.0
2026-09-24,101004230,LA,7445.0,0.0,2772.0,4673.0
2026-09-24,101004230,Texas,1374.0,0.0,72.0,1302.0
2026-09-24,101004233,Chicago,354.0,768.0,0.0,1122.0
2026-09-24,101004233,Cranbury,79.0,384.0,0.0,463.0
2026-09-24,101004233,LA,65399.0,0.0,1008.0,64391.0
2026-09-24,101004233,Texas,3044.0,0.0,0.0,3044.0
2026-09-24,101004240,LA,125.0,0.0,0.0,125.0
2026-09-24,101004245,Chicago,501.0,0.0,0.0,501.0
2026-09-24,101004245,Cranbury,17.0,0.0,0.0,17.0
2026-09-24,101004245,LA,9.0,0.0,0.0,9.0
2026-09-24,101004245,Texas,24.0,0.0,0.0,24.0
2026-09-24,101004246,LA,2482.0,0.0,0.0,2482.0
2026-09-24,101004256,LA,197.0,0.0,0.0,197.0
2026-09-24,101004257,Chicago,951.0,0.0,0.0,951.0
2026-09-24,101004257,Cranbury,1635.0,576.0,384.0,1827.0
2026-09-24,101004257,LA,31278.0,0.0,2496.0,28782.0
2026-09-24,101004257,Texas,3649.0,0.0,96.0,3553.0
2026-09-24,101004261,Chicago,663.0,648.0,0.0,1311.0
2026-09-24,101004261,Cranbury,3641.0,0.0,1458.0,2183.0
2026-09-24,101004261,LA,30313.0,4860.0,12582.0,22591.0
2026-09-24,101004261,Texas,463.0,0.0,432.0,31.0
2026-09-24,101004262,LA,3255.0,0.0,0.0,3255.0
2026-09-24,101004378,Cranbury,152.0,0.0,0.0,152.0
2026-09-24,101004378,LA,482.0,0.0,0.0,482.0
2026-09-24,101004378,TRANSFER,37.0,0.0,0.0,0.0
2026-09-24,101005690,Chicago,398.0,0.0,0.0,398.0
2026-09-24,101005690,Cranbury,384.0,0.0,0.0,384.0
2026-09-24,101005690,LA,28546.0,0.0,480.0,28066.0
2026-09-24,101005690,Texas,2055.0,0.0,96.0,1959.0
2026-09-24,101006220,LA,228.0,0.0,0.0,228.0
2026-09-24,101006220,Texas,46.0,0.0,0.0,46.0
2026-09-24,101006320,LA,511.0,0.0,0.0,511.0
2026-09-24,101006714,Cranbury,10.0,0.0,0.0,10.0
2026-09-24,101006714,LA,4.0,0.0,0.0,4.0
2026-09-24,101006821,LA,1385.0,0.0,0.0,1385.0
2026-09-24,101006900,Cranbury,72.0,0.0,0.0,72.0
2026-09-24,101006900,LA,83.0,0.0,0.0,83.0
2026-09-24,101006964,LA,2291.0,0.0,0.0,2291.0
2026-09-24,101007028,LA,24.0,0.0,0.0,24.0
2026-09-24,101007029,LA,1014.0,0.0,14.0,1000.0
2026-09-24,101007065,TRANSFER,200.0,0.0,0.0,0.0
2026-09-24,101007073,Cranbury,216.0,0.0,0.0,216.0
2026-09-24,101007073,LA,2701.0,0.0,0.0,2701.0
2026-09-24,101007310,Cranbury,319.0,0.0,0.0,319.0
2026-09-24,101007310,LA,11648.0,0.0,0.0,11648.0
2026-09-24,101007351,LA,526936.0,0.0,975.0,525961.0
2026-09-24,101007391,Chicago,144.0,288.0,0.0,432.0
2026-09-24,101007391,Cranbury,7.0,0.0,0.0,7.0
2026-09-24,101007391,LA,3258.0,0.0,0.0,3258.0
2026-09-24,101007391,Texas,1296.0,0.0,0.0,1296.0
2026-09-24,101007394,Chicago,144.0,0.0,0.0,144.0
2026-09-24,101007394,Cranbury,304.0,0.0,0.0,304.0
2026-09-24,101007394,LA,2784.0,0.0,0.0,2784.0
2026-09-24,101007402,Chicago,144.0,0.0,0.0,144.0
2026-09-24,101007402,Cranbury,134.0,0.0,0.0,134.0
2026-09-24,101007402,LA,8693.0,0.0,0.0,8693.0
2026-09-24,101007594,Cranbury,80.0,0.0,0.0,80.0
2026-09-24,101007594,LA,5592.0,0.0,0.0,5592.0
2026-09-24,101007596,Cranbury,80.0,0.0,0.0,80.0
2026-09-24,101007596,LA,5748.0,0.0,0.0,5748.0
2026-09-24,101070017,Cranbury,96.0,0.0,0.0,96.0
2026-09-24,101070017,LA,4328.0,0.0,0.0,4328.0
2026-09-24,101070017,Texas,1920.0,0.0,0.0,1920.0
2026-09-24,101070024,LA,4791.0,0.0,0.0,4791.0
2026-09-24,101070040,Cranbury,20.0,0.0,0.0,20.0
2026-09-24,101070040,LA,6603.0,0.0,238.0,6365.0
2026-09-24,101070041,LA,8191.0,0.0,0.0,8191.0
2026-09-24,101070060,LA,4431.0,0.0,0.0,4431.0
2026-09-24,101070075,LA,7330.0,0.0,0.0,7330.0
2026-09-24,101070075,Texas,173.0,0.0,0.0,173.0
2026-09-24,101070079,Cranbury,1260.0,0.0,0.0,1260.0
2026-09-24,101070079,LA,7380.0,0.0,130.0,7250.0
2026-09-24,101070079,Texas,264.0,0.0,0.0,264.0
2026-09-24,101070085,LA,8.0,0.0,0.0,8.0
2026-09-24,101070097,Cranbury,176.0,0.0,0.0,176.0
2026-09-24,101070097,LA,194.0,0.0,172.0,22.0
2026-09-24,101070101,LA,415.0,0.0,0.0,415.0
2026-09-24,101070105,Chicago,216.0,0.0,0.0,216.0
2026-09-24,101070105,Cranbury,3240.0,0.0,0.0,3240.0
2026-09-24,101070105,LA,86692.0,25920.0,30053.0,82559.0
2026-09-24,101070105,Texas,14.0,0.0,0.0,14.0
2026-09-24,101070106,LA,286715.0,11088.0,17336.0,280467.0
2026-09-24,101070107,LA,297.0,0.0,0.0,297.0
2026-09-24,101070108,Chicago,0.0,742.0,0.0,742.0
2026-09-24,101070108,Cranbury,1869.0,0.0,0.0,1869.0
2026-09-24,101070108,LA,67147.0,0.0,360.0,66787.0
2026-09-24,101070109,LA,56784.0,0.0,165.0,56619.0
2026-09-24,101070110,Chicago,648.0,0.0,0.0,648.0
2026-09-24,101070110,LA,5945.0,0.0,648.0,5297.0
2026-09-24,101070110,Texas,23.0,0.0,0.0,23.0
2026-09-24,101070111,LA,2.0,0.0,0.0,2.0
2026-09-24,101070112,LA,85353.0,7614.0,12618.0,80349.0
2026-09-24,101070112,Texas,4075.0,0.0,0.0,4075.0
2026-09-24,101070115,Chicago,62.0,0.0,0.0,62.0
2026-09-24,101070115,Cranbury,107.0,0.0,0.0,107.0
2026-09-24,101070115,LA,8318.0,0.0,324.0,7994.0
2026-09-24,101070115,Texas,155.0,0.0,0.0,155.0
2026-09-24,101070116,Chicago,33.0,0.0,0.0,33.0
2026-09-24,101070116,Cranbury,219.0,0.0,0.0,219.0
2026-09-24,101070116,LA,13805.0,0.0,330.0,13475.0
2026-09-24,101070116,Texas,155.0,0.0,0.0,155.0
2026-09-24,101070117,Chicago,2.0,0.0,0.0,2.0
2026-09-24,101070117,Cranbury,134.0,0.0,0.0,134.0
2026-09-24,101070117,LA,10746.0,0.0,210.0,10536.0
2026-09-24,101070117,Texas,155.0,0.0,0.0,155.0
2026-09-24,101070118,Cranbury,64.0,0.0,0.0,64.0
2026-09-24,101070118,LA,8406.0,0.0,732.0,7674.0
2026-09-24,101070118,Texas,155.0,0.0,0.0,155.0
2026-09-24,101070119,LA,962.0,0.0,0.0,962.0
2026-09-24,101070127,LA,118281.0,1920.0,1920.0,118281.0
2026-09-24,101070129,Cranbury,85.0,0.0,85.0,0.0
2026-09-24,101070129,LA,27599.0,0.0,1005.0,26594.0
2026-09-24,101070130,Cranbury,85.0,0.0,85.0,0.0
2026-09-24,101070130,LA,28910.0,0.0,990.0,27920.0
2026-09-24,101070131,Cranbury,85.0,0.0,85.0,0.0
2026-09-24,101070131,LA,29806.0,0.0,990.0,28816.0
2026-09-24,101070132,LA,54.0,0.0,0.0,54.0
2026-09-24,101070134,Chicago,6524.0,0.0,0.0,6524.0
2026-09-24,101070134,Cranbury,16922.0,0.0,4104.0,12818.0
2026-09-24,101070134,LA,30242.0,7790.0,0.0,38032.0
2026-09-24,101070134,Texas,7312.0,0.0,192.0,7120.0
2026-09-24,101070135,Chicago,321.0,0.0,0.0,321.0
2026-09-24,101070135,Cranbury,800.0,0.0,0.0,800.0
2026-09-24,101070135,LA,4864.0,0.0,234.0,4630.0
2026-09-24,101070135,TRANSFER,3240.0,0.0,0.0,0.0
2026-09-24,101070135,Texas,516.0,0.0,72.0,444.0
2026-09-24,101070137,Chicago,285.0,0.0,0.0,285.0
2026-09-24,101070138,Chicago,285.0,0.0,0.0,285.0
2026-09-24,101070139,Chicago,285.0,0.0,0.0,285.0
2026-09-24,101070141,LA,48.0,0.0,0.0,48.0
2026-09-24,101070144,LA,0.0,180.0,0.0,180.0
2026-09-24,101070149,LA,68092.0,0.0,96.0,67996.0
2026-09-24,101070152,LA,6894.0,0.0,0.0,6894.0
2026-09-24,101070153,Chicago,692.0,26.0,75.0,643.0
2026-09-24,101070153,Cranbury,1612.0,0.0,270.0,1342.0
2026-09-24,101070153,LA,41461.0,0.0,1981.0,39480.0
2026-09-24,101070153,Texas,532.0,0.0,0.0,532.0
2026-09-24,101070154,Chicago,440.0,720.0,144.0,1016.0
2026-09-24,101070154,Cranbury,1898.0,576.0,0.0,2474.0
2026-09-24,101070154,LA,27553.0,0.0,2286.0,25267.0
2026-09-24,101070154,Texas,525.0,0.0,0.0,525.0
2026-09-24,101070155,Cranbury,2241.0,0.0,0.0,2241.0
2026-09-24,101070155,LA,33389.0,0.0,0.0,33389.0
2026-09-24,101070156,Chicago,720.0,720.0,306.0,1134.0
2026-09-24,101070156,Cranbury,4289.0,0.0,1638.0,2651.0
2026-09-24,101070156,LA,99771.0,0.0,4482.0,95289.0
2026-09-24,101070156,TRANSFER,63.0,0.0,0.0,0.0
2026-09-24,101070156,Texas,1864.0,0.0,63.0,1801.0
2026-09-24,101070157,LA,17293.0,12300.0,7971.0,21622.0
2026-09-24,101070158,Chicago,576.0,432.0,0.0,1008.0
2026-09-24,101070158,Cranbury,2121.0,0.0,846.0,1275.0
2026-09-24,101070158,LA,27921.0,0.0,1575.0,26346.0
2026-09-24,101070158,Texas,45.0,0.0,0.0,45.0
2026-09-24,101070161,Cranbury,1989.0,0.0,0.0,1989.0
2026-09-24,101070161,LA,89638.0,0.0,5940.0,83698.0
2026-09-24,101070162,Chicago,2334.0,0.0,288.0,2046.0
2026-09-24,101070162,Cranbury,6639.0,2880.0,1548.0,7971.0
2026-09-24,101070162,LA,67160.0,43004.0,29088.0,81076.0
2026-09-24,101070162,Texas,1238.0,0.0,189.0,1049.0
2026-09-24,101070163,LA,24458.0,5400.0,7296.0,22562.0
2026-09-24,101070164,Cranbury,1341.0,0.0,0.0,1341.0
2026-09-24,101070164,LA,73670.0,0.0,1773.0,71897.0
2026-09-24,101070165,Chicago,1927.0,576.0,0.0,2503.0
2026-09-24,101070165,Cranbury,2515.0,2160.0,1053.0,3622.0
2026-09-24,101070165,LA,77684.0,0.0,1503.0,76181.0
2026-09-24,101070165,Texas,548.0,0.0,0.0,548.0
2026-09-24,101070166,LA,12181.0,0.0,2863.0,9318.0
2026-09-24,101070167,Chicago,864.0,0.0,0.0,864.0
2026-09-24,101070167,LA,23252.0,0.0,0.0,23252.0
2026-09-24,101070167,Texas,576.0,0.0,0.0,576.0
2026-09-24,101070168,Chicago,976.0,1512.0,145.0,2343.0
2026-09-24,101070168,Cranbury,7951.0,0.0,684.0,7267.0
2026-09-24,101070168,LA,68499.0,3621.0,7455.0,64665.0
2026-09-24,101070168,Texas,3021.0,0.0,252.0,2769.0
2026-09-24,101070173,LA,8453.0,2549.0,5429.0,5573.0
2026-09-24,101070175,LA,87.0,0.0,0.0,87.0
2026-09-24,101070176,LA,7584.0,0.0,1440.0,6144.0
2026-09-24,101070177,LA,1455.0,0.0,0.0,1455.0
2026-09-24,101070178,LA,30.0,0.0,0.0,30.0
2026-09-24,101070179,LA,4798.0,46.0,2926.0,1918.0
2026-09-24,101070181,Cranbury,41.0,0.0,0.0,41.0
2026-09-24,101070181,LA,17622.0,0.0,432.0,17190.0
2026-09-24,101070182,Cranbury,41.0,0.0,0.0,41.0
2026-09-24,101070182,LA,17807.0,0.0,576.0,17231.0
2026-09-24,101070187,LA,4511.0,4752.0,378.0,8885.0
2026-09-24,101070188,LA,9360.0,8900.0,4509.0,13751.0
2026-09-24,101070191,LA,12114.0,8818.0,4860.0,16072.0
2026-09-24,101070192,Chicago,0.0,864.0,0.0,864.0
2026-09-24,101070192,Cranbury,2032.0,0.0,0.0,2032.0
2026-09-24,101070192,LA,36502.0,0.0,432.0,36070.0
2026-09-24,101070192,Texas,1080.0,0.0,0.0,1080.0
2026-09-24,101070193,LA,9489.0,2808.0,540.0,11757.0
2026-09-24,101070213,Cranbury,63.0,0.0,0.0,63.0
2026-09-24,101070213,LA,10576.0,0.0,1440.0,9136.0
2026-09-24,101070232,LA,718.0,0.0,0.0,718.0
2026-09-24,101070233,LA,656.0,0.0,0.0,656.0
2026-09-24,101070237,Cranbury,200.0,0.0,200.0,0.0
2026-09-24,101070237,LA,16104.0,0.0,384.0,15720.0
2026-09-24,102000276,Cranbury,25.0,0.0,0.0,25.0
2026-09-24,102000276,LA,106.0,400.0,0.0,506.0
2026-09-24,102000283,LA,698.0,0.0,0.0,698.0
2026-09-24,102000288,Cranbury,30.0,0.0,0.0,30.0
2026-09-24,102000288,LA,300.0,0.0,0.0,300.0
2026-09-24,102000305,LA,614.0,0.0,0.0,614.0
2026-09-24,102000382,Chicago,34.0,0.0,0.0,34.0
2026-09-24,102000382,LA,150.0,210.0,0.0,360.0
2026-09-24,102001162,Cranbury,30.0,0.0,0.0,30.0
2026-09-24,102001162,LA,512.0,200.0,0.0,712.0
2026-09-24,102001521,LA,793.0,200.0,0.0,993.0
2026-09-24,102001641,LA,333.0,300.0,0.0,633.0
2026-09-24,102001743,LA,407.0,200.0,0.0,607.0
2026-09-24,102001744,LA,1309.0,0.0,0.0,1309.0
2026-09-24,102002006,Cranbury,60.0,0.0,0.0,60.0
2026-09-24,102002006,LA,230.0,0.0,0.0,230.0
2026-09-24,102002009,LA,472.0,0.0,10.0,462.0
2026-09-24,102002018,Chicago,61.0,0.0,0.0,61.0
2026-09-24,102002018,Cranbury,60.0,0.0,0.0,60.0
2026-09-24,102002018,LA,604.0,0.0,10.0,594.0
2026-09-24,102002033,Cranbury,30.0,0.0,0.0,30.0
2026-09-24,102002033,LA,42.0,200.0,0.0,242.0
2026-09-24,102002036,Cranbury,30.0,0.0,0.0,30.0
2026-09-24,102002036,LA,71.0,300.0,0.0,371.0
2026-09-24,102002037,Cranbury,30.0,0.0,0.0,30.0
2026-09-24,102002037,LA,73.0,300.0,0.0,373.0
2026-09-24,102002069,Chicago,173.0,0.0,0.0,173.0
2026-09-24,102002069,LA,364.0,0.0,7.0,357.0
2026-09-24,102002140,LA,0.0,200.0,0.0,200.0
2026-09-24,102002181,Cranbury,30.0,0.0,0.0,30.0
2026-09-24,102002181,LA,713.0,0.0,0.0,713.0
2026-09-24,102002433,LA,4787.0,0.0,0.0,4787.0
2026-09-24,102002451,Cranbury,135.0,0.0,0.0,135.0
2026-09-24,102002451,LA,505.0,0.0,0.0,505.0
2026-09-24,102002453,Cranbury,142.0,0.0,0.0,142.0
2026-09-24,102002453,LA,0.0,1500.0,0.0,1500.0
2026-09-24,102002453,TRANSFER,294.0,0.0,0.0,0.0
2026-09-24,102002539,LA,2195.0,0.0,0.0,2195.0
2026-09-24,102002539,TRANSFER,60.0,0.0,0.0,0.0
2026-09-24,102002548,LA,1106.0,0.0,0.0,1106.0
2026-09-24,102002584,LA,2393.0,0.0,0.0,2393.0
2026-09-24,102002592,LA,2105.0,0.0,0.0,2105.0
2026-09-24,102002592,TRANSFER,348.0,0.0,0.0,0.0
2026-09-24,102002642,LA,2085.0,0.0,32.0,2053.0
2026-09-24,102002643,LA,7.0,0.0,0.0,7.0
2026-09-24,102002666,Cranbury,85.0,0.0,0.0,85.0
2026-09-24,102002666,LA,1181.0,0.0,0.0,1181.0
2026-09-24,102002666,TRANSFER,134.0,0.0,0.0,0.0
2026-09-24,102002730,Cranbury,240.0,0.0,60.0,180.0
2026-09-24,102002730,LA,6744.0,0.0,0.0,6744.0
2026-09-24,102002730,Texas,217.0,0.0,0.0,217.0
2026-09-24,102002731,Cranbury,120.0,0.0,0.0,120.0
2026-09-24,102002731,LA,9408.0,0.0,0.0,9408.0
2026-09-24,102002731,Texas,187.0,0.0,0.0,187.0
2026-09-24,102002753,Cranbury,11.0,0.0,0.0,11.0
2026-09-24,102002753,LA,21.0,0.0,0.0,21.0
2026-09-24,102002755,Cranbury,17.0,0.0,0.0,17.0
2026-09-24,102002755,LA,1972.0,0.0,96.0,1876.0
2026-09-24,102002772,Cranbury,33.0,0.0,0.0,33.0
2026-09-24,102002772,LA,9843.0,0.0,180.0,9663.0
2026-09-24,102002773,Cranbury,35.0,0.0,0.0,35.0
2026-09-24,102002773,LA,10568.0,0.0,180.0,10388.0
2026-09-24,102002774,Cranbury,35.0,0.0,0.0,35.0
2026-09-24,102002774,LA,6007.0,0.0,90.0,5917.0
2026-09-24,102002775,Cranbury,35.0,0.0,0.0,35.0
2026-09-24,102002775,LA,4664.0,0.0,180.0,4484.0
2026-09-24,102002780,LA,9499.0,0.0,0.0,9499.0
2026-09-24,102002784,LA,9500.0,0.0,0.0,9500.0
2026-09-24,102002785,LA,2300.0,0.0,106.0,2194.0
2026-09-24,901001955,Chicago,20.0,0.0,0.0,20.0
2026-09-24,901001955,LA,105.0,0.0,0.0,105.0
2026-09-24,901001956,Chicago,20.0,0.0,0.0,20.0
2026-09-24,901001956,LA,74.0,0.0,0.0,74.0
2026-09-24,901001956,Texas,15.0,0.0,0.0,15.0
2026-09-24,901001957,Chicago,20.0,0.0,0.0,20.0
2026-09-24,901001957,LA,18.0,0.0,0.0,18.0
2026-09-24,901001961,Chicago,42.0,0.0,0.0,42.0
2026-09-24,901001961,LA,38.0,0.0,0.0,38.0
2026-09-24,901001961,Texas,37.0,0.0,0.0,37.0
2026-09-24,901001964,Chicago,20.0,0.0,0.0,20.0
2026-09-24,901001964,LA,7.0,0.0,0.0,7.0
2026-09-24,901001964,Texas,15.0,0.0,0.0,15.0
2026-09-24,902000868,LA,35.0,0.0,0.0,35.0
2026-09-24,902070007,Cranbury,83.0,0.0,0.0,83.0
2026-09-24,902070007,LA,3717.0,0.0,108.0,3609.0
2026-09-24,903070001,LA,2692.0,0.0,100.0,2592.0
2026-09-25,101001911,LA,14466.0,0.0,0.0,14466.0
2026-09-25,101002188,Chicago,217.0,0.0,0.0,217.0
2026-09-25,101002188,Cranbury,210.0,0.0,0.0,210.0
2026-09-25,101002188,Texas,198.0,0.0,0.0,198.0
2026-09-25,101002379,LA,14974.0,0.0,0.0,14974.0
2026-09-25,101002381,Chicago,600.0,0.0,0.0,600.0
2026-09-25,101002381,Cranbury,147.0,0.0,0.0,147.0
2026-09-25,101002381,LA,3784.0,0.0,0.0,3784.0
2026-09-25,101002381,Texas,825.0,0.0,0.0,825.0
2026-09-25,101002402,Chicago,556.0,0.0,0.0,556.0
2026-09-25,101002402,Cranbury,194.0,0.0,0.0,194.0
2026-09-25,101002402,LA,10.0,0.0,0.0,10.0
2026-09-25,101002612,Chicago,1287.0,0.0,0.0,1287.0
2026-09-25,101002612,Cranbury,3485.0,0.0,0.0,3485.0
2026-09-25,101002612,LA,94095.0,13200.0,13200.0,94095.0
2026-09-25,101002612,Texas,3175.0,0.0,0.0,3175.0
2026-09-25,101002613,LA,4326.0,0.0,0.0,4326.0
2026-09-25,101002622,LA,32979.0,0.0,0.0,32979.0
2026-09-25,101002640,Chicago,108.0,0.0,0.0,108.0
2026-09-25,101002640,Cranbury,245.0,0.0,0.0,245.0
2026-09-25,101002640,LA,7316.0,0.0,0.0,7316.0
2026-09-25,101002640,Texas,156.0,288.0,0.0,444.0
2026-09-25,101002715,Chicago,960.0,0.0,0.0,960.0
2026-09-25,101002715,Cranbury,7105.0,0.0,0.0,7105.0
2026-09-25,101002715,LA,77532.0,0.0,0.0,77532.0
2026-09-25,101002715,Texas,817.0,0.0,0.0,817.0
2026-09-25,101002716,Cranbury,391.0,0.0,0.0,391.0
2026-09-25,101002716,LA,15194.0,0.0,0.0,15194.0
2026-09-25,101002716,Texas,809.0,0.0,0.0,809.0
2026-09-25,101002717,Chicago,98.0,0.0,0.0,98.0
2026-09-25,101002717,Cranbury,1359.0,0.0,0.0,1359.0
2026-09-25,101002717,LA,11891.0,34.0,34.0,11891.0
2026-09-25,101002717,Texas,38.0,180.0,0.0,218.0
2026-09-25,101002844,LA,1364.0,0.0,0.0,1364.0
2026-09-25,101002859,Chicago,1113.0,0.0,0.0,1113.0
2026-09-25,101002859,Cranbury,3180.0,0.0,0.0,3180.0
2026-09-25,101002859,LA,49121.0,0.0,0.0,49121.0
2026-09-25,101002859,Texas,927.0,792.0,0.0,1719.0
2026-09-25,101003015,Chicago,843.0,0.0,0.0,843.0
2026-09-25,101003015,Cranbury,864.0,0.0,0.0,864.0
2026-09-25,101003015,LA,18775.0,0.0,0.0,18775.0
2026-09-25,101003015,Texas,575.0,0.0,0.0,575.0
2026-09-25,101003028,LA,10878.0,0.0,0.0,10878.0
2026-09-25,101003118,LA,3329.0,0.0,0.0,3329.0
2026-09-25,101003119,LA,2092.0,0.0,0.0,2092.0
2026-09-25,101003122,LA,6217.0,0.0,0.0,6217.0
2026-09-25,101003133,LA,38906.0,0.0,0.0,38906.0
2026-09-25,101003133,TRANSFER,351.0,0.0,0.0,0.0
2026-09-25,101003207,LA,9441.0,0.0,0.0,9441.0
2026-09-25,101003241,Chicago,4101.0,0.0,0.0,4101.0
2026-09-25,101003241,Cranbury,8417.0,0.0,0.0,8417.0
2026-09-25,101003241,LA,132399.0,0.0,0.0,132399.0
2026-09-25,101003241,Texas,4832.0,0.0,0.0,4832.0
2026-09-25,101003242,LA,10856.0,0.0,0.0,10856.0
2026-09-25,101003282,LA,26.0,0.0,0.0,26.0
2026-09-25,101003282,TRANSFER,19.0,0.0,0.0,0.0
2026-09-25,101003282,Texas,382.0,0.0,0.0,382.0
2026-09-25,101003346,Chicago,155.0,0.0,0.0,155.0
2026-09-25,101003346,Cranbury,541.0,0.0,0.0,541.0
2026-09-25,101003346,LA,1.0,0.0,0.0,1.0
2026-09-25,101003346,Texas,814.0,0.0,0.0,814.0
2026-09-25,101003347,Chicago,1060.0,0.0,0.0,1060.0
2026-09-25,101003347,Cranbury,3047.0,0.0,0.0,3047.0
2026-09-25,101003347,LA,6693.0,43.0,43.0,6693.0
2026-09-25,101003347,Texas,1011.0,0.0,0.0,1011.0
2026-09-25,101003359,Chicago,1313.0,0.0,0.0,1313.0
2026-09-25,101003359,Cranbury,1973.0,0.0,0.0,1973.0
2026-09-25,101003359,LA,14538.0,0.0,0.0,14538.0
2026-09-25,101003359,Texas,279.0,90.0,0.0,369.0
2026-09-25,101003360,Chicago,1338.0,0.0,0.0,1338.0
2026-09-25,101003360,Cranbury,1470.0,0.0,0.0,1470.0
2026-09-25,101003360,LA,3335.0,0.0,0.0,3335.0
2026-09-25,101003449,LA,247.0,0.0,0.0,247.0
2026-09-25,101003457,LA,32600.0,0.0,0.0,32600.0
2026-09-25,101003648,LA,14685.0,0.0,3872.0,10813.0
2026-09-25,101003679,LA,449.0,0.0,0.0,449.0
2026-09-25,101003679,TRANSFER,23.0,0.0,0.0,0.0
2026-09-25,101003941,LA,27062.0,0.0,0.0,27062.0
2026-09-25,101004098,LA,297882.0,0.0,1536.0,296346.0
2026-09-25,101004125,LA,16057.0,0.0,135.0,15922.0
2026-09-25,101004141,Chicago,1590.0,0.0,0.0,1590.0
2026-09-25,101004141,Cranbury,2490.0,0.0,0.0,2490.0
2026-09-25,101004141,LA,20324.0,0.0,0.0,20324.0
2026-09-25,101004141,Texas,0.0,324.0,0.0,324.0
2026-09-25,101004148,LA,32720.0,5546.0,5546.0,32720.0
2026-09-25,101004157,LA,15.0,0.0,0.0,15.0
2026-09-25,101004174,Chicago,851.0,0.0,0.0,851.0
2026-09-25,101004174,Cranbury,4005.0,0.0,0.0,4005.0
2026-09-25,101004174,LA,21729.0,0.0,0.0,21729.0
2026-09-25,101004174,Texas,2378.0,0.0,0.0,2378.0
2026-09-25,101004183,Chicago,918.0,0.0,0.0,918.0
2026-09-25,101004183,Cranbury,720.0,0.0,0.0,720.0
2026-09-25,101004183,LA,6362.0,0.0,0.0,6362.0
2026-09-25,101004189,LA,2087.0,0.0,0.0,2087.0
2026-09-25,101004196,Cranbury,1248.0,0.0,0.0,1248.0
2026-09-25,101004196,LA,21961.0,0.0,480.0,21481.0
2026-09-25,101004196,TRANSFER,96.0,0.0,0.0,0.0
2026-09-25,101004214,LA,25648.0,0.0,0.0,25648.0
2026-09-25,101004220,LA,8078.0,0.0,0.0,8078.0
2026-09-25,101004224,Chicago,738.0,0.0,0.0,738.0
2026-09-25,101004224,Cranbury,8063.0,0.0,0.0,8063.0
2026-09-25,101004224,LA,147568.0,1728.0,1728.0,147568.0
2026-09-25,101004224,Texas,2662.0,0.0,0.0,2662.0
2026-09-25,101004226,LA,39.0,0.0,0.0,39.0
2026-09-25,101004227,LA,3843.0,0.0,0.0,3843.0
2026-09-25,101004229,Chicago,554.0,0.0,0.0,554.0
2026-09-25,101004229,Cranbury,418.0,0.0,0.0,418.0
2026-09-25,101004229,LA,13787.0,0.0,0.0,13787.0
2026-09-25,101004229,Texas,385.0,0.0,0.0,385.0
2026-09-25,101004230,Chicago,641.0,0.0,0.0,641.0
2026-09-25,101004230,Cranbury,565.0,0.0,0.0,565.0
2026-09-25,101004230,LA,4618.0,0.0,0.0,4618.0
2026-09-25,101004230,Texas,1302.0,0.0,0.0,1302.0
2026-09-25,101004233,Chicago,1122.0,0.0,0.0,1122.0
2026-09-25,101004233,Cranbury,463.0,0.0,0.0,463.0
2026-09-25,101004233,LA,64080.0,0.0,0.0,64080.0
2026-09-25,101004233,Texas,3044.0,0.0,0.0,3044.0
2026-09-25,101004240,LA,125.0,0.0,0.0,125.0
2026-09-25,101004245,Chicago,501.0,0.0,0.0,501.0
2026-09-25,101004245,Cranbury,17.0,0.0,0.0,17.0
2026-09-25,101004245,LA,9.0,0.0,0.0,9.0
2026-09-25,101004245,Texas,24.0,0.0,0.0,24.0
2026-09-25,101004246,LA,2482.0,0.0,0.0,2482.0
2026-09-25,101004256,LA,197.0,0.0,0.0,197.0
2026-09-25,101004257,Chicago,951.0,0.0,0.0,951.0
2026-09-25,101004257,Cranbury,1827.0,0.0,0.0,1827.0
2026-09-25,101004257,LA,28486.0,0.0,0.0,28486.0
2026-09-25,101004257,Texas,3553.0,0.0,0.0,3553.0
2026-09-25,101004261,Chicago,1311.0,0.0,0.0,1311.0
2026-09-25,101004261,Cranbury,2183.0,0.0,0.0,2183.0
2026-09-25,101004261,LA,22591.0,6611.0,6611.0,22591.0
2026-09-25,101004261,Texas,31.0,405.0,0.0,436.0
2026-09-25,101004262,LA,3255.0,0.0,0.0,3255.0
2026-09-25,101004378,Cranbury,152.0,0.0,0.0,152.0
2026-09-25,101004378,LA,482.0,0.0,0.0,482.0
2026-09-25,101004378,TRANSFER,37.0,0.0,0.0,0.0
2026-09-25,101005690,Chicago,398.0,0.0,0.0,398.0
2026-09-25,101005690,Cranbury,384.0,0.0,0.0,384.0
2026-09-25,101005690,LA,28008.0,0.0,0.0,28008.0
2026-09-25,101005690,Texas,1959.0,0.0,0.0,1959.0
2026-09-25,101006220,LA,228.0,0.0,0.0,228.0
2026-09-25,101006220,Texas,46.0,0.0,0.0,46.0
2026-09-25,101006320,LA,510.0,0.0,0.0,510.0
2026-09-25,101006714,Cranbury,10.0,0.0,0.0,10.0
2026-09-25,101006714,LA,4.0,0.0,0.0,4.0
2026-09-25,101006821,LA,1385.0,0.0,0.0,1385.0
2026-09-25,101006900,Cranbury,72.0,0.0,0.0,72.0
2026-09-25,101006900,LA,83.0,0.0,0.0,83.0
2026-09-25,101006964,LA,2291.0,0.0,0.0,2291.0
2026-09-25,101007028,LA,24.0,0.0,0.0,24.0
2026-09-25,101007029,LA,999.0,0.0,0.0,999.0
2026-09-25,101007065,TRANSFER,200.0,0.0,0.0,0.0
2026-09-25,101007073,Cranbury,216.0,0.0,0.0,216.0
2026-09-25,101007073,LA,2701.0,0.0,0.0,2701.0
2026-09-25,101007310,Cranbury,319.0,0.0,0.0,319.0
2026-09-25,101007310,LA,11648.0,0.0,0.0,11648.0
2026-09-25,101007351,LA,525961.0,0.0,0.0,525961.0
2026-09-25,101007391,Chicago,432.0,0.0,0.0,432.0
2026-09-25,101007391,Cranbury,7.0,0.0,0.0,7.0
2026-09-25,101007391,LA,3258.0,0.0,0.0,3258.0
2026-09-25,101007391,Texas,1296.0,0.0,0.0,1296.0
2026-09-25,101007394,Chicago,144.0,0.0,0.0,144.0
2026-09-25,101007394,Cranbury,304.0,0.0,0.0,304.0
2026-09-25,101007394,LA,2784.0,0.0,0.0,2784.0
2026-09-25,101007402,Chicago,144.0,0.0,0.0,144.0
2026-09-25,101007402,Cranbury,134.0,0.0,0.0,134.0
2026-09-25,101007402,LA,8693.0,0.0,0.0,8693.0
2026-09-25,101007594,Cranbury,80.0,0.0,0.0,80.0
2026-09-25,101007594,LA,5592.0,0.0,0.0,5592.0
2026-09-25,101007594,Texas,0.0,80.0,0.0,80.0
2026-09-25,101007596,Cranbury,80.0,0.0,0.0,80.0
2026-09-25,101007596,LA,5748.0,0.0,0.0,5748.0
2026-09-25,101007596,Texas,0.0,80.0,0.0,80.0
2026-09-25,101070017,Cranbury,96.0,0.0,0.0,96.0
2026-09-25,101070017,LA,4328.0,0.0,0.0,4328.0
2026-09-25,101070017,Texas,1920.0,0.0,0.0,1920.0
2026-09-25,101070024,LA,4791.0,0.0,0.0,4791.0
2026-09-25,101070040,Cranbury,20.0,0.0,0.0,20.0
2026-09-25,101070040,LA,6365.0,0.0,0.0,6365.0
2026-09-25,101070041,LA,8191.0,0.0,0.0,8191.0
2026-09-25,101070060,LA,4431.0,0.0,0.0,4431.0
2026-09-25,101070075,LA,7330.0,0.0,0.0,7330.0
2026-09-25,101070075,Texas,173.0,0.0,0.0,173.0
2026-09-25,101070079,Cranbury,1260.0,0.0,0.0,1260.0
2026-09-25,101070079,LA,7250.0,0.0,0.0,7250.0
2026-09-25,101070079,Texas,264.0,0.0,0.0,264.0
2026-09-25,101070085,LA,8.0,0.0,0.0,8.0
2026-09-25,101070097,Cranbury,176.0,0.0,0.0,176.0
2026-09-25,101070097,LA,22.0,0.0,0.0,22.0
2026-09-25,101070101,LA,415.0,0.0,0.0,415.0
2026-09-25,101070105,Chicago,216.0,0.0,0.0,216.0
2026-09-25,101070105,Cranbury,3240.0,0.0,0.0,3240.0
2026-09-25,101070105,LA,82367.0,7128.0,7128.0,82367.0
2026-09-25,101070105,Texas,14.0,0.0,0.0,14.0
2026-09-25,101070106,LA,280467.0,30.0,30.0,280467.0
2026-09-25,101070107,LA,297.0,0.0,0.0,297.0
2026-09-25,101070108,Chicago,742.0,0.0,0.0,742.0
2026-09-25,101070108,Cranbury,1869.0,0.0,0.0,1869.0
2026-09-25,101070108,LA,66739.0,0.0,0.0,66739.0
2026-09-25,101070109,LA,56619.0,0.0,0.0,56619.0
2026-09-25,101070110,Chicago,648.0,0.0,0.0,648.0
2026-09-25,101070110,LA,5246.0,0.0,0.0,5246.0
2026-09-25,101070110,Texas,23.0,0.0,0.0,23.0
2026-09-25,101070111,LA,2.0,0.0,0.0,2.0
2026-09-25,101070112,LA,80061.0,3564.0,3564.0,80061.0
2026-09-25,101070112,Texas,4075.0,0.0,0.0,4075.0
2026-09-25,101070115,Chicago,62.0,0.0,0.0,62.0
2026-09-25,101070115,Cranbury,107.0,0.0,0.0,107.0
2026-09-25,101070115,LA,7994.0,0.0,0.0,7994.0
2026-09-25,101070115,Texas,155.0,0.0,0.0,155.0
2026-09-25,101070116,Chicago,33.0,0.0,0.0,33.0
2026-09-25,101070116,Cranbury,219.0,0.0,0.0,219.0
2026-09-25,101070116,LA,13447.0,0.0,0.0,13447.0
2026-09-25,101070116,Texas,155.0,0.0,0.0,155.0
2026-09-25,101070117,Chicago,2.0,0.0,0.0,2.0
2026-09-25,101070117,Cranbury,134.0,0.0,0.0,134.0
2026-09-25,101070117,LA,10536.0,0.0,0.0,10536.0
2026-09-25,101070117,Texas,155.0,216.0,0.0,371.0
2026-09-25,101070118,Cranbury,64.0,0.0,0.0,64.0
2026-09-25,101070118,LA,7630.0,102.0,102.0,7630.0
2026-09-25,101070118,Texas,155.0,216.0,0.0,371.0
2026-09-25,101070119,LA,962.0,0.0,0.0,962.0
2026-09-25,101070127,LA,117481.0,640.0,2560.0,115561.0
2026-09-25,101070129,LA,26594.0,0.0,0.0,26594.0
2026-09-25,101070130,LA,27920.0,0.0,0.0,27920.0
2026-09-25,101070131,LA,28816.0,0.0,0.0,28816.0
2026-09-25,101070132,LA,54.0,0.0,0.0,54.0
2026-09-25,101070134,Chicago,6524.0,0.0,0.0,6524.0
2026-09-25,101070134,Cranbury,12818.0,6480.0,0.0,19298.0
2026-09-25,101070134,LA,42379.0,19440.0,19440.0,42379.0
2026-09-25,101070134,Texas,7120.0,0.0,0.0,7120.0
2026-09-25,101070135,Chicago,321.0,0.0,0.0,321.0
2026-09-25,101070135,Cranbury,800.0,0.0,0.0,800.0
2026-09-25,101070135,LA,4630.0,0.0,0.0,4630.0
2026-09-25,101070135,TRANSFER,3240.0,0.0,0.0,0.0
2026-09-25,101070135,Texas,444.0,0.0,0.0,444.0
2026-09-25,101070137,Chicago,285.0,0.0,0.0,285.0
2026-09-25,101070138,Chicago,285.0,0.0,0.0,285.0
2026-09-25,101070139,Chicago,285.0,0.0,0.0,285.0
2026-09-25,101070141,LA,48.0,0.0,0.0,48.0
2026-09-25,101070144,LA,180.0,0.0,0.0,180.0
2026-09-25,101070149,LA,67996.0,0.0,0.0,67996.0
2026-09-25,101070152,LA,6894.0,0.0,1728.0,5166.0
2026-09-25,101070153,Chicago,643.0,0.0,0.0,643.0
2026-09-25,101070153,Cranbury,1342.0,0.0,0.0,1342.0
2026-09-25,101070153,LA,39378.0,0.0,0.0,39378.0
2026-09-25,101070153,Texas,532.0,0.0,0.0,532.0
2026-09-25,101070154,Chicago,1016.0,0.0,0.0,1016.0
2026-09-25,101070154,Cranbury,2474.0,0.0,0.0,2474.0
2026-09-25,101070154,LA,25254.0,0.0,0.0,25254.0
2026-09-25,101070154,Texas,525.0,0.0,0.0,525.0
2026-09-25,101070155,Cranbury,2241.0,0.0,0.0,2241.0
2026-09-25,101070155,LA,33389.0,0.0,1728.0,31661.0
2026-09-25,101070156,Chicago,1134.0,0.0,0.0,1134.0
2026-09-25,101070156,Cranbury,2651.0,0.0,0.0,2651.0
2026-09-25,101070156,LA,103599.0,6306.0,3969.0,105936.0
2026-09-25,101070156,TRANSFER,63.0,0.0,0.0,0.0
2026-09-25,101070156,Texas,1801.0,0.0,0.0,1801.0
2026-09-25,101070157,LA,21622.0,0.0,0.0,21622.0
2026-09-25,101070158,Chicago,1008.0,0.0,0.0,1008.0
2026-09-25,101070158,Cranbury,1275.0,0.0,0.0,1275.0
2026-09-25,101070158,LA,27889.0,0.0,0.0,27889.0
2026-09-25,101070158,Texas,45.0,360.0,0.0,405.0
2026-09-25,101070161,Cranbury,1989.0,0.0,0.0,1989.0
2026-09-25,101070161,LA,82888.0,0.0,1728.0,81160.0
2026-09-25,101070162,Chicago,2046.0,0.0,0.0,2046.0
2026-09-25,101070162,Cranbury,7971.0,0.0,0.0,7971.0
2026-09-25,101070162,LA,84275.0,2548.0,4996.0,81827.0
2026-09-25,101070162,Texas,1049.0,288.0,0.0,1337.0
2026-09-25,101070163,LA,21392.0,0.0,1215.0,20177.0
2026-09-25,101070164,Cranbury,1341.0,0.0,0.0,1341.0
2026-09-25,101070164,LA,71357.0,0.0,1728.0,69629.0
2026-09-25,101070165,Chicago,2503.0,0.0,0.0,2503.0
2026-09-25,101070165,Cranbury,3622.0,0.0,0.0,3622.0
2026-09-25,101070165,LA,76181.0,0.0,0.0,76181.0
2026-09-25,101070165,Texas,548.0,0.0,0.0,548.0
2026-09-25,101070166,LA,9228.0,0.0,270.0,8958.0
2026-09-25,101070167,Chicago,864.0,0.0,0.0,864.0
2026-09-25,101070167,LA,23252.0,0.0,0.0,23252.0
2026-09-25,101070167,Texas,576.0,0.0,0.0,576.0
2026-09-25,101070168,Chicago,2343.0,0.0,0.0,2343.0
2026-09-25,101070168,Cranbury,7267.0,0.0,0.0,7267.0
2026-09-25,101070168,LA,64626.0,0.0,1872.0,62754.0
2026-09-25,101070168,Texas,2769.0,0.0,0.0,2769.0
2026-09-25,101070173,LA,1253.0,0.0,0.0,1253.0
2026-09-25,101070175,LA,8612.0,4233.0,4233.0,8612.0
2026-09-25,101070176,LA,6144.0,0.0,0.0,6144.0
2026-09-25,101070177,LA,1455.0,0.0,0.0,1455.0
2026-09-25,101070178,LA,30.0,0.0,0.0,30.0
2026-09-25,101070179,LA,1918.0,0.0,0.0,1918.0
2026-09-25,101070181,Cranbury,41.0,0.0,0.0,41.0
2026-09-25,101070181,LA,17190.0,0.0,0.0,17190.0
2026-09-25,101070181,Texas,0.0,432.0,0.0,432.0
2026-09-25,101070182,Cranbury,41.0,0.0,0.0,41.0
2026-09-25,101070182,LA,17231.0,0.0,0.0,17231.0
2026-09-25,101070182,Texas,0.0,432.0,0.0,432.0
2026-09-25,101070187,LA,10023.0,0.0,0.0,10023.0
2026-09-25,101070188,LA,13059.0,0.0,0.0,13059.0
2026-09-25,101070191,LA,16045.0,0.0,0.0,16045.0
2026-09-25,101070192,Chicago,864.0,0.0,0.0,864.0
2026-09-25,101070192,Cranbury,2032.0,0.0,0.0,2032.0
2026-09-25,101070192,LA,36059.0,0.0,0.0,36059.0
2026-09-25,101070192,Texas,1080.0,648.0,0.0,1728.0
2026-09-25,101070193,LA,24710.0,2256.0,0.0,26966.0
2026-09-25,101070213,Cranbury,63.0,0.0,0.0,63.0
2026-09-25,101070213,LA,9063.0,0.0,0.0,9063.0
2026-09-25,101070232,LA,718.0,0.0,0.0,718.0
2026-09-25,101070233,LA,656.0,0.0,0.0,656.0
2026-09-25,101070237,LA,26170.0,3888.0,7488.0,22570.0
2026-09-25,102000276,Cranbury,25.0,0.0,0.0,25.0
2026-09-25,102000276,LA,506.0,0.0,0.0,506.0
2026-09-25,102000283,LA,698.0,0.0,0.0,698.0
2026-09-25,102000283,Texas,0.0,80.0,0.0,80.0
2026-09-25,102000288,Cranbury,30.0,0.0,0.0,30.0
2026-09-25,102000288,LA,300.0,0.0,0.0,300.0
2026-09-25,102000305,LA,614.0,0.0,0.0,614.0
2026-09-25,102000382,Chicago,34.0,0.0,0.0,34.0
2026-09-25,102000382,LA,360.0,0.0,0.0,360.0
2026-09-25,102001162,Cranbury,30.0,0.0,0.0,30.0
2026-09-25,102001162,LA,712.0,0.0,0.0,712.0
2026-09-25,102001521,LA,993.0,0.0,0.0,993.0
2026-09-25,102001641,LA,633.0,0.0,0.0,633.0
2026-09-25,102001743,LA,607.0,0.0,0.0,607.0
2026-09-25,102001744,LA,1309.0,0.0,0.0,1309.0
2026-09-25,102002006,Cranbury,60.0,0.0,0.0,60.0
2026-09-25,102002006,LA,230.0,0.0,0.0,230.0
2026-09-25,102002009,LA,462.0,0.0,0.0,462.0
2026-09-25,102002018,Chicago,61.0,0.0,0.0,61.0
2026-09-25,102002018,Cranbury,60.0,0.0,0.0,60.0
2026-09-25,102002018,LA,594.0,0.0,0.0,594.0
2026-09-25,102002033,Cranbury,30.0,0.0,0.0,30.0
2026-09-25,102002033,LA,242.0,0.0,0.0,242.0
2026-09-25,102002036,Cranbury,30.0,0.0,0.0,30.0
2026-09-25,102002036,LA,371.0,0.0,0.0,371.0
2026-09-25,102002037,Cranbury,30.0,0.0,0.0,30.0
2026-09-25,102002037,LA,373.0,0.0,0.0,373.0
2026-09-25,102002069,Chicago,173.0,0.0,0.0,173.0
2026-09-25,102002069,LA,357.0,0.0,0.0,357.0
2026-09-25,102002140,LA,200.0,0.0,0.0,200.0
2026-09-25,102002181,Cranbury,30.0,0.0,0.0,30.0
2026-09-25,102002181,LA,713.0,0.0,0.0,713.0
2026-09-25,102002433,LA,4775.0,0.0,0.0,4775.0
2026-09-25,102002451,Cranbury,135.0,0.0,0.0,135.0
2026-09-25,102002451,LA,505.0,0.0,0.0,505.0
2026-09-25,102002453,Cranbury,142.0,0.0,0.0,142.0
2026-09-25,102002453,LA,1500.0,0.0,0.0,1500.0
2026-09-25,102002453,TRANSFER,294.0,0.0,0.0,0.0
2026-09-25,102002539,LA,2195.0,0.0,0.0,2195.0
2026-09-25,102002539,TRANSFER,60.0,0.0,0.0,0.0
2026-09-25,102002548,LA,1106.0,0.0,0.0,1106.0
2026-09-25,102002584,LA,2393.0,0.0,0.0,2393.0
2026-09-25,102002592,LA,2105.0,0.0,0.0,2105.0
2026-09-25,102002592,TRANSFER,348.0,0.0,0.0,0.0
2026-09-25,102002642,LA,2047.0,0.0,0.0,2047.0
2026-09-25,102002643,LA,7.0,0.0,0.0,7.0
2026-09-25,102002666,Cranbury,85.0,0.0,0.0,85.0
2026-09-25,102002666,LA,1181.0,0.0,0.0,1181.0
2026-09-25,102002666,TRANSFER,134.0,0.0,0.0,0.0
2026-09-25,102002730,Cranbury,180.0,0.0,0.0,180.0
2026-09-25,102002730,LA,6744.0,0.0,0.0,6744.0
2026-09-25,102002730,Texas,217.0,0.0,0.0,217.0
2026-09-25,102002731,Cranbury,120.0,0.0,0.0,120.0
2026-09-25,102002731,LA,9408.0,0.0,0.0,9408.0
2026-09-25,102002731,Texas,187.0,0.0,0.0,187.0
2026-09-25,102002753,Cranbury,11.0,0.0,0.0,11.0
2026-09-25,102002753,LA,21.0,0.0,0.0,21.0
2026-09-25,102002755,Cranbury,17.0,0.0,0.0,17.0
2026-09-25,102002755,LA,1876.0,0.0,0.0,1876.0
2026-09-25,102002772,Cranbury,33.0,0.0,0.0,33.0
2026-09-25,102002772,LA,9663.0,0.0,0.0,9663.0
2026-09-25,102002773,Cranbury,35.0,0.0,0.0,35.0
2026-09-25,102002773,LA,10388.0,0.0,0.0,10388.0
2026-09-25,102002774,Cranbury,35.0,0.0,0.0,35.0
2026-09-25,102002774,LA,5917.0,0.0,0.0,5917.0
2026-09-25,102002775,Cranbury,35.0,0.0,0.0,35.0
2026-09-25,102002775,LA,4484.0,0.0,0.0,4484.0
2026-09-25,102002780,LA,9499.0,0.0,0.0,9499.0
2026-09-25,102002784,LA,9500.0,0.0,0.0,9500.0
2026-09-25,102002785,LA,2194.0,0.0,0.0,2194.0
2026-09-25,901001955,Chicago,20.0,0.0,0.0,20.0
2026-09-25,901001955,LA,105.0,0.0,0.0,105.0
2026-09-25,901001956,Chicago,20.0,0.0,0.0,20.0
2026-09-25,901001956,LA,74.0,0.0,0.0,74.0
2026-09-25,901001956,Texas,15.0,0.0,0.0,15.0
2026-09-25,901001957,Chicago,20.0,0.0,0.0,20.0
2026-09-25,901001957,LA,18.0,0.0,0.0,18.0
2026-09-25,901001961,Chicago,42.0,0.0,0.0,42.0
2026-09-25,901001961,LA,38.0,0.0,0.0,38.0
2026-09-25,901001961,Texas,37.0,0.0,0.0,37.0
2026-09-25,901001964,Chicago,20.0,0.0,0.0,20.0
2026-09-25,901001964,LA,7.0,0.0,0.0,7.0
2026-09-25,901001964,Texas,15.0,0.0,0.0,15.0
2026-09-25,902000868,LA,35.0,0.0,0.0,35.0
2026-09-25,902070007,Cranbury,83.0,0.0,0.0,83.0
2026-09-25,902070007,LA,3609.0,0.0,0.0,3609.0
2026-09-25,903070001,LA,2592.0,0.0,0.0,2592.0
2026-09-22,101001911,LA,14565.0,0.0,0.0,14565.0
2026-09-22,101002188,Chicago,118.0,0.0,0.0,118.0
2026-09-22,101002188,Cranbury,462.0,0.0,0.0,462.0
2026-09-22,101002188,Texas,198.0,0.0,0.0,198.0
2026-09-22,101002379,LA,16359.0,6455.0,3840.0,18974.0
2026-09-22,101002381,Cranbury,150.0,0.0,3.0,147.0
2026-09-22,101002381,LA,334.0,5100.0,2550.0,2884.0
2026-09-22,101002381,Texas,975.0,0.0,0.0,975.0
2026-09-22,101002402,Chicago,631.0,0.0,0.0,631.0
2026-09-22,101002402,Cranbury,320.0,0.0,0.0,320.0
2026-09-22,101002402,LA,10.0,0.0,0.0,10.0
2026-09-22,101002612,Chicago,1287.0,0.0,0.0,1287.0
2026-09-22,101002612,Cranbury,3785.0,0.0,0.0,3785.0
2026-09-22,101002612,LA,97995.0,0.0,0.0,97995.0
2026-09-22,101002612,Texas,4075.0,0.0,300.0,3775.0
2026-09-22,101002613,LA,68.0,0.0,0.0,68.0
2026-09-22,101002622,LA,31234.0,240.0,1120.0,30354.0
2026-09-22,101002640,Chicago,108.0,0.0,0.0,108.0
2026-09-22,101002640,Cranbury,250.0,0.0,5.0,245.0
2026-09-22,101002640,LA,9975.0,0.0,1503.0,8472.0
2026-09-22,101002640,Texas,516.0,0.0,108.0,408.0
2026-09-22,101002715,Chicago,960.0,0.0,0.0,960.0
2026-09-22,101002715,Cranbury,10625.0,0.0,2840.0,7785.0
2026-09-22,101002715,LA,65004.0,47248.0,32400.0,79852.0
2026-09-22,101002715,Texas,817.0,0.0,0.0,817.0
2026-09-22,101002716,Cranbury,1039.0,0.0,324.0,715.0
2026-09-22,101002716,LA,15518.0,0.0,0.0,15518.0
2026-09-22,101002716,Texas,809.0,0.0,0.0,809.0
2026-09-22,101002717,Chicago,98.0,0.0,0.0,98.0
2026-09-22,101002717,Cranbury,2079.0,0.0,360.0,1719.0
2026-09-22,101002717,LA,12591.0,0.0,0.0,12591.0
2026-09-22,101002717,Texas,38.0,0.0,0.0,38.0
2026-09-22,101002844,LA,987.0,0.0,144.0,843.0
2026-09-22,101002859,Chicago,1293.0,0.0,0.0,1293.0
2026-09-22,101002859,Cranbury,2625.0,0.0,165.0,2460.0
2026-09-22,101002859,LA,32563.0,14489.0,12.0,47040.0
2026-09-22,101002859,Texas,1752.0,0.0,330.0,1422.0
2026-09-22,101003015,Chicago,843.0,0.0,0.0,843.0
2026-09-22,101003015,Cranbury,1440.0,0.0,288.0,1152.0
2026-09-22,101003015,LA,19063.0,0.0,0.0,19063.0
2026-09-22,101003015,Texas,575.0,0.0,0.0,575.0
2026-09-22,101003028,LA,10878.0,7340.0,7340.0,10878.0
2026-09-22,101003118,LA,3329.0,0.0,0.0,3329.0
2026-09-22,101003119,LA,7492.0,0.0,0.0,7492.0
2026-09-22,101003122,LA,17017.0,5954.0,11354.0,11617.0
2026-09-22,101003133,LA,38906.0,0.0,0.0,38906.0
2026-09-22,101003133,TRANSFER,351.0,0.0,0.0,0.0
2026-09-22,101003133,Texas,351.0,0.0,0.0,351.0
2026-09-22,101003207,LA,9441.0,0.0,0.0,9441.0
2026-09-22,101003241,Chicago,5591.0,0.0,0.0,5591.0
2026-09-22,101003241,Cranbury,9962.0,0.0,360.0,9602.0
2026-09-22,101003241,LA,143529.0,0.0,0.0,143529.0
2026-09-22,101003241,Texas,10937.0,0.0,825.0,10112.0
2026-09-22,101003242,LA,10856.0,0.0,0.0,10856.0
2026-09-22,101003282,LA,26.0,0.0,0.0,26.0
2026-09-22,101003282,TRANSFER,19.0,0.0,0.0,0.0
2026-09-22,101003282,Texas,454.0,0.0,36.0,418.0
2026-09-22,101003346,Chicago,155.0,0.0,0.0,155.0
2026-09-22,101003346,Cranbury,565.0,0.0,24.0,541.0
2026-09-22,101003346,LA,1.0,0.0,0.0,1.0
2026-09-22,101003346,Texas,814.0,0.0,0.0,814.0
2026-09-22,101003347,Chicago,412.0,0.0,0.0,412.0
2026-09-22,101003347,Cranbury,2015.0,0.0,0.0,2015.0
2026-09-22,101003347,LA,10941.0,0.0,576.0,10365.0
2026-09-22,101003347,Texas,1107.0,0.0,0.0,1107.0
2026-09-22,101003359,Chicago,1313.0,0.0,0.0,1313.0
2026-09-22,101003359,Cranbury,1973.0,0.0,0.0,1973.0
2026-09-22,101003359,LA,993.0,0.0,0.0,993.0
2026-09-22,101003359,Texas,279.0,0.0,0.0,279.0
2026-09-22,101003360,Chicago,1338.0,0.0,0.0,1338.0
2026-09-22,101003360,Cranbury,1470.0,0.0,0.0,1470.0
2026-09-22,101003360,LA,4426.0,0.0,0.0,4426.0
2026-09-22,101003449,LA,247.0,0.0,0.0,247.0
2026-09-22,101003457,LA,32600.0,0.0,0.0,32600.0
2026-09-22,101003648,LA,37389.0,0.0,4576.0,32813.0
2026-09-22,101003679,LA,449.0,0.0,0.0,449.0
2026-09-22,101003679,TRANSFER,23.0,0.0,0.0,0.0
2026-09-22,101003941,LA,0.0,5270.0,0.0,5270.0
2026-09-22,101004098,LA,261258.0,81800.0,52320.0,290738.0
2026-09-22,101004125,LA,18282.0,900.0,1440.0,17742.0
2026-09-22,101004141,Chicago,1640.0,0.0,0.0,1640.0
2026-09-22,101004141,Cranbury,1518.0,0.0,0.0,1518.0
2026-09-22,101004141,LA,22592.0,0.0,432.0,22160.0
2026-09-22,101004148,LA,5766.0,0.0,0.0,5766.0
2026-09-22,101004157,LA,15.0,0.0,0.0,15.0
2026-09-22,101004174,Chicago,1751.0,0.0,0.0,1751.0
2026-09-22,101004174,Cranbury,3585.0,0.0,165.0,3420.0
2026-09-22,101004174,LA,22794.0,0.0,0.0,22794.0
2026-09-22,101004174,Texas,3203.0,0.0,330.0,2873.0
2026-09-22,101004183,Chicago,918.0,0.0,0.0,918.0
2026-09-22,101004183,Cranbury,720.0,0.0,0.0,720.0
2026-09-22,101004183,LA,6587.0,0.0,0.0,6587.0
2026-09-22,101004189,LA,2087.0,0.0,0.0,2087.0
2026-09-22,101004196,Cranbury,1440.0,0.0,192.0,1248.0
2026-09-22,101004196,LA,23785.0,0.0,0.0,23785.0
2026-09-22,101004196,TRANSFER,96.0,0.0,0.0,0.0
2026-09-22,101004196,Texas,96.0,0.0,0.0,96.0
2026-09-22,101004214,LA,25648.0,0.0,0.0,25648.0
2026-09-22,101004220,LA,8078.0,0.0,0.0,8078.0
2026-09-22,101004224,Chicago,90.0,0.0,0.0,90.0
2026-09-22,101004224,Cranbury,3095.0,6480.0,864.0,8711.0
2026-09-22,101004224,LA,153050.0,0.0,0.0,153050.0
2026-09-22,101004224,Texas,2662.0,0.0,0.0,2662.0
2026-09-22,101004226,LA,39.0,0.0,0.0,39.0
2026-09-22,101004227,LA,3843.0,2871.0,2871.0,3843.0
2026-09-22,101004229,Chicago,554.0,0.0,0.0,554.0
2026-09-22,101004229,Cranbury,436.0,0.0,18.0,418.0
2026-09-22,101004229,LA,10168.0,6027.0,720.0,15475.0
2026-09-22,101004229,Texas,457.0,0.0,0.0,457.0
2026-09-22,101004230,Chicago,641.0,0.0,0.0,641.0
2026-09-22,101004230,Cranbury,619.0,0.0,54.0,565.0
2026-09-22,101004230,LA,14621.0,9711.0,7725.0,16607.0
2026-09-22,101004230,Texas,1734.0,0.0,144.0,1590.0
2026-09-22,101004233,Chicago,354.0,0.0,0.0,354.0
2026-09-22,101004233,Cranbury,1423.0,0.0,1344.0,79.0
2026-09-22,101004233,LA,68511.0,160.0,256.0,68415.0
2026-09-22,101004233,Texas,3812.0,0.0,288.0,3524.0
2026-09-22,101004240,LA,125.0,0.0,0.0,125.0
2026-09-22,101004245,Chicago,501.0,0.0,0.0,501.0
2026-09-22,101004245,Cranbury,17.0,0.0,0.0,17.0
2026-09-22,101004245,LA,9.0,0.0,0.0,9.0
2026-09-22,101004245,Texas,24.0,0.0,0.0,24.0
2026-09-22,101004246,LA,2482.0,0.0,0.0,2482.0
2026-09-22,101004256,LA,197.0,0.0,0.0,197.0
2026-09-22,101004257,Chicago,951.0,0.0,0.0,951.0
2026-09-22,101004257,Cranbury,2115.0,0.0,384.0,1731.0
2026-09-22,101004257,LA,37134.0,0.0,1920.0,35214.0
2026-09-22,101004257,Texas,4225.0,0.0,288.0,3937.0
2026-09-22,101004261,Chicago,663.0,0.0,0.0,663.0
2026-09-22,101004261,Cranbury,3974.0,1296.0,621.0,4649.0
2026-09-22,101004261,LA,23783.0,710.0,0.0,24493.0
2026-09-22,101004261,Texas,1255.0,0.0,360.0,895.0
2026-09-22,101004262,LA,3255.0,0.0,0.0,3255.0
2026-09-22,101004378,Cranbury,152.0,0.0,0.0,152.0
2026-09-22,101004378,LA,482.0,0.0,0.0,482.0
2026-09-22,101004378,TRANSFER,37.0,0.0,0.0,0.0
2026-09-22,101005690,Chicago,398.0,0.0,0.0,398.0
2026-09-22,101005690,Cranbury,384.0,0.0,0.0,384.0
2026-09-22,101005690,LA,30370.0,0.0,384.0,29986.0
2026-09-22,101005690,Texas,2439.0,0.0,192.0,2247.0
2026-09-22,101006220,LA,228.0,0.0,0.0,228.0
2026-09-22,101006220,Texas,478.0,0.0,432.0,46.0
2026-09-22,101006320,LA,511.0,0.0,0.0,511.0
2026-09-22,101006714,Cranbury,18.0,0.0,8.0,10.0
2026-09-22,101006714,LA,4.0,0.0,0.0,4.0
2026-09-22,101006821,LA,1385.0,0.0,0.0,1385.0
2026-09-22,101006900,Cranbury,72.0,0.0,0.0,72.0
2026-09-22,101006900,LA,83.0,0.0,0.0,83.0
2026-09-22,101006964,LA,2291.0,0.0,0.0,2291.0
2026-09-22,101007028,LA,24.0,0.0,0.0,24.0
2026-09-22,101007029,LA,1014.0,0.0,0.0,1014.0
2026-09-22,101007065,TRANSFER,200.0,0.0,0.0,0.0
2026-09-22,101007073,Cranbury,216.0,0.0,0.0,216.0
2026-09-22,101007073,LA,2701.0,0.0,0.0,2701.0
2026-09-22,101007310,Cranbury,329.0,0.0,10.0,319.0
2026-09-22,101007310,LA,11648.0,0.0,0.0,11648.0
2026-09-22,101007351,LA,531575.0,13386.0,11950.0,533011.0
2026-09-22,101007391,Chicago,144.0,0.0,0.0,144.0
2026-09-22,101007391,Cranbury,16.0,0.0,9.0,7.0
2026-09-22,101007391,LA,3258.0,0.0,0.0,3258.0
2026-09-22,101007391,Texas,1296.0,0.0,0.0,1296.0
2026-09-22,101007394,Chicago,144.0,0.0,0.0,144.0
2026-09-22,101007394,Cranbury,316.0,0.0,12.0,304.0
2026-09-22,101007394,LA,2784.0,0.0,0.0,2784.0
2026-09-22,101007402,Chicago,144.0,0.0,0.0,144.0
2026-09-22,101007402,Cranbury,139.0,0.0,5.0,134.0
2026-09-22,101007402,LA,8693.0,0.0,0.0,8693.0
2026-09-22,101007594,Cranbury,80.0,0.0,0.0,80.0
2026-09-22,101007594,LA,5672.0,0.0,0.0,5672.0
2026-09-22,101007596,Cranbury,80.0,0.0,0.0,80.0
2026-09-22,101007596,LA,5908.0,0.0,0.0,5908.0
2026-09-22,101070017,Cranbury,96.0,0.0,0.0,96.0
2026-09-22,101070017,LA,4712.0,4608.0,4608.0,4712.0
2026-09-22,101070017,Texas,1920.0,0.0,0.0,1920.0
2026-09-22,101070024,LA,4791.0,0.0,0.0,4791.0
2026-09-22,101070040,Cranbury,20.0,0.0,0.0,20.0
2026-09-22,101070040,LA,6603.0,0.0,0.0,6603.0
2026-09-22,101070041,LA,8191.0,0.0,0.0,8191.0
2026-09-22,101070060,LA,4431.0,0.0,0.0,4431.0
2026-09-22,101070075,LA,7330.0,0.0,0.0,7330.0
2026-09-22,101070075,Texas,173.0,0.0,0.0,173.0
2026-09-22,101070079,Cranbury,1260.0,0.0,0.0,1260.0
2026-09-22,101070079,LA,7380.0,0.0,0.0,7380.0
2026-09-22,101070079,Texas,264.0,0.0,0.0,264.0
2026-09-22,101070085,LA,8.0,0.0,0.0,8.0
2026-09-22,101070097,Cranbury,188.0,0.0,12.0,176.0
2026-09-22,101070097,LA,194.0,0.0,0.0,194.0
2026-09-22,101070101,LA,415.0,0.0,0.0,415.0
2026-09-22,101070105,Chicago,216.0,0.0,0.0,216.0
2026-09-22,101070105,Cranbury,3240.0,0.0,0.0,3240.0
2026-09-22,101070105,LA,90196.0,19440.0,15168.0,94468.0
2026-09-22,101070105,Texas,686.0,0.0,0.0,686.0
2026-09-22,101070106,LA,253122.0,40668.0,18656.0,275134.0
2026-09-22,101070107,LA,809.0,0.0,0.0,809.0
2026-09-22,101070108,Cranbury,1869.0,0.0,0.0,1869.0
2026-09-22,101070108,LA,67467.0,0.0,160.0,67307.0
2026-09-22,101070109,LA,56964.0,0.0,0.0,56964.0
2026-09-22,101070110,Chicago,648.0,0.0,0.0,648.0
2026-09-22,101070110,LA,6746.0,0.0,504.0,6242.0
2026-09-22,101070110,Texas,23.0,0.0,0.0,23.0
2026-09-22,101070111,LA,2.0,0.0,0.0,2.0
2026-09-22,101070112,LA,80723.0,10570.0,3906.0,87387.0
2026-09-22,101070112,Texas,25.0,0.0,0.0,25.0
2026-09-22,101070115,Chicago,62.0,0.0,0.0,62.0
2026-09-22,101070115,Cranbury,131.0,0.0,24.0,107.0
2026-09-22,101070115,LA,8318.0,0.0,0.0,8318.0
2026-09-22,101070115,Texas,155.0,0.0,0.0,155.0
2026-09-22,101070116,Chicago,33.0,0.0,0.0,33.0
2026-09-22,101070116,Cranbury,243.0,0.0,24.0,219.0
2026-09-22,101070116,LA,13805.0,0.0,0.0,13805.0
2026-09-22,101070116,Texas,155.0,0.0,0.0,155.0
2026-09-22,101070117,Chicago,2.0,0.0,0.0,2.0
2026-09-22,101070117,Cranbury,158.0,0.0,24.0,134.0
2026-09-22,101070117,LA,10962.0,0.0,0.0,10962.0
2026-09-22,101070117,Texas,155.0,0.0,0.0,155.0
2026-09-22,101070118,Cranbury,88.0,0.0,24.0,64.0
2026-09-22,101070118,LA,8718.0,0.0,0.0,8718.0
2026-09-22,101070118,Texas,155.0,0.0,0.0,155.0
2026-09-22,101070119,LA,962.0,0.0,0.0,962.0
2026-09-22,101070127,LA,124681.0,2880.0,6400.0,121161.0
2026-09-22,101070129,Cranbury,85.0,0.0,0.0,85.0
2026-09-22,101070129,LA,27599.0,0.0,0.0,27599.0
2026-09-22,101070130,Cranbury,85.0,0.0,0.0,85.0
2026-09-22,101070130,LA,28910.0,0.0,0.0,28910.0
2026-09-22,101070131,Cranbury,85.0,0.0,0.0,85.0
2026-09-22,101070131,LA,29806.0,0.0,0.0,29806.0
2026-09-22,101070132,LA,54.0,0.0,0.0,54.0
2026-09-22,101070134,Chicago,6524.0,0.0,0.0,6524.0
2026-09-22,101070134,Cranbury,5690.0,4752.0,0.0,10442.0
2026-09-22,101070134,LA,40516.0,2160.0,21600.0,21076.0
2026-09-22,101070134,Texas,7984.0,0.0,672.0,7312.0
2026-09-22,101070135,Chicago,321.0,0.0,0.0,321.0
2026-09-22,101070135,Cranbury,836.0,0.0,36.0,800.0
2026-09-22,101070135,LA,4873.0,0.0,0.0,4873.0
2026-09-22,101070135,TRANSFER,3240.0,0.0,0.0,0.0
2026-09-22,101070135,Texas,3828.0,0.0,72.0,3756.0
2026-09-22,101070137,Chicago,285.0,0.0,0.0,285.0
2026-09-22,101070138,Chicago,285.0,0.0,0.0,285.0
2026-09-22,101070139,Chicago,285.0,0.0,0.0,285.0
2026-09-22,101070141,LA,48.0,0.0,0.0,48.0
2026-09-22,101070149,LA,68092.0,0.0,0.0,68092.0
2026-09-22,101070152,LA,10350.0,0.0,0.0,10350.0
2026-09-22,101070153,Chicago,692.0,0.0,0.0,692.0
2026-09-22,101070153,Cranbury,1990.0,0.0,189.0,1801.0
2026-09-22,101070153,LA,42712.0,0.0,315.0,42397.0
2026-09-22,101070153,Texas,532.0,0.0,0.0,532.0
2026-09-22,101070154,Chicago,440.0,0.0,0.0,440.0
2026-09-22,101070154,Cranbury,2798.0,0.0,315.0,2483.0
2026-09-22,101070154,LA,24392.0,18263.0,15084.0,27571.0
2026-09-22,101070154,Texas,525.0,0.0,0.0,525.0
2026-09-22,101070155,Cranbury,2241.0,0.0,0.0,2241.0
2026-09-22,101070155,LA,36640.0,0.0,0.0,36640.0
2026-09-22,101070156,Chicago,720.0,0.0,0.0,720.0
2026-09-22,101070156,Cranbury,5702.0,0.0,747.0,4955.0
2026-09-22,101070156,LA,102462.0,0.0,189.0,102273.0
2026-09-22,101070156,TRANSFER,63.0,0.0,0.0,0.0
2026-09-22,101070156,Texas,2557.0,0.0,126.0,2431.0
2026-09-22,101070157,LA,16810.0,2499.0,0.0,19309.0
2026-09-22,101070158,Chicago,576.0,0.0,0.0,576.0
2026-09-22,101070158,Cranbury,2958.0,0.0,252.0,2706.0
2026-09-22,101070158,LA,28992.0,0.0,126.0,28866.0
2026-09-22,101070158,Texas,45.0,0.0,0.0,45.0
2026-09-22,101070161,Cranbury,1989.0,0.0,0.0,1989.0
2026-09-22,101070161,LA,97651.0,16065.0,17550.0,96166.0
2026-09-22,101070162,Chicago,2334.0,0.0,0.0,2334.0
2026-09-22,101070162,Cranbury,8331.0,0.0,522.0,7809.0
2026-09-22,101070162,LA,39355.0,0.0,63.0,39292.0
2026-09-22,101070162,Texas,1679.0,0.0,252.0,1427.0
2026-09-22,101070163,LA,35213.0,5085.0,11700.0,28598.0
2026-09-22,101070164,Cranbury,1341.0,0.0,0.0,1341.0
2026-09-22,101070164,LA,48858.0,35467.0,9180.0,75145.0
2026-09-22,101070165,Chicago,1927.0,0.0,0.0,1927.0
2026-09-22,101070165,Cranbury,3388.0,0.0,144.0,3244.0
2026-09-22,101070165,LA,81383.0,14963.0,14963.0,81383.0
2026-09-22,101070165,Texas,548.0,0.0,0.0,548.0
2026-09-22,101070166,LA,14836.0,1980.0,4365.0,12451.0
2026-09-22,101070167,Chicago,864.0,0.0,0.0,864.0
2026-09-22,101070167,LA,23252.0,0.0,0.0,23252.0
2026-09-22,101070167,Texas,576.0,0.0,0.0,576.0
2026-09-22,101070168,Chicago,976.0,0.0,0.0,976.0
2026-09-22,101070168,Cranbury,9742.0,0.0,1188.0,8554.0
2026-09-22,101070168,LA,41091.0,36615.0,8523.0,69183.0
2026-09-22,101070168,Texas,3588.0,0.0,252.0,3336.0
2026-09-22,101070173,LA,150.0,0.0,0.0,150.0
2026-09-22,101070175,LA,87.0,0.0,0.0,87.0
2026-09-22,101070176,LA,7584.0,0.0,0.0,7584.0
2026-09-22,101070177,LA,3615.0,0.0,2160.0,1455.0
2026-09-22,101070178,LA,30.0,0.0,0.0,30.0
2026-09-22,101070179,LA,0.0,3434.0,0.0,3434.0
2026-09-22,101070181,Cranbury,41.0,0.0,0.0,41.0
2026-09-22,101070181,LA,18054.0,0.0,0.0,18054.0
2026-09-22,101070182,Cranbury,41.0,0.0,0.0,41.0
2026-09-22,101070182,LA,18239.0,0.0,0.0,18239.0
2026-09-22,101070187,LA,4826.0,0.0,126.0,4700.0
2026-09-22,101070188,LA,7195.0,0.0,315.0,6880.0
2026-09-22,101070191,LA,9186.0,3078.0,3078.0,9186.0
2026-09-22,101070192,Cranbury,2080.0,0.0,0.0,2080.0
2026-09-22,101070192,LA,41626.0,11144.0,12680.0,40090.0
2026-09-22,101070193,LA,10161.0,0.0,0.0,10161.0
2026-09-22,101070213,Cranbury,63.0,0.0,0.0,63.0
2026-09-22,101070213,LA,10768.0,0.0,0.0,10768.0
2026-09-22,101070232,LA,718.0,0.0,0.0,718.0
2026-09-22,101070233,LA,656.0,0.0,0.0,656.0
2026-09-22,101070237,Cranbury,200.0,0.0,0.0,200.0
2026-09-22,101070237,LA,22152.0,0.0,576.0,21576.0
2026-09-22,102000276,Cranbury,25.0,0.0,0.0,25.0
2026-09-22,102000276,LA,286.0,0.0,0.0,286.0
2026-09-22,102000283,LA,318.0,0.0,0.0,318.0
2026-09-22,102000288,Cranbury,30.0,0.0,0.0,30.0
2026-09-22,102000288,LA,19.0,0.0,0.0,19.0
2026-09-22,102000305,LA,614.0,0.0,0.0,614.0
2026-09-22,102000382,Chicago,34.0,0.0,0.0,34.0
2026-09-22,102000382,LA,10.0,0.0,0.0,10.0
2026-09-22,102001162,Cranbury,30.0,0.0,0.0,30.0
2026-09-22,102001162,LA,674.0,0.0,0.0,674.0
2026-09-22,102001521,LA,793.0,0.0,0.0,793.0
2026-09-22,102001641,LA,333.0,0.0,0.0,333.0
2026-09-22,102001743,LA,503.0,0.0,0.0,503.0
2026-09-22,102001744,LA,1004.0,0.0,0.0,1004.0
2026-09-22,102002006,Cranbury,60.0,0.0,0.0,60.0
2026-09-22,102002006,LA,120.0,0.0,0.0,120.0
2026-09-22,102002009,LA,472.0,0.0,0.0,472.0
2026-09-22,102002018,Chicago,61.0,0.0,0.0,61.0
2026-09-22,102002018,Cranbury,60.0,0.0,0.0,60.0
2026-09-22,102002018,LA,284.0,0.0,0.0,284.0
2026-09-22,102002033,Cranbury,30.0,0.0,0.0,30.0
2026-09-22,102002033,LA,90.0,0.0,0.0,90.0
2026-09-22,102002036,Cranbury,30.0,0.0,0.0,30.0
2026-09-22,102002036,LA,191.0,0.0,0.0,191.0
2026-09-22,102002037,Cranbury,30.0,0.0,0.0,30.0
2026-09-22,102002037,LA,163.0,0.0,0.0,163.0
2026-09-22,102002069,Chicago,173.0,0.0,0.0,173.0
2026-09-22,102002069,LA,233.0,0.0,0.0,233.0
2026-09-22,102002181,Cranbury,30.0,0.0,0.0,30.0
2026-09-22,102002181,LA,333.0,0.0,0.0,333.0
2026-09-22,102002433,LA,4787.0,0.0,0.0,4787.0
2026-09-22,102002451,Cranbury,135.0,0.0,0.0,135.0
2026-09-22,102002451,LA,50.0,0.0,0.0,50.0
2026-09-22,102002453,Cranbury,142.0,0.0,0.0,142.0
2026-09-22,102002453,TRANSFER,294.0,0.0,0.0,0.0
2026-09-22,102002453,Texas,294.0,0.0,0.0,294.0
2026-09-22,102002539,LA,2195.0,0.0,0.0,2195.0
2026-09-22,102002539,TRANSFER,60.0,0.0,0.0,0.0
2026-09-22,102002548,LA,1106.0,0.0,0.0,1106.0
2026-09-22,102002584,LA,2393.0,0.0,0.0,2393.0
2026-09-22,102002592,LA,2105.0,0.0,0.0,2105.0
2026-09-22,102002592,TRANSFER,348.0,0.0,0.0,0.0
2026-09-22,102002592,Texas,348.0,0.0,0.0,348.0
2026-09-22,102002642,LA,2085.0,0.0,0.0,2085.0
2026-09-22,102002643,LA,62.0,0.0,0.0,62.0
2026-09-22,102002666,Cranbury,85.0,0.0,0.0,85.0
2026-09-22,102002666,LA,1181.0,0.0,0.0,1181.0
2026-09-22,102002666,TRANSFER,134.0,0.0,0.0,0.0
2026-09-22,102002666,Texas,134.0,0.0,0.0,134.0
2026-09-22,102002730,Cranbury,240.0,0.0,0.0,240.0
2026-09-22,102002730,LA,6834.0,0.0,0.0,6834.0
2026-09-22,102002730,Texas,217.0,0.0,0.0,217.0
2026-09-22,102002731,Cranbury,120.0,0.0,0.0,120.0
2026-09-22,102002731,LA,9498.0,0.0,0.0,9498.0
2026-09-22,102002731,Texas,187.0,0.0,0.0,187.0
2026-09-22,102002753,Cranbury,11.0,0.0,0.0,11.0
2026-09-22,102002753,LA,21.0,0.0,0.0,21.0
2026-09-22,102002755,Cranbury,17.0,0.0,0.0,17.0
2026-09-22,102002755,LA,2068.0,0.0,0.0,2068.0
2026-09-22,102002772,Cranbury,33.0,0.0,0.0,33.0
2026-09-22,102002772,LA,9843.0,0.0,0.0,9843.0
2026-09-22,102002773,Cranbury,35.0,0.0,0.0,35.0
2026-09-22,102002773,LA,10568.0,0.0,0.0,10568.0
2026-09-22,102002774,Cranbury,35.0,0.0,0.0,35.0
2026-09-22,102002774,LA,6007.0,0.0,0.0,6007.0
2026-09-22,102002775,Cranbury,35.0,0.0,0.0,35.0
2026-09-22,102002775,LA,4664.0,0.0,0.0,4664.0
2026-09-22,102002780,LA,9499.0,0.0,0.0,9499.0
2026-09-22,102002784,LA,9500.0,0.0,0.0,9500.0
2026-09-22,102002785,LA,2300.0,0.0,0.0,2300.0
2026-09-22,901001955,Chicago,20.0,0.0,0.0,20.0
2026-09-22,901001955,LA,105.0,0.0,0.0,105.0
2026-09-22,901001956,Chicago,20.0,0.0,0.0,20.0
2026-09-22,901001956,LA,74.0,0.0,0.0,74.0
2026-09-22,901001956,Texas,15.0,0.0,0.0,15.0
2026-09-22,901001957,Chicago,20.0,0.0,0.0,20.0
2026-09-22,901001957,LA,18.0,0.0,0.0,18.0
2026-09-22,901001961,Chicago,42.0,0.0,0.0,42.0
2026-09-22,901001961,LA,38.0,0.0,0.0,38.0
2026-09-22,901001961,Texas,37.0,0.0,0.0,37.0
2026-09-22,901001964,Chicago,20.0,0.0,0.0,20.0
2026-09-22,901001964,LA,7.0,0.0,0.0,7.0
2026-09-22,901001964,Texas,15.0,0.0,0.0,15.0
2026-09-22,902000868,LA,35.0,0.0,0.0,35.0
2026-09-22,902070007,Cranbury,83.0,0.0,0.0,83.0
2026-09-22,902070007,LA,3879.0,0.0,0.0,3879.0
2026-09-22,903070001,LA,2692.0,0.0,0.0,2692.0
2026-09-21,101001911,LA,14565.0,0.0,0.0,14565.0
2026-09-21,101002188,Chicago,181.0,0.0,63.0,118.0
2026-09-21,101002188,Cranbury,462.0,0.0,0.0,462.0
2026-09-21,101002188,LA,99.0,0.0,99.0,0.0
2026-09-21,101002188,Texas,198.0,0.0,0.0,198.0
2026-09-21,101002379,LA,16359.0,0.0,0.0,16359.0
2026-09-21,101002381,Cranbury,150.0,0.0,0.0,150.0
2026-09-21,101002381,LA,862.0,144.0,672.0,334.0
2026-09-21,101002381,Texas,975.0,0.0,0.0,975.0
2026-09-21,101002402,Chicago,658.0,0.0,27.0,631.0
2026-09-21,101002402,Cranbury,320.0,0.0,0.0,320.0
2026-09-21,101002402,LA,10.0,0.0,0.0,10.0
2026-09-21,101002612,Chicago,1287.0,0.0,0.0,1287.0
2026-09-21,101002612,Cranbury,1185.0,2600.0,0.0,3785.0
2026-09-21,101002612,LA,100099.0,36000.0,38104.0,97995.0
2026-09-21,101002612,Texas,2275.0,1800.0,0.0,4075.0
2026-09-21,101002613,LA,68.0,0.0,0.0,68.0
2026-09-21,101002622,LA,31314.0,0.0,80.0,31234.0
2026-09-21,101002640,Chicago,108.0,0.0,0.0,108.0
2026-09-21,101002640,Cranbury,250.0,0.0,0.0,250.0
2026-09-21,101002640,LA,10533.0,0.0,558.0,9975.0
2026-09-21,101002640,Texas,516.0,0.0,0.0,516.0
2026-09-21,101002715,Chicago,1080.0,0.0,120.0,960.0
2026-09-21,101002715,Cranbury,5225.0,5400.0,0.0,10625.0
2026-09-21,101002715,LA,46244.0,21520.0,2760.0,65004.0
2026-09-21,101002715,Texas,817.0,0.0,0.0,817.0
2026-09-21,101002716,Cranbury,1039.0,0.0,0.0,1039.0
2026-09-21,101002716,LA,15518.0,2383.0,2383.0,15518.0
2026-09-21,101002716,Texas,809.0,0.0,0.0,809.0
2026-09-21,101002717,Chicago,98.0,0.0,0.0,98.0
2026-09-21,101002717,Cranbury,639.0,1440.0,0.0,2079.0
2026-09-21,101002717,LA,12951.0,0.0,360.0,12591.0
2026-09-21,101002717,Texas,38.0,0.0,0.0,38.0
2026-09-21,101002844,LA,1131.0,0.0,144.0,987.0
2026-09-21,101002859,Chicago,1383.0,0.0,90.0,1293.0
2026-09-21,101002859,Cranbury,1905.0,720.0,0.0,2625.0
2026-09-21,101002859,LA,14051.0,24106.0,5594.0,32563.0
2026-09-21,101002859,Texas,1752.0,0.0,0.0,1752.0
2026-09-21,101003015,Chicago,843.0,0.0,0.0,843.0
2026-09-21,101003015,Cranbury,1440.0,0.0,0.0,1440.0
2026-09-21,101003015,LA,19063.0,0.0,0.0,19063.0
2026-09-21,101003015,Texas,575.0,0.0,0.0,575.0
2026-09-21,101003028,LA,3538.0,7340.0,0.0,10878.0
2026-09-21,101003118,LA,10529.0,0.0,7200.0,3329.0
2026-09-21,101003119,LA,14692.0,0.0,7200.0,7492.0
2026-09-21,101003122,LA,17017.0,0.0,0.0,17017.0
2026-09-21,101003133,LA,38906.0,0.0,0.0,38906.0
2026-09-21,101003133,TRANSFER,351.0,0.0,0.0,0.0
2026-09-21,101003133,Texas,351.0,0.0,0.0,351.0
2026-09-21,101003207,LA,9441.0,0.0,0.0,9441.0
2026-09-21,101003241,Chicago,5756.0,0.0,165.0,5591.0
2026-09-21,101003241,Cranbury,4202.0,5760.0,0.0,9962.0
2026-09-21,101003241,LA,145138.0,0.0,1609.0,143529.0
2026-09-21,101003241,Texas,3737.0,7200.0,0.0,10937.0
2026-09-21,101003242,LA,10856.0,0.0,0.0,10856.0
2026-09-21,101003282,LA,26.0,0.0,0.0,26.0
2026-09-21,101003282,TRANSFER,19.0,0.0,0.0,0.0
2026-09-21,101003282,Texas,454.0,0.0,0.0,454.0
2026-09-21,101003346,Chicago,155.0,0.0,0.0,155.0
2026-09-21,101003346,Cranbury,565.0,0.0,0.0,565.0
2026-09-21,101003346,LA,1.0,0.0,0.0,1.0
2026-09-21,101003346,Texas,814.0,0.0,0.0,814.0
2026-09-21,101003347,Chicago,412.0,0.0,0.0,412.0
2026-09-21,101003347,Cranbury,2015.0,0.0,0.0,2015.0
2026-09-21,101003347,LA,11637.0,0.0,696.0,10941.0
2026-09-21,101003347,Texas,459.0,648.0,0.0,1107.0
2026-09-21,101003359,Chicago,1313.0,0.0,0.0,1313.0
2026-09-21,101003359,Cranbury,1973.0,0.0,0.0,1973.0
2026-09-21,101003359,LA,1533.0,0.0,540.0,993.0
2026-09-21,101003359,Texas,279.0,0.0,0.0,279.0
2026-09-21,101003360,Chicago,1338.0,0.0,0.0,1338.0
2026-09-21,101003360,Cranbury,1470.0,0.0,0.0,1470.0
2026-09-21,101003360,LA,5781.0,0.0,1355.0,4426.0
2026-09-21,101003449,LA,247.0,0.0,0.0,247.0
2026-09-21,101003457,LA,32600.0,0.0,0.0,32600.0
2026-09-21,101003648,LA,39501.0,0.0,2112.0,37389.0
2026-09-21,101003679,LA,449.0,0.0,0.0,449.0
2026-09-21,101003679,TRANSFER,23.0,0.0,0.0,0.0
2026-09-21,101004098,LA,234522.0,68490.0,41754.0,261258.0
2026-09-21,101004125,LA,18642.0,0.0,360.0,18282.0
2026-09-21,101004141,Chicago,1640.0,0.0,0.0,1640.0
2026-09-21,101004141,Cranbury,1518.0,0.0,0.0,1518.0
2026-09-21,101004141,LA,27059.0,0.0,4467.0,22592.0
2026-09-21,101004148,LA,5766.0,0.0,0.0,5766.0
2026-09-21,101004157,LA,15.0,0.0,0.0,15.0
2026-09-21,101004174,Chicago,1751.0,0.0,0.0,1751.0
2026-09-21,101004174,Cranbury,3585.0,0.0,0.0,3585.0
2026-09-21,101004174,LA,24024.0,0.0,1230.0,22794.0
2026-09-21,101004174,Texas,3203.0,0.0,0.0,3203.0
2026-09-21,101004183,Chicago,918.0,0.0,0.0,918.0
2026-09-21,101004183,Cranbury,0.0,720.0,0.0,720.0
2026-09-21,101004183,LA,6694.0,0.0,107.0,6587.0
2026-09-21,101004189,LA,2087.0,0.0,0.0,2087.0
2026-09-21,101004196,Cranbury,1440.0,0.0,0.0,1440.0
2026-09-21,101004196,LA,25225.0,0.0,1440.0,23785.0
2026-09-21,101004196,TRANSFER,96.0,0.0,0.0,0.0
2026-09-21,101004196,Texas,96.0,0.0,0.0,96.0
2026-09-21,101004214,LA,33328.0,0.0,7680.0,25648.0
2026-09-21,101004220,LA,8078.0,0.0,0.0,8078.0
2026-09-21,101004224,Chicago,90.0,0.0,0.0,90.0
2026-09-21,101004224,Cranbury,287.0,2808.0,0.0,3095.0
2026-09-21,101004224,LA,153158.0,7176.0,7284.0,153050.0
2026-09-21,101004224,Texas,2662.0,0.0,0.0,2662.0
2026-09-21,101004226,LA,39.0,0.0,0.0,39.0
2026-09-21,101004227,LA,12753.0,0.0,8910.0,3843.0
2026-09-21,101004229,Chicago,554.0,0.0,0.0,554.0
2026-09-21,101004229,Cranbury,436.0,0.0,0.0,436.0
2026-09-21,101004229,LA,11224.0,0.0,1056.0,10168.0
2026-09-21,101004229,Texas,457.0,0.0,0.0,457.0
2026-09-21,101004230,Chicago,641.0,0.0,0.0,641.0
2026-09-21,101004230,Cranbury,619.0,0.0,0.0,619.0
2026-09-21,101004230,LA,11109.0,6428.0,2916.0,14621.0
2026-09-21,101004230,Texas,438.0,1296.0,0.0,1734.0
2026-09-21,101004233,Chicago,354.0,0.0,0.0,354.0
2026-09-21,101004233,Cranbury,1423.0,0.0,0.0,1423.0
2026-09-21,101004233,LA,73231.0,0.0,4720.0,68511.0
2026-09-21,101004233,Texas,3812.0,0.0,0.0,3812.0
2026-09-21,101004240,LA,125.0,0.0,0.0,125.0
2026-09-21,101004245,Chicago,501.0,0.0,0.0,501.0
2026-09-21,101004245,Cranbury,17.0,0.0,0.0,17.0
2026-09-21,101004245,LA,9.0,0.0,0.0,9.0
2026-09-21,101004245,Texas,24.0,0.0,0.0,24.0
2026-09-21,101004246,LA,2482.0,0.0,0.0,2482.0
2026-09-21,101004256,LA,197.0,0.0,0.0,197.0
2026-09-21,101004257,Chicago,951.0,0.0,0.0,951.0
2026-09-21,101004257,Cranbury,2115.0,0.0,0.0,2115.0
2026-09-21,101004257,LA,40114.0,0.0,2980.0,37134.0
2026-09-21,101004257,Texas,4225.0,0.0,0.0,4225.0
2026-09-21,101004261,Chicago,663.0,0.0,0.0,663.0
2026-09-21,101004261,Cranbury,3974.0,0.0,0.0,3974.0
2026-09-21,101004261,LA,30101.0,648.0,6966.0,23783.0
2026-09-21,101004261,Texas,1255.0,0.0,0.0,1255.0
2026-09-21,101004262,LA,3255.0,0.0,0.0,3255.0
2026-09-21,101004378,Cranbury,152.0,0.0,0.0,152.0
2026-09-21,101004378,LA,482.0,0.0,0.0,482.0
2026-09-21,101004378,TRANSFER,37.0,0.0,0.0,0.0
2026-09-21,101005690,Chicago,398.0,0.0,0.0,398.0
2026-09-21,101005690,Cranbury,384.0,0.0,0.0,384.0
2026-09-21,101005690,LA,30691.0,0.0,321.0,30370.0
2026-09-21,101005690,Texas,1287.0,1152.0,0.0,2439.0
2026-09-21,101006220,LA,228.0,0.0,0.0,228.0
2026-09-21,101006220,Texas,478.0,0.0,0.0,478.0
2026-09-21,101006320,LA,511.0,0.0,0.0,511.0
2026-09-21,101006714,Cranbury,18.0,0.0,0.0,18.0
2026-09-21,101006714,LA,4.0,0.0,0.0,4.0
2026-09-21,101006821,LA,1385.0,0.0,0.0,1385.0
2026-09-21,101006900,Cranbury,72.0,0.0,0.0,72.0
2026-09-21,101006900,LA,83.0,0.0,0.0,83.0
2026-09-21,101006964,LA,2291.0,0.0,0.0,2291.0
2026-09-21,101007028,LA,24.0,0.0,0.0,24.0
2026-09-21,101007029,LA,1042.0,0.0,28.0,1014.0
2026-09-21,101007065,TRANSFER,200.0,0.0,0.0,0.0
2026-09-21,101007073,Cranbury,216.0,0.0,0.0,216.0
2026-09-21,101007073,LA,3496.0,0.0,795.0,2701.0
2026-09-21,101007310,Cranbury,329.0,0.0,0.0,329.0
2026-09-21,101007310,LA,11648.0,0.0,0.0,11648.0
2026-09-21,101007351,LA,518774.0,85386.0,72585.0,531575.0
2026-09-21,101007391,Chicago,144.0,0.0,0.0,144.0
2026-09-21,101007391,Cranbury,16.0,0.0,0.0,16.0
2026-09-21,101007391,LA,3338.0,0.0,80.0,3258.0
2026-09-21,101007391,Texas,576.0,720.0,0.0,1296.0
2026-09-21,101007394,Chicago,144.0,0.0,0.0,144.0
2026-09-21,101007394,Cranbury,316.0,0.0,0.0,316.0
2026-09-21,101007394,LA,2784.0,0.0,0.0,2784.0
2026-09-21,101007402,Chicago,144.0,0.0,0.0,144.0
2026-09-21,101007402,Cranbury,139.0,0.0,0.0,139.0
2026-09-21,101007402,LA,8696.0,0.0,3.0,8693.0
2026-09-21,101007594,Cranbury,80.0,0.0,0.0,80.0
2026-09-21,101007594,LA,5672.0,0.0,0.0,5672.0
2026-09-21,101007596,Cranbury,80.0,0.0,0.0,80.0
2026-09-21,101007596,LA,5908.0,0.0,0.0,5908.0
2026-09-21,101070017,Cranbury,96.0,0.0,0.0,96.0
2026-09-21,101070017,LA,38.0,4674.0,0.0,4712.0
2026-09-21,101070017,Texas,1920.0,0.0,0.0,1920.0
2026-09-21,101070024,LA,7443.0,0.0,2652.0,4791.0
2026-09-21,101070040,Cranbury,20.0,0.0,0.0,20.0
2026-09-21,101070040,LA,6603.0,0.0,0.0,6603.0
2026-09-21,101070041,LA,8191.0,0.0,0.0,8191.0
2026-09-21,101070060,LA,4431.0,0.0,0.0,4431.0
2026-09-21,101070075,LA,7330.0,0.0,0.0,7330.0
2026-09-21,101070075,Texas,173.0,0.0,0.0,173.0
2026-09-21,101070079,Cranbury,1260.0,0.0,0.0,1260.0
2026-09-21,101070079,LA,7744.0,0.0,364.0,7380.0
2026-09-21,101070079,Texas,264.0,0.0,0.0,264.0
2026-09-21,101070085,LA,8.0,0.0,0.0,8.0
2026-09-21,101070097,Cranbury,188.0,0.0,0.0,188.0
2026-09-21,101070097,LA,197.0,0.0,3.0,194.0
2026-09-21,101070101,LA,415.0,0.0,0.0,415.0
2026-09-21,101070105,Chicago,216.0,0.0,0.0,216.0
2026-09-21,101070105,Cranbury,0.0,3240.0,0.0,3240.0
2026-09-21,101070105,LA,103445.0,1296.0,14545.0,90196.0
2026-09-21,101070105,Texas,686.0,0.0,0.0,686.0
2026-09-21,101070106,LA,252013.0,1187.0,78.0,253122.0
2026-09-21,101070107,LA,809.0,0.0,0.0,809.0
2026-09-21,101070108,Cranbury,1869.0,0.0,0.0,1869.0
2026-09-21,101070108,LA,68529.0,0.0,1062.0,67467.0
2026-09-21,101070109,LA,57969.0,0.0,1005.0,56964.0
2026-09-21,101070110,Chicago,648.0,0.0,0.0,648.0
2026-09-21,101070110,LA,9889.0,0.0,3143.0,6746.0
2026-09-21,101070110,Texas,23.0,0.0,0.0,23.0
2026-09-21,101070111,LA,2.0,0.0,0.0,2.0
2026-09-21,101070112,LA,90502.0,4592.0,14371.0,80723.0
2026-09-21,101070112,Texas,25.0,0.0,0.0,25.0
2026-09-21,101070115,Chicago,62.0,0.0,0.0,62.0
2026-09-21,101070115,Cranbury,131.0,0.0,0.0,131.0
2026-09-21,101070115,LA,8537.0,0.0,219.0,8318.0
2026-09-21,101070115,Texas,155.0,0.0,0.0,155.0
2026-09-21,101070116,Chicago,33.0,0.0,0.0,33.0
2026-09-21,101070116,Cranbury,243.0,0.0,0.0,243.0
2026-09-21,101070116,LA,13822.0,0.0,17.0,13805.0
2026-09-21,101070116,Texas,155.0,0.0,0.0,155.0
2026-09-21,101070117,Chicago,2.0,0.0,0.0,2.0
2026-09-21,101070117,Cranbury,158.0,0.0,0.0,158.0
2026-09-21,101070117,LA,12042.0,0.0,1080.0,10962.0
2026-09-21,101070117,Texas,155.0,0.0,0.0,155.0
2026-09-21,101070118,Cranbury,88.0,0.0,0.0,88.0
2026-09-21,101070118,LA,9150.0,0.0,432.0,8718.0
2026-09-21,101070118,Texas,155.0,0.0,0.0,155.0
2026-09-21,101070119,LA,962.0,0.0,0.0,962.0
2026-09-21,101070127,LA,126921.0,0.0,2240.0,124681.0
2026-09-21,101070129,Cranbury,0.0,85.0,0.0,85.0
2026-09-21,101070129,LA,27599.0,0.0,0.0,27599.0
2026-09-21,101070130,Cranbury,0.0,85.0,0.0,85.0
2026-09-21,101070130,LA,28910.0,0.0,0.0,28910.0
2026-09-21,101070131,Cranbury,0.0,85.0,0.0,85.0
2026-09-21,101070131,LA,29806.0,0.0,0.0,29806.0
2026-09-21,101070132,LA,54.0,0.0,0.0,54.0
2026-09-21,101070134,Chicago,6524.0,0.0,0.0,6524.0
2026-09-21,101070134,Cranbury,5690.0,0.0,0.0,5690.0
2026-09-21,101070134,LA,42028.0,0.0,1512.0,40516.0
2026-09-21,101070134,Texas,7984.0,0.0,0.0,7984.0
2026-09-21,101070135,Chicago,321.0,0.0,0.0,321.0
2026-09-21,101070135,Cranbury,836.0,0.0,0.0,836.0
2026-09-21,101070135,LA,4873.0,0.0,0.0,4873.0
2026-09-21,101070135,TRANSFER,3240.0,0.0,0.0,0.0
2026-09-21,101070135,Texas,3828.0,0.0,0.0,3828.0
2026-09-21,101070137,Chicago,285.0,0.0,0.0,285.0
2026-09-21,101070138,Chicago,285.0,0.0,0.0,285.0
2026-09-21,101070139,Chicago,285.0,0.0,0.0,285.0
2026-09-21,101070141,LA,48.0,0.0,0.0,48.0
2026-09-21,101070149,LA,68668.0,0.0,576.0,68092.0
2026-09-21,101070152,LA,10350.0,0.0,0.0,10350.0
2026-09-21,101070153,Chicago,719.0,0.0,27.0,692.0
2026-09-21,101070153,Cranbury,1990.0,0.0,0.0,1990.0
2026-09-21,101070153,LA,43386.0,0.0,674.0,42712.0
2026-09-21,101070153,Texas,532.0,0.0,0.0,532.0
2026-09-21,101070154,Chicago,458.0,0.0,18.0,440.0
2026-09-21,101070154,Cranbury,2798.0,0.0,0.0,2798.0
2026-09-21,101070154,LA,10455.0,14846.0,909.0,24392.0
2026-09-21,101070154,Texas,525.0,0.0,0.0,525.0
2026-09-21,101070155,Cranbury,801.0,1440.0,0.0,2241.0
2026-09-21,101070155,LA,36698.0,0.0,58.0,36640.0
2026-09-21,101070156,Chicago,792.0,0.0,72.0,720.0
2026-09-21,101070156,Cranbury,5702.0,0.0,0.0,5702.0
2026-09-21,101070156,LA,107214.0,0.0,4752.0,102462.0
2026-09-21,101070156,TRANSFER,63.0,0.0,0.0,0.0
2026-09-21,101070156,Texas,1549.0,1008.0,0.0,2557.0
2026-09-21,101070157,LA,16818.0,0.0,8.0,16810.0
2026-09-21,101070158,Chicago,639.0,0.0,63.0,576.0
2026-09-21,101070158,Cranbury,2958.0,0.0,0.0,2958.0
2026-09-21,101070158,LA,30810.0,100.0,1918.0,28992.0
2026-09-21,101070158,Texas,45.0,0.0,0.0,45.0
2026-09-21,101070161,Cranbury,837.0,1152.0,0.0,1989.0
2026-09-21,101070161,LA,98114.0,16200.0,16663.0,97651.0
2026-09-21,101070162,Chicago,2451.0,0.0,117.0,2334.0
2026-09-21,101070162,Cranbury,7035.0,1296.0,0.0,8331.0
2026-09-21,101070162,LA,45084.0,0.0,5729.0,39355.0
2026-09-21,101070162,Texas,1679.0,0.0,0.0,1679.0
2026-09-21,101070163,LA,38723.0,2700.0,6210.0,35213.0
2026-09-21,101070164,Cranbury,189.0,1152.0,0.0,1341.0
2026-09-21,101070164,LA,48977.0,0.0,119.0,48858.0
2026-09-21,101070165,Chicago,1954.0,0.0,27.0,1927.0
2026-09-21,101070165,Cranbury,3388.0,0.0,0.0,3388.0
2026-09-21,101070165,LA,50979.0,49667.0,19263.0,81383.0
2026-09-21,101070165,Texas,548.0,0.0,0.0,548.0
2026-09-21,101070166,LA,15601.0,0.0,765.0,14836.0
2026-09-21,101070167,Chicago,864.0,0.0,0.0,864.0
2026-09-21,101070167,LA,23252.0,0.0,0.0,23252.0
2026-09-21,101070167,Texas,576.0,0.0,0.0,576.0
2026-09-21,101070168,Chicago,1120.0,0.0,144.0,976.0
2026-09-21,101070168,Cranbury,7582.0,2160.0,0.0,9742.0
2026-09-21,101070168,LA,46779.0,0.0,5688.0,41091.0
2026-09-21,101070168,Texas,3588.0,0.0,0.0,3588.0
2026-09-21,101070173,LA,150.0,0.0,0.0,150.0
2026-09-21,101070175,LA,87.0,0.0,0.0,87.0
2026-09-21,101070176,LA,7584.0,0.0,0.0,7584.0
2026-09-21,101070177,LA,7215.0,0.0,3600.0,3615.0
2026-09-21,101070178,LA,30.0,0.0,0.0,30.0
2026-09-21,101070181,Cranbury,41.0,0.0,0.0,41.0
2026-09-21,101070181,LA,18058.0,0.0,4.0,18054.0
2026-09-21,101070182,Cranbury,41.0,0.0,0.0,41.0
2026-09-21,101070182,LA,18242.0,0.0,3.0,18239.0
2026-09-21,101070187,LA,5267.0,0.0,441.0,4826.0
2026-09-21,101070188,LA,7384.0,0.0,189.0,7195.0
2026-09-21,101070191,LA,5341.0,3845.0,0.0,9186.0
2026-09-21,101070192,Cranbury,1000.0,1080.0,0.0,2080.0
2026-09-21,101070192,LA,18386.0,37064.0,13824.0,41626.0
2026-09-21,101070193,LA,10377.0,0.0,216.0,10161.0
2026-09-21,101070213,Cranbury,63.0,0.0,0.0,63.0
2026-09-21,101070213,LA,11179.0,0.0,411.0,10768.0
2026-09-21,101070232,LA,718.0,0.0,0.0,718.0
2026-09-21,101070233,LA,656.0,0.0,0.0,656.0
2026-09-21,101070237,Cranbury,200.0,0.0,0.0,200.0
2026-09-21,101070237,LA,22152.0,0.0,0.0,22152.0
2026-09-21,102000276,Cranbury,25.0,0.0,0.0,25.0
2026-09-21,102000276,LA,466.0,0.0,180.0,286.0
2026-09-21,102000283,LA,318.0,0.0,0.0,318.0
2026-09-21,102000288,Cranbury,30.0,0.0,0.0,30.0
2026-09-21,102000288,LA,19.0,0.0,0.0,19.0
2026-09-21,102000305,LA,614.0,0.0,0.0,614.0
2026-09-21,102000382,Chicago,34.0,0.0,0.0,34.0
2026-09-21,102000382,LA,10.0,0.0,0.0,10.0
2026-09-21,102001162,Cranbury,30.0,0.0,0.0,30.0
2026-09-21,102001162,LA,674.0,0.0,0.0,674.0
2026-09-21,102001521,LA,793.0,0.0,0.0,793.0
2026-09-21,102001641,LA,333.0,0.0,0.0,333.0
2026-09-21,102001743,LA,503.0,0.0,0.0,503.0
2026-09-21,102001744,LA,1006.0,0.0,2.0,1004.0
2026-09-21,102002006,Cranbury,60.0,0.0,0.0,60.0
2026-09-21,102002006,LA,120.0,0.0,0.0,120.0
2026-09-21,102002009,LA,472.0,0.0,0.0,472.0
2026-09-21,102002018,Chicago,61.0,0.0,0.0,61.0
2026-09-21,102002018,Cranbury,60.0,0.0,0.0,60.0
2026-09-21,102002018,LA,757.0,0.0,473.0,284.0
2026-09-21,102002033,Cranbury,30.0,0.0,0.0,30.0
2026-09-21,102002033,LA,90.0,0.0,0.0,90.0
2026-09-21,102002036,Cranbury,30.0,0.0,0.0,30.0
2026-09-21,102002036,LA,191.0,0.0,0.0,191.0
2026-09-21,102002037,Cranbury,30.0,0.0,0.0,30.0
2026-09-21,102002037,LA,344.0,0.0,181.0,163.0
2026-09-21,102002069,Chicago,173.0,0.0,0.0,173.0
2026-09-21,102002069,LA,237.0,0.0,4.0,233.0
2026-09-21,102002181,Cranbury,30.0,0.0,0.0,30.0
2026-09-21,102002181,LA,340.0,0.0,7.0,333.0
2026-09-21,102002433,LA,4787.0,0.0,0.0,4787.0
2026-09-21,102002451,Cranbury,135.0,0.0,0.0,135.0
2026-09-21,102002451,LA,140.0,0.0,90.0,50.0
2026-09-21,102002453,Cranbury,142.0,0.0,0.0,142.0
2026-09-21,102002453,TRANSFER,294.0,0.0,0.0,0.0
2026-09-21,102002453,Texas,294.0,0.0,0.0,294.0
2026-09-21,102002539,LA,2195.0,0.0,0.0,2195.0
2026-09-21,102002539,TRANSFER,60.0,0.0,0.0,0.0
2026-09-21,102002548,LA,1106.0,0.0,0.0,1106.0
2026-09-21,102002584,LA,2393.0,0.0,0.0,2393.0
2026-09-21,102002592,LA,2105.0,0.0,0.0,2105.0
2026-09-21,102002592,TRANSFER,348.0,0.0,0.0,0.0
2026-09-21,102002592,Texas,348.0,0.0,0.0,348.0
2026-09-21,102002642,LA,2111.0,0.0,26.0,2085.0
2026-09-21,102002643,LA,62.0,0.0,0.0,62.0
2026-09-21,102002666,Cranbury,85.0,0.0,0.0,85.0
2026-09-21,102002666,LA,1181.0,0.0,0.0,1181.0
2026-09-21,102002666,TRANSFER,134.0,0.0,0.0,0.0
2026-09-21,102002666,Texas,134.0,0.0,0.0,134.0
2026-09-21,102002730,Cranbury,180.0,60.0,0.0,240.0
2026-09-21,102002730,LA,6878.0,0.0,44.0,6834.0
2026-09-21,102002730,Texas,217.0,0.0,0.0,217.0
2026-09-21,102002731,Cranbury,120.0,0.0,0.0,120.0
2026-09-21,102002731,LA,9498.0,0.0,0.0,9498.0
2026-09-21,102002731,Texas,187.0,0.0,0.0,187.0
2026-09-21,102002753,Cranbury,11.0,0.0,0.0,11.0
2026-09-21,102002753,LA,21.0,0.0,0.0,21.0
2026-09-21,102002755,Cranbury,17.0,0.0,0.0,17.0
2026-09-21,102002755,LA,2164.0,0.0,96.0,2068.0
2026-09-21,102002772,Cranbury,33.0,0.0,0.0,33.0
2026-09-21,102002772,LA,9843.0,0.0,0.0,9843.0
2026-09-21,102002773,Cranbury,35.0,0.0,0.0,35.0
2026-09-21,102002773,LA,10568.0,0.0,0.0,10568.0
2026-09-21,102002774,Cranbury,35.0,0.0,0.0,35.0
2026-09-21,102002774,LA,6007.0,0.0,0.0,6007.0
2026-09-21,102002775,Cranbury,35.0,0.0,0.0,35.0
2026-09-21,102002775,LA,4664.0,0.0,0.0,4664.0
2026-09-21,102002780,LA,9499.0,0.0,0.0,9499.0
2026-09-21,102002784,LA,9500.0,0.0,0.0,9500.0
2026-09-21,102002785,LA,2300.0,0.0,0.0,2300.0
2026-09-21,901001955,Chicago,20.0,0.0,0.0,20.0
2026-09-21,901001955,LA,105.0,0.0,0.0,105.0
2026-09-21,901001956,Chicago,20.0,0.0,0.0,20.0
2026-09-21,901001956,LA,74.0,0.0,0.0,74.0
2026-09-21,901001956,Texas,15.0,0.0,0.0,15.0
2026-09-21,901001957,Chicago,20.0,0.0,0.0,20.0
2026-09-21,901001957,LA,18.0,0.0,0.0,18.0
2026-09-21,901001961,Chicago,42.0,0.0,0.0,42.0
2026-09-21,901001961,LA,38.0,0.0,0.0,38.0
2026-09-21,901001961,Texas,37.0,0.0,0.0,37.0
2026-09-21,901001964,Chicago,20.0,0.0,0.0,20.0
2026-09-21,901001964,LA,7.0,0.0,0.0,7.0
2026-09-21,901001964,Texas,15.0,0.0,0.0,15.0
2026-09-21,902000868,LA,35.0,0.0,0.0,35.0
2026-09-21,902070007,Cranbury,83.0,0.0,0.0,83.0
2026-09-21,902070007,LA,5049.0,0.0,1170.0,3879.0
2026-09-21,903070001,LA,2692.0,0.0,0.0,2692.0
2026-09-18,101001911,LA,14565.0,0.0,0.0,14565.0
2026-09-18,101002188,Chicago,181.0,0.0,0.0,181.0
2026-09-18,101002188,Cranbury,363.0,288.0,189.0,462.0
2026-09-18,101002188,LA,99.0,0.0,0.0,99.0
2026-09-18,101002188,Texas,198.0,0.0,0.0,198.0
2026-09-18,101002379,LA,16359.0,0.0,0.0,16359.0
2026-09-18,101002381,Cranbury,150.0,0.0,0.0,150.0
2026-09-18,101002381,LA,1387.0,0.0,375.0,1012.0
2026-09-18,101002381,Texas,975.0,0.0,0.0,975.0
2026-09-18,101002402,Chicago,658.0,0.0,0.0,658.0
2026-09-18,101002402,Cranbury,320.0,0.0,0.0,320.0
2026-09-18,101002402,LA,10.0,0.0,0.0,10.0
2026-09-18,101002612,Chicago,1317.0,0.0,30.0,1287.0
2026-09-18,101002612,Cranbury,1185.0,0.0,0.0,1185.0
2026-09-18,101002612,LA,100849.0,2700.0,2850.0,100699.0
2026-09-18,101002612,Texas,3775.0,0.0,1500.0,2275.0
2026-09-18,101002613,LA,68.0,0.0,0.0,68.0
2026-09-18,101002622,LA,32914.0,0.0,1600.0,31314.0
2026-09-18,101002640,Chicago,108.0,0.0,0.0,108.0
2026-09-18,101002640,Cranbury,250.0,0.0,0.0,250.0
2026-09-18,101002640,LA,10533.0,0.0,0.0,10533.0
2026-09-18,101002640,Texas,660.0,0.0,144.0,516.0
2026-09-18,101002715,Chicago,1080.0,0.0,0.0,1080.0
2026-09-18,101002715,Cranbury,5865.0,0.0,640.0,5225.0
2026-09-18,101002715,LA,46244.0,0.0,0.0,46244.0
2026-09-18,101002715,Texas,817.0,0.0,0.0,817.0
2026-09-18,101002716,Cranbury,1039.0,0.0,0.0,1039.0
2026-09-18,101002716,LA,15518.0,0.0,0.0,15518.0
2026-09-18,101002716,Texas,809.0,0.0,0.0,809.0
2026-09-18,101002717,Chicago,98.0,0.0,0.0,98.0
2026-09-18,101002717,Cranbury,639.0,0.0,0.0,639.0
2026-09-18,101002717,LA,13291.0,0.0,340.0,12951.0
2026-09-18,101002717,Texas,38.0,0.0,0.0,38.0
2026-09-18,101002844,LA,1131.0,0.0,0.0,1131.0
2026-09-18,101002859,Chicago,1413.0,0.0,30.0,1383.0
2026-09-18,101002859,Cranbury,2565.0,0.0,660.0,1905.0
2026-09-18,101002859,LA,15311.0,0.0,540.0,14771.0
2026-09-18,101002859,Texas,2082.0,0.0,330.0,1752.0
2026-09-18,101003015,Chicago,843.0,0.0,0.0,843.0
2026-09-18,101003015,Cranbury,1440.0,0.0,0.0,1440.0
2026-09-18,101003015,LA,19063.0,222.0,222.0,19063.0
2026-09-18,101003015,Texas,575.0,0.0,0.0,575.0
2026-09-18,101003028,LA,3538.0,0.0,0.0,3538.0
2026-09-18,101003118,LA,10529.0,600.0,600.0,10529.0
2026-09-18,101003119,LA,9412.0,19798.0,14518.0,14692.0
2026-09-18,101003122,LA,263.0,16754.0,0.0,17017.0
2026-09-18,101003133,LA,38906.0,0.0,0.0,38906.0
2026-09-18,101003133,TRANSFER,351.0,0.0,0.0,0.0
2026-09-18,101003133,Texas,351.0,0.0,0.0,351.0
2026-09-18,101003207,LA,9441.0,0.0,0.0,9441.0
2026-09-18,101003241,Chicago,5756.0,0.0,0.0,5756.0
2026-09-18,101003241,Cranbury,4202.0,0.0,0.0,4202.0
2026-09-18,101003241,LA,146218.0,54720.0,55800.0,145138.0
2026-09-18,101003241,Texas,4232.0,0.0,495.0,3737.0
2026-09-18,101003242,LA,10856.0,0.0,0.0,10856.0
2026-09-18,101003282,LA,26.0,0.0,0.0,26.0
2026-09-18,101003282,TRANSFER,19.0,0.0,0.0,0.0
2026-09-18,101003282,Texas,454.0,0.0,0.0,454.0
2026-09-18,101003346,Chicago,155.0,0.0,0.0,155.0
2026-09-18,101003346,Cranbury,565.0,0.0,0.0,565.0
2026-09-18,101003346,LA,1.0,0.0,0.0,1.0
2026-09-18,101003346,Texas,814.0,0.0,0.0,814.0
2026-09-18,101003347,Chicago,628.0,0.0,216.0,412.0
2026-09-18,101003347,Cranbury,2015.0,0.0,0.0,2015.0
2026-09-18,101003347,LA,12069.0,0.0,0.0,12069.0
2026-09-18,101003347,Texas,555.0,0.0,96.0,459.0
2026-09-18,101003359,Chicago,1313.0,0.0,0.0,1313.0
2026-09-18,101003359,Cranbury,2468.0,0.0,495.0,1973.0
2026-09-18,101003359,LA,2174.0,0.0,641.0,1533.0
2026-09-18,101003359,Texas,279.0,0.0,0.0,279.0
2026-09-18,101003360,Chicago,1338.0,0.0,0.0,1338.0
2026-09-18,101003360,Cranbury,1470.0,0.0,0.0,1470.0
2026-09-18,101003360,LA,6985.0,165.0,1369.0,5781.0
2026-09-18,101003449,LA,247.0,0.0,0.0,247.0
2026-09-18,101003457,LA,32600.0,0.0,0.0,32600.0
2026-09-18,101003648,LA,42933.0,0.0,3432.0,39501.0
2026-09-18,101003679,LA,449.0,0.0,0.0,449.0
2026-09-18,101003679,TRANSFER,23.0,0.0,0.0,0.0
2026-09-18,101004098,LA,232097.0,91809.0,89384.0,234522.0
2026-09-18,101004125,LA,19047.0,810.0,1215.0,18642.0
2026-09-18,101004141,Chicago,1690.0,0.0,50.0,1640.0
2026-09-18,101004141,Cranbury,1518.0,0.0,0.0,1518.0
2026-09-18,101004141,LA,25852.0,14181.0,12974.0,27059.0
2026-09-18,101004148,LA,11526.0,0.0,5760.0,5766.0
2026-09-18,101004157,LA,15.0,0.0,0.0,15.0
2026-09-18,101004174,Chicago,1751.0,0.0,0.0,1751.0
2026-09-18,101004174,Cranbury,3915.0,0.0,330.0,3585.0
2026-09-18,101004174,LA,24864.0,0.0,840.0,24024.0
2026-09-18,101004174,Texas,3368.0,0.0,165.0,3203.0
2026-09-18,101004183,Chicago,918.0,0.0,0.0,918.0
2026-09-18,101004183,LA,6805.0,0.0,111.0,6694.0
2026-09-18,101004189,LA,2087.0,0.0,0.0,2087.0
2026-09-18,101004196,Cranbury,1440.0,0.0,0.0,1440.0
2026-09-18,101004196,LA,25801.0,952.0,1528.0,25225.0
2026-09-18,101004196,TRANSFER,96.0,0.0,0.0,0.0
2026-09-18,101004196,Texas,96.0,0.0,0.0,96.0
2026-09-18,101004214,LA,39088.0,0.0,5760.0,33328.0
2026-09-18,101004220,LA,8078.0,0.0,0.0,8078.0
2026-09-18,101004224,Chicago,90.0,0.0,0.0,90.0
2026-09-18,101004224,Cranbury,287.0,0.0,0.0,287.0
2026-09-18,101004224,LA,154994.0,1080.0,2184.0,153890.0
2026-09-18,101004224,Texas,2662.0,0.0,0.0,2662.0
2026-09-18,101004226,LA,39.0,0.0,0.0,39.0
2026-09-18,101004227,LA,134.0,17507.0,4888.0,12753.0
2026-09-18,101004229,Chicago,554.0,0.0,0.0,554.0
2026-09-18,101004229,Cranbury,436.0,0.0,0.0,436.0
2026-09-18,101004229,LA,11430.0,0.0,44.0,11386.0
2026-09-18,101004229,Texas,457.0,0.0,0.0,457.0
2026-09-18,101004230,Chicago,641.0,0.0,0.0,641.0
2026-09-18,101004230,Cranbury,619.0,0.0,0.0,619.0
2026-09-18,101004230,LA,24131.0,1620.0,11402.0,14349.0
2026-09-18,101004230,Texas,582.0,0.0,144.0,438.0
2026-09-18,101004233,Chicago,354.0,0.0,0.0,354.0
2026-09-18,101004233,Cranbury,1615.0,0.0,192.0,1423.0
2026-09-18,101004233,LA,73807.0,0.0,192.0,73615.0
2026-09-18,101004233,Texas,4292.0,0.0,480.0,3812.0
2026-09-18,101004240,LA,125.0,0.0,0.0,125.0
2026-09-18,101004245,Chicago,511.0,0.0,10.0,501.0
2026-09-18,101004245,Cranbury,17.0,0.0,0.0,17.0
2026-09-18,101004245,LA,9.0,0.0,0.0,9.0
2026-09-18,101004245,Texas,216.0,0.0,192.0,24.0
2026-09-18,101004246,LA,2482.0,0.0,0.0,2482.0
2026-09-18,101004256,LA,197.0,0.0,0.0,197.0
2026-09-18,101004257,Chicago,951.0,0.0,0.0,951.0
2026-09-18,101004257,Cranbury,2115.0,0.0,0.0,2115.0
2026-09-18,101004257,LA,40309.0,0.0,195.0,40114.0
2026-09-18,101004257,Texas,5857.0,0.0,1632.0,4225.0
2026-09-18,101004261,Chicago,825.0,0.0,162.0,663.0
2026-09-18,101004261,Cranbury,4190.0,0.0,216.0,3974.0
2026-09-18,101004261,LA,30533.0,1458.0,1890.0,30101.0
2026-09-18,101004261,Texas,3055.0,0.0,1800.0,1255.0
2026-09-18,101004262,LA,3255.0,0.0,0.0,3255.0
2026-09-18,101004378,Cranbury,152.0,0.0,0.0,152.0
2026-09-18,101004378,LA,617.0,0.0,135.0,482.0
2026-09-18,101004378,TRANSFER,37.0,0.0,0.0,0.0
2026-09-18,101005690,Chicago,398.0,0.0,0.0,398.0
2026-09-18,101005690,Cranbury,384.0,0.0,0.0,384.0
2026-09-18,101005690,LA,30895.0,0.0,12.0,30883.0
2026-09-18,101005690,Texas,1479.0,0.0,192.0,1287.0
2026-09-18,101006220,LA,372.0,0.0,0.0,372.0
2026-09-18,101006220,Texas,514.0,0.0,36.0,478.0
2026-09-18,101006320,LA,799.0,0.0,0.0,799.0
2026-09-18,101006714,Cranbury,18.0,0.0,0.0,18.0
2026-09-18,101006714,LA,4.0,0.0,0.0,4.0
2026-09-18,101006821,LA,1385.0,0.0,0.0,1385.0
2026-09-18,101006900,Cranbury,72.0,0.0,0.0,72.0
2026-09-18,101006900,LA,83.0,0.0,0.0,83.0
2026-09-18,101006964,LA,2291.0,0.0,0.0,2291.0
2026-09-18,101007028,LA,1385.0,0.0,1361.0,24.0
2026-09-18,101007029,LA,3694.0,0.0,2652.0,1042.0
2026-09-18,101007065,TRANSFER,200.0,0.0,0.0,0.0
2026-09-18,101007073,Cranbury,216.0,0.0,0.0,216.0
2026-09-18,101007073,LA,3503.0,0.0,7.0,3496.0
2026-09-18,101007310,Cranbury,329.0,0.0,0.0,329.0
2026-09-18,101007310,LA,13034.0,0.0,1386.0,11648.0
2026-09-18,101007351,LA,514876.0,13386.0,13950.0,514312.0
2026-09-18,101007391,Chicago,144.0,0.0,0.0,144.0
2026-09-18,101007391,Cranbury,16.0,0.0,0.0,16.0
2026-09-18,101007391,LA,3667.0,0.0,329.0,3338.0
2026-09-18,101007391,Texas,576.0,0.0,0.0,576.0
2026-09-18,101007394,Chicago,144.0,0.0,0.0,144.0
2026-09-18,101007394,Cranbury,316.0,0.0,0.0,316.0
2026-09-18,101007394,LA,2784.0,0.0,0.0,2784.0
2026-09-18,101007402,Chicago,144.0,0.0,0.0,144.0
2026-09-18,101007402,Cranbury,139.0,0.0,0.0,139.0
2026-09-18,101007402,LA,8698.0,0.0,2.0,8696.0
2026-09-18,101007594,Cranbury,80.0,0.0,0.0,80.0
2026-09-18,101007594,LA,5672.0,0.0,0.0,5672.0
2026-09-18,101007596,Cranbury,80.0,0.0,0.0,80.0
2026-09-18,101007596,LA,5908.0,0.0,0.0,5908.0
2026-09-18,101070017,Cranbury,96.0,0.0,0.0,96.0
2026-09-18,101070017,LA,38.0,0.0,0.0,38.0
2026-09-18,101070017,Texas,1920.0,0.0,0.0,1920.0
2026-09-18,101070024,LA,7443.0,0.0,0.0,7443.0
2026-09-18,101070040,Cranbury,20.0,0.0,0.0,20.0
2026-09-18,101070040,LA,6621.0,0.0,18.0,6603.0
2026-09-18,101070041,LA,8191.0,0.0,0.0,8191.0
2026-09-18,101070060,LA,4431.0,0.0,0.0,4431.0
2026-09-18,101070075,LA,7330.0,0.0,0.0,7330.0
2026-09-18,101070075,Texas,173.0,0.0,0.0,173.0
2026-09-18,101070079,Cranbury,1260.0,0.0,0.0,1260.0
2026-09-18,101070079,LA,7755.0,0.0,11.0,7744.0
2026-09-18,101070079,Texas,264.0,0.0,0.0,264.0
2026-09-18,101070085,LA,8.0,0.0,0.0,8.0
2026-09-18,101070097,Cranbury,188.0,0.0,0.0,188.0
2026-09-18,101070097,LA,200.0,0.0,3.0,197.0
2026-09-18,101070101,LA,415.0,0.0,0.0,415.0
2026-09-18,101070105,Chicago,216.0,0.0,0.0,216.0
2026-09-18,101070105,LA,109330.0,13608.0,16253.0,106685.0
2026-09-18,101070105,Texas,686.0,0.0,0.0,686.0
2026-09-18,101070106,LA,240019.0,38218.0,26224.0,252013.0
2026-09-18,101070107,LA,809.0,0.0,0.0,809.0
2026-09-18,101070108,Cranbury,1869.0,0.0,0.0,1869.0
2026-09-18,101070108,LA,68689.0,0.0,160.0,68529.0
2026-09-18,101070109,LA,58899.0,330.0,180.0,59049.0
2026-09-18,101070110,Chicago,648.0,0.0,0.0,648.0
2026-09-18,101070110,LA,9915.0,0.0,26.0,9889.0
2026-09-18,101070110,Texas,23.0,0.0,0.0,23.0
2026-09-18,101070111,LA,2.0,0.0,0.0,2.0
2026-09-18,101070112,LA,92588.0,4279.0,5087.0,91780.0
2026-09-18,101070112,Texas,25.0,0.0,0.0,25.0
2026-09-18,101070115,Chicago,62.0,0.0,0.0,62.0
2026-09-18,101070115,Cranbury,131.0,0.0,0.0,131.0
2026-09-18,101070115,LA,8345.0,192.0,0.0,8537.0
2026-09-18,101070115,Texas,155.0,0.0,0.0,155.0
2026-09-18,101070116,Chicago,33.0,0.0,0.0,33.0
2026-09-18,101070116,Cranbury,243.0,0.0,0.0,243.0
2026-09-18,101070116,LA,13356.0,1799.0,1333.0,13822.0
2026-09-18,101070116,Texas,155.0,0.0,0.0,155.0
2026-09-18,101070117,Chicago,2.0,0.0,0.0,2.0
2026-09-18,101070117,Cranbury,158.0,0.0,0.0,158.0
2026-09-18,101070117,LA,11850.0,192.0,0.0,12042.0
2026-09-18,101070117,Texas,155.0,0.0,0.0,155.0
2026-09-18,101070118,Cranbury,88.0,0.0,0.0,88.0
2026-09-18,101070118,LA,8670.0,480.0,0.0,9150.0
2026-09-18,101070118,Texas,155.0,0.0,0.0,155.0
2026-09-18,101070119,LA,962.0,0.0,0.0,962.0
2026-09-18,101070127,LA,130921.0,0.0,4000.0,126921.0
2026-09-18,101070129,LA,27599.0,24986.0,24986.0,27599.0
2026-09-18,101070130,LA,21415.0,34405.0,26910.0,28910.0
2026-09-18,101070131,LA,23148.0,56714.0,50056.0,29806.0
2026-09-18,101070132,LA,54.0,0.0,0.0,54.0
2026-09-18,101070134,Chicago,6740.0,0.0,216.0,6524.0
2026-09-18,101070134,Cranbury,5690.0,0.0,0.0,5690.0
2026-09-18,101070134,LA,44500.0,0.0,2472.0,42028.0
2026-09-18,101070134,Texas,8656.0,0.0,672.0,7984.0
2026-09-18,101070135,Chicago,321.0,0.0,0.0,321.0
2026-09-18,101070135,Cranbury,836.0,0.0,0.0,836.0
2026-09-18,101070135,LA,4945.0,0.0,72.0,4873.0
2026-09-18,101070135,TRANSFER,3240.0,0.0,0.0,0.0
2026-09-18,101070135,Texas,3900.0,0.0,72.0,3828.0
2026-09-18,101070137,Chicago,285.0,0.0,0.0,285.0
2026-09-18,101070138,Chicago,285.0,0.0,0.0,285.0
2026-09-18,101070139,Chicago,285.0,0.0,0.0,285.0
2026-09-18,101070141,LA,48.0,0.0,0.0,48.0
2026-09-18,101070149,LA,68668.0,0.0,0.0,68668.0
2026-09-18,101070152,LA,10350.0,5225.0,5225.0,10350.0
2026-09-18,101070153,Chicago,719.0,0.0,0.0,719.0
2026-09-18,101070153,Cranbury,2620.0,0.0,630.0,1990.0
2026-09-18,101070153,LA,44313.0,0.0,927.0,43386.0
2026-09-18,101070153,Texas,532.0,0.0,0.0,532.0
2026-09-18,101070154,Chicago,458.0,0.0,0.0,458.0
2026-09-18,101070154,Cranbury,2987.0,0.0,189.0,2798.0
2026-09-18,101070154,LA,10500.0,0.0,36.0,10464.0
2026-09-18,101070154,Texas,525.0,0.0,0.0,525.0
2026-09-18,101070155,Cranbury,801.0,0.0,0.0,801.0
2026-09-18,101070155,LA,36765.0,0.0,67.0,36698.0
2026-09-18,101070156,Chicago,915.0,0.0,123.0,792.0
2026-09-18,101070156,Cranbury,5207.0,1440.0,945.0,5702.0
2026-09-18,101070156,LA,110418.0,15688.0,18892.0,107214.0
2026-09-18,101070156,TRANSFER,63.0,0.0,0.0,0.0
2026-09-18,101070156,Texas,1675.0,0.0,126.0,1549.0
2026-09-18,101070157,LA,16836.0,0.0,18.0,16818.0
2026-09-18,101070158,Chicago,725.0,0.0,86.0,639.0
2026-09-18,101070158,Cranbury,2958.0,0.0,0.0,2958.0
2026-09-18,101070158,LA,26980.0,8402.0,4572.0,30810.0
2026-09-18,101070158,Texas,45.0,0.0,0.0,45.0
2026-09-18,101070161,Cranbury,837.0,0.0,0.0,837.0
2026-09-18,101070161,LA,65868.0,46296.0,14050.0,98114.0
2026-09-18,101070162,Chicago,2883.0,0.0,432.0,2451.0
2026-09-18,101070162,Cranbury,7098.0,0.0,63.0,7035.0
2026-09-18,101070162,LA,53163.0,0.0,7710.0,45453.0
2026-09-18,101070162,Texas,3128.0,0.0,1449.0,1679.0
2026-09-18,101070163,LA,44348.0,8730.0,14355.0,38723.0
2026-09-18,101070164,Cranbury,189.0,0.0,0.0,189.0
2026-09-18,101070164,LA,49368.0,0.0,103.0,49265.0
2026-09-18,101070165,Chicago,2242.0,0.0,288.0,1954.0
2026-09-18,101070165,Cranbury,4018.0,0.0,630.0,3388.0
2026-09-18,101070165,LA,52923.0,0.0,1755.0,51168.0
2026-09-18,101070165,Texas,548.0,0.0,0.0,548.0
2026-09-18,101070166,LA,19831.0,1260.0,5490.0,15601.0
2026-09-18,101070167,Chicago,864.0,0.0,0.0,864.0
2026-09-18,101070167,LA,23252.0,0.0,0.0,23252.0
2026-09-18,101070167,Texas,576.0,0.0,0.0,576.0
2026-09-18,101070168,Chicago,1552.0,0.0,432.0,1120.0
2026-09-18,101070168,Cranbury,5134.0,2448.0,0.0,7582.0
2026-09-18,101070168,LA,47338.0,188.0,747.0,46779.0
2026-09-18,101070168,Texas,3903.0,0.0,315.0,3588.0
2026-09-18,101070173,LA,150.0,0.0,0.0,150.0
2026-09-18,101070175,LA,87.0,0.0,0.0,87.0
2026-09-18,101070176,LA,7584.0,266.0,266.0,7584.0
2026-09-18,101070177,LA,7215.0,7215.0,7215.0,7215.0
2026-09-18,101070178,LA,30.0,0.0,0.0,30.0
2026-09-18,101070181,Cranbury,41.0,0.0,0.0,41.0
2026-09-18,101070181,LA,18060.0,0.0,2.0,18058.0
2026-09-18,101070182,Cranbury,41.0,0.0,0.0,41.0
2026-09-18,101070182,LA,18244.0,0.0,2.0,18242.0
2026-09-18,101070187,LA,5267.0,0.0,0.0,5267.0
2026-09-18,101070188,LA,7384.0,0.0,0.0,7384.0
2026-09-18,101070191,LA,5342.0,0.0,1.0,5341.0
2026-09-18,101070192,Cranbury,1000.0,0.0,0.0,1000.0
2026-09-18,101070192,LA,18386.0,0.0,0.0,18386.0
2026-09-18,101070193,LA,10377.0,0.0,0.0,10377.0
2026-09-18,101070213,Cranbury,63.0,0.0,0.0,63.0
2026-09-18,101070213,LA,11192.0,0.0,13.0,11179.0
2026-09-18,101070232,LA,718.0,0.0,0.0,718.0
2026-09-18,101070233,LA,656.0,0.0,0.0,656.0
2026-09-18,101070237,Cranbury,0.0,200.0,0.0,200.0
2026-09-18,101070237,LA,22152.0,0.0,0.0,22152.0
2026-09-18,102000276,Cranbury,25.0,0.0,0.0,25.0
2026-09-18,102000276,LA,466.0,0.0,0.0,466.0
2026-09-18,102000283,LA,318.0,0.0,0.0,318.0
2026-09-18,102000288,Cranbury,30.0,0.0,0.0,30.0
2026-09-18,102000288,LA,19.0,0.0,0.0,19.0
2026-09-18,102000305,LA,614.0,0.0,0.0,614.0
2026-09-18,102000382,Chicago,34.0,0.0,0.0,34.0
2026-09-18,102000382,LA,10.0,0.0,0.0,10.0
2026-09-18,102001162,Cranbury,30.0,0.0,0.0,30.0
2026-09-18,102001162,LA,674.0,0.0,0.0,674.0
2026-09-18,102001521,LA,793.0,0.0,0.0,793.0
2026-09-18,102001641,LA,333.0,0.0,0.0,333.0
2026-09-18,102001743,LA,503.0,0.0,0.0,503.0
2026-09-18,102001744,LA,1006.0,0.0,0.0,1006.0
2026-09-18,102002006,Cranbury,60.0,0.0,0.0,60.0
2026-09-18,102002006,LA,120.0,0.0,0.0,120.0
2026-09-18,102002009,LA,472.0,0.0,0.0,472.0
2026-09-18,102002018,Chicago,61.0,0.0,0.0,61.0
2026-09-18,102002018,Cranbury,60.0,0.0,0.0,60.0
2026-09-18,102002018,LA,817.0,0.0,60.0,757.0
2026-09-18,102002033,Cranbury,30.0,0.0,0.0,30.0
2026-09-18,102002033,LA,90.0,0.0,0.0,90.0
2026-09-18,102002036,Cranbury,30.0,0.0,0.0,30.0
2026-09-18,102002036,LA,191.0,0.0,0.0,191.0
2026-09-18,102002037,Cranbury,30.0,0.0,0.0,30.0
2026-09-18,102002037,LA,344.0,0.0,0.0,344.0
2026-09-18,102002069,Chicago,173.0,0.0,0.0,173.0
2026-09-18,102002069,LA,237.0,0.0,0.0,237.0
2026-09-18,102002181,Cranbury,30.0,0.0,0.0,30.0
2026-09-18,102002181,LA,340.0,0.0,0.0,340.0
2026-09-18,102002433,LA,56.0,0.0,0.0,56.0
2026-09-18,102002451,Cranbury,135.0,0.0,0.0,135.0
2026-09-18,102002451,LA,140.0,0.0,0.0,140.0
2026-09-18,102002453,Cranbury,142.0,0.0,0.0,142.0
2026-09-18,102002453,TRANSFER,294.0,0.0,0.0,0.0
2026-09-18,102002453,Texas,294.0,0.0,0.0,294.0
2026-09-18,102002539,LA,2195.0,0.0,0.0,2195.0
2026-09-18,102002539,TRANSFER,60.0,0.0,0.0,0.0
2026-09-18,102002548,LA,1106.0,0.0,0.0,1106.0
2026-09-18,102002584,LA,2393.0,0.0,0.0,2393.0
2026-09-18,102002592,LA,2105.0,0.0,0.0,2105.0
2026-09-18,102002592,TRANSFER,348.0,0.0,0.0,0.0
2026-09-18,102002592,Texas,348.0,0.0,0.0,348.0
2026-09-18,102002642,LA,2126.0,0.0,15.0,2111.0
2026-09-18,102002643,LA,62.0,0.0,0.0,62.0
2026-09-18,102002666,Cranbury,85.0,0.0,0.0,85.0
2026-09-18,102002666,LA,1181.0,0.0,0.0,1181.0
2026-09-18,102002666,TRANSFER,134.0,0.0,0.0,0.0
2026-09-18,102002666,Texas,134.0,0.0,0.0,134.0
2026-09-18,102002730,Cranbury,180.0,0.0,0.0,180.0
2026-09-18,102002730,LA,6878.0,0.0,0.0,6878.0
2026-09-18,102002730,Texas,217.0,0.0,0.0,217.0
2026-09-18,102002731,Cranbury,120.0,0.0,0.0,120.0
2026-09-18,102002731,LA,9498.0,0.0,0.0,9498.0
2026-09-18,102002731,Texas,187.0,0.0,0.0,187.0
2026-09-18,102002753,Cranbury,11.0,0.0,0.0,11.0
2026-09-18,102002753,LA,21.0,0.0,0.0,21.0
2026-09-18,102002755,Cranbury,17.0,0.0,0.0,17.0
2026-09-18,102002755,LA,2164.0,0.0,0.0,2164.0
2026-09-18,102002772,Cranbury,33.0,0.0,0.0,33.0
2026-09-18,102002772,LA,9843.0,0.0,0.0,9843.0
2026-09-18,102002773,Cranbury,35.0,0.0,0.0,35.0
2026-09-18,102002773,LA,10568.0,0.0,0.0,10568.0
2026-09-18,102002774,Cranbury,35.0,0.0,0.0,35.0
2026-09-18,102002774,LA,6007.0,0.0,0.0,6007.0
2026-09-18,102002775,Cranbury,35.0,0.0,0.0,35.0
2026-09-18,102002775,LA,4664.0,0.0,0.0,4664.0
2026-09-18,102002780,LA,9499.0,0.0,0.0,9499.0
2026-09-18,102002784,LA,9500.0,0.0,0.0,9500.0
2026-09-18,102002785,LA,2300.0,0.0,0.0,2300.0
2026-09-18,901001955,Chicago,20.0,0.0,0.0,20.0
2026-09-18,901001955,LA,105.0,0.0,0.0,105.0
2026-09-18,901001956,Chicago,20.0,0.0,0.0,20.0
2026-09-18,901001956,LA,74.0,0.0,0.0,74.0
2026-09-18,901001956,Texas,15.0,0.0,0.0,15.0
2026-09-18,901001957,Chicago,20.0,0.0,0.0,20.0
2026-09-18,901001957,LA,18.0,0.0,0.0,18.0
2026-09-18,901001961,Chicago,42.0,0.0,0.0,42.0
2026-09-18,901001961,LA,38.0,0.0,0.0,38.0
2026-09-18,901001961,Texas,37.0,0.0,0.0,37.0
2026-09-18,901001964,Chicago,20.0,0.0,0.0,20.0
2026-09-18,901001964,LA,7.0,0.0,0.0,7.0
2026-09-18,901001964,Texas,15.0,0.0,0.0,15.0
2026-09-18,902000868,LA,35.0,0.0,0.0,35.0
2026-09-18,902070007,Cranbury,83.0,0.0,0.0,83.0
2026-09-18,902070007,LA,7034.0,0.0,1985.0,5049.0
2026-09-18,903070001,LA,2692.0,0.0,0.0,2692.0
2026-09-17,101001911,LA,14640.0,0.0,75.0,14565.0
2026-09-17,101002188,Chicago,181.0,0.0,0.0,181.0
2026-09-17,101002188,Cranbury,363.0,0.0,0.0,363.0
2026-09-17,101002188,LA,99.0,0.0,0.0,99.0
2026-09-17,101002188,Texas,198.0,0.0,0.0,198.0
2026-09-17,101002379,LA,16359.0,2385.0,2385.0,16359.0
2026-09-17,101002381,Cranbury,150.0,0.0,0.0,150.0
2026-09-17,101002381,LA,2062.0,0.0,675.0,1387.0
2026-09-17,101002381,Texas,975.0,0.0,0.0,975.0
2026-09-17,101002402,Chicago,658.0,0.0,0.0,658.0
2026-09-17,101002402,Cranbury,320.0,0.0,0.0,320.0
2026-09-17,101002402,LA,10.0,0.0,0.0,10.0
2026-09-17,101002612,Chicago,1317.0,0.0,0.0,1317.0
2026-09-17,101002612,Cranbury,1455.0,0.0,270.0,1185.0
2026-09-17,101002612,LA,103099.0,900.0,3150.0,100849.0
2026-09-17,101002612,Texas,4075.0,0.0,300.0,3775.0
2026-09-17,101002613,LA,68.0,0.0,0.0,68.0
2026-09-17,101002622,LA,36594.0,0.0,3680.0,32914.0
2026-09-17,101002640,Chicago,108.0,0.0,0.0,108.0
2026-09-17,101002640,Cranbury,250.0,0.0,0.0,250.0
2026-09-17,101002640,LA,10758.0,0.0,225.0,10533.0
2026-09-17,101002640,Texas,840.0,0.0,180.0,660.0
2026-09-17,101002715,Chicago,1080.0,0.0,0.0,1080.0
2026-09-17,101002715,Cranbury,6345.0,0.0,480.0,5865.0
2026-09-17,101002715,LA,46244.0,0.0,0.0,46244.0
2026-09-17,101002715,Texas,817.0,0.0,0.0,817.0
2026-09-17,101002716,Cranbury,1039.0,0.0,0.0,1039.0
2026-09-17,101002716,LA,6007.0,16639.0,7128.0,15518.0
2026-09-17,101002716,Texas,809.0,0.0,0.0,809.0
2026-09-17,101002717,Chicago,98.0,0.0,0.0,98.0
2026-09-17,101002717,Cranbury,639.0,0.0,0.0,639.0
2026-09-17,101002717,LA,13831.0,0.0,540.0,13291.0
2026-09-17,101002717,Texas,38.0,0.0,0.0,38.0
2026-09-17,101002844,LA,1131.0,0.0,0.0,1131.0
2026-09-17,101002859,Chicago,1413.0,0.0,0.0,1413.0
2026-09-17,101002859,Cranbury,2565.0,0.0,0.0,2565.0
2026-09-17,101002859,LA,17474.0,0.0,2163.0,15311.0
2026-09-17,101002859,Texas,2412.0,0.0,330.0,2082.0
2026-09-17,101003015,Chicago,843.0,0.0,0.0,843.0
2026-09-17,101003015,Cranbury,1440.0,0.0,0.0,1440.0
2026-09-17,101003015,LA,16124.0,13883.0,10944.0,19063.0
2026-09-17,101003015,Texas,575.0,0.0,0.0,575.0
2026-09-17,101003028,LA,3538.0,0.0,0.0,3538.0
2026-09-17,101003118,LA,2729.0,17695.0,9895.0,10529.0
2026-09-17,101003119,LA,174.0,9238.0,0.0,9412.0
2026-09-17,101003122,LA,263.0,0.0,0.0,263.0
2026-09-17,101003133,LA,38906.0,0.0,0.0,38906.0
2026-09-17,101003133,TRANSFER,351.0,0.0,0.0,0.0
2026-09-17,101003133,Texas,351.0,0.0,0.0,351.0
2026-09-17,101003207,LA,9441.0,0.0,0.0,9441.0
2026-09-17,101003241,Chicago,7196.0,0.0,1440.0,5756.0
2026-09-17,101003241,Cranbury,4202.0,0.0,0.0,4202.0
2026-09-17,101003241,LA,148888.0,24480.0,27150.0,146218.0
2026-09-17,101003241,Texas,4232.0,0.0,0.0,4232.0
2026-09-17,101003242,LA,14456.0,0.0,3600.0,10856.0
2026-09-17,101003282,LA,26.0,0.0,0.0,26.0
2026-09-17,101003282,TRANSFER,19.0,0.0,0.0,0.0
2026-09-17,101003282,Texas,490.0,0.0,36.0,454.0
2026-09-17,101003346,Chicago,155.0,0.0,0.0,155.0
2026-09-17,101003346,Cranbury,853.0,0.0,288.0,565.0
2026-09-17,101003346,LA,1.0,0.0,0.0,1.0
2026-09-17,101003346,Texas,814.0,0.0,0.0,814.0
2026-09-17,101003347,Chicago,628.0,0.0,0.0,628.0
2026-09-17,101003347,Cranbury,2015.0,0.0,0.0,2015.0
2026-09-17,101003347,LA,17529.0,0.0,5460.0,12069.0
2026-09-17,101003347,Texas,651.0,0.0,96.0,555.0
2026-09-17,101003359,Chicago,1313.0,0.0,0.0,1313.0
2026-09-17,101003359,Cranbury,2468.0,0.0,0.0,2468.0
2026-09-17,101003359,LA,3103.0,0.0,929.0,2174.0
2026-09-17,101003359,Texas,279.0,0.0,0.0,279.0
2026-09-17,101003360,Chicago,1338.0,0.0,0.0,1338.0
2026-09-17,101003360,Cranbury,1470.0,0.0,0.0,1470.0
2026-09-17,101003360,LA,7730.0,0.0,745.0,6985.0
2026-09-17,101003449,LA,247.0,0.0,0.0,247.0
2026-09-17,101003457,LA,32600.0,0.0,0.0,32600.0
2026-09-17,101003648,LA,56485.0,0.0,13552.0,42933.0
2026-09-17,101003679,LA,449.0,0.0,0.0,449.0
2026-09-17,101003679,TRANSFER,23.0,0.0,0.0,0.0
2026-09-17,101004098,LA,191769.0,130280.0,89952.0,232097.0
2026-09-17,101004125,LA,19767.0,0.0,720.0,19047.0
2026-09-17,101004141,Chicago,1690.0,0.0,0.0,1690.0
2026-09-17,101004141,Cranbury,1518.0,0.0,0.0,1518.0
2026-09-17,101004141,LA,16130.0,12567.0,2845.0,25852.0
2026-09-17,101004148,LA,17286.0,0.0,5760.0,11526.0
2026-09-17,101004157,LA,15.0,0.0,0.0,15.0
2026-09-17,101004174,Chicago,2111.0,0.0,360.0,1751.0
2026-09-17,101004174,Cranbury,3915.0,0.0,0.0,3915.0
2026-09-17,101004174,LA,24864.0,0.0,0.0,24864.0
2026-09-17,101004174,Texas,3533.0,0.0,165.0,3368.0
2026-09-17,101004183,Chicago,918.0,0.0,0.0,918.0
2026-09-17,101004183,LA,7115.0,6088.0,6398.0,6805.0
2026-09-17,101004189,LA,4247.0,0.0,2160.0,2087.0
2026-09-17,101004196,Cranbury,1440.0,0.0,0.0,1440.0
2026-09-17,101004196,LA,26281.0,0.0,480.0,25801.0
2026-09-17,101004196,TRANSFER,96.0,0.0,0.0,0.0
2026-09-17,101004196,Texas,96.0,0.0,0.0,96.0
2026-09-17,101004214,LA,39088.0,2982.0,2982.0,39088.0
2026-09-17,101004220,LA,8078.0,0.0,0.0,8078.0
2026-09-17,101004224,Chicago,90.0,0.0,0.0,90.0
2026-09-17,101004224,Cranbury,863.0,0.0,576.0,287.0
2026-09-17,101004224,LA,160100.0,7560.0,12666.0,154994.0
2026-09-17,101004224,Texas,2662.0,0.0,0.0,2662.0
2026-09-17,101004226,LA,39.0,0.0,0.0,39.0
2026-09-17,101004227,LA,134.0,0.0,0.0,134.0
2026-09-17,101004229,Chicago,554.0,0.0,0.0,554.0
2026-09-17,101004229,Cranbury,436.0,0.0,0.0,436.0
2026-09-17,101004229,LA,12287.0,0.0,857.0,11430.0
2026-09-17,101004229,Texas,529.0,0.0,72.0,457.0
2026-09-17,101004230,Chicago,641.0,0.0,0.0,641.0
2026-09-17,101004230,Cranbury,979.0,0.0,360.0,619.0
2026-09-17,101004230,LA,34921.0,0.0,10790.0,24131.0
2026-09-17,101004230,Texas,726.0,0.0,144.0,582.0
2026-09-17,101004233,Chicago,354.0,0.0,0.0,354.0
2026-09-17,101004233,Cranbury,1615.0,0.0,0.0,1615.0
2026-09-17,101004233,LA,79960.0,5760.0,11913.0,73807.0
2026-09-17,101004233,Texas,4772.0,0.0,480.0,4292.0
2026-09-17,101004240,LA,125.0,0.0,0.0,125.0
2026-09-17,101004245,Chicago,511.0,0.0,0.0,511.0
2026-09-17,101004245,Cranbury,17.0,0.0,0.0,17.0
2026-09-17,101004245,LA,9.0,0.0,0.0,9.0
2026-09-17,101004245,Texas,312.0,0.0,96.0,216.0
2026-09-17,101004246,LA,2482.0,0.0,0.0,2482.0
2026-09-17,101004256,LA,197.0,0.0,0.0,197.0
2026-09-17,101004257,Chicago,951.0,0.0,0.0,951.0
2026-09-17,101004257,Cranbury,2307.0,0.0,192.0,2115.0
2026-09-17,101004257,LA,43543.0,996.0,4230.0,40309.0
2026-09-17,101004257,Texas,6337.0,0.0,480.0,5857.0
2026-09-17,101004261,Chicago,825.0,0.0,0.0,825.0
2026-09-17,101004261,Cranbury,4550.0,0.0,360.0,4190.0
2026-09-17,101004261,LA,33269.0,0.0,2736.0,30533.0
2026-09-17,101004261,Texas,3487.0,0.0,432.0,3055.0
2026-09-17,101004262,LA,3255.0,0.0,0.0,3255.0
2026-09-17,101004378,Cranbury,152.0,0.0,0.0,152.0
2026-09-17,101004378,LA,617.0,0.0,0.0,617.0
2026-09-17,101004378,TRANSFER,37.0,0.0,0.0,0.0
2026-09-17,101005690,Chicago,398.0,0.0,0.0,398.0
2026-09-17,101005690,Cranbury,384.0,0.0,0.0,384.0
2026-09-17,101005690,LA,32030.0,0.0,1135.0,30895.0
2026-09-17,101005690,Texas,1671.0,0.0,192.0,1479.0
2026-09-17,101006220,LA,372.0,0.0,0.0,372.0
2026-09-17,101006220,Texas,550.0,0.0,36.0,514.0
2026-09-17,101006320,LA,808.0,0.0,9.0,799.0
2026-09-17,101006714,Cranbury,18.0,0.0,0.0,18.0
2026-09-17,101006714,LA,4.0,0.0,0.0,4.0
2026-09-17,101006821,LA,1385.0,0.0,0.0,1385.0
2026-09-17,101006900,Cranbury,72.0,0.0,0.0,72.0
2026-09-17,101006900,LA,83.0,0.0,0.0,83.0
2026-09-17,101006964,LA,2291.0,0.0,0.0,2291.0
2026-09-17,101007028,LA,1385.0,0.0,0.0,1385.0
2026-09-17,101007029,LA,3708.0,0.0,14.0,3694.0
2026-09-17,101007065,TRANSFER,200.0,0.0,0.0,0.0
2026-09-17,101007073,Cranbury,216.0,0.0,0.0,216.0
2026-09-17,101007073,LA,3507.0,0.0,4.0,3503.0
2026-09-17,101007310,Cranbury,329.0,0.0,0.0,329.0
2026-09-17,101007310,LA,13034.0,0.0,0.0,13034.0
2026-09-17,101007351,LA,504903.0,22348.0,12375.0,514876.0
2026-09-17,101007391,Chicago,144.0,0.0,0.0,144.0
2026-09-17,101007391,Cranbury,64.0,0.0,48.0,16.0
2026-09-17,101007391,LA,4118.0,0.0,451.0,3667.0
2026-09-17,101007391,Texas,576.0,0.0,0.0,576.0
2026-09-17,101007394,Chicago,144.0,0.0,0.0,144.0
2026-09-17,101007394,Cranbury,316.0,0.0,0.0,316.0
2026-09-17,101007394,LA,2856.0,0.0,72.0,2784.0
2026-09-17,101007402,Chicago,144.0,0.0,0.0,144.0
2026-09-17,101007402,Cranbury,139.0,0.0,0.0,139.0
2026-09-17,101007402,LA,8915.0,0.0,217.0,8698.0
2026-09-17,101007594,Cranbury,80.0,0.0,0.0,80.0
2026-09-17,101007594,LA,5752.0,0.0,80.0,5672.0
2026-09-17,101007596,Cranbury,80.0,0.0,0.0,80.0
2026-09-17,101007596,LA,5908.0,0.0,0.0,5908.0
2026-09-17,101070017,Cranbury,96.0,0.0,0.0,96.0
2026-09-17,101070017,LA,38.0,0.0,0.0,38.0
2026-09-17,101070017,Texas,1920.0,0.0,0.0,1920.0
2026-09-17,101070024,LA,7443.0,0.0,0.0,7443.0
2026-09-17,101070040,Cranbury,20.0,0.0,0.0,20.0
2026-09-17,101070040,LA,6647.0,0.0,26.0,6621.0
2026-09-17,101070041,LA,8191.0,0.0,0.0,8191.0
2026-09-17,101070060,LA,4431.0,0.0,0.0,4431.0
2026-09-17,101070075,LA,7330.0,0.0,0.0,7330.0
2026-09-17,101070075,Texas,173.0,0.0,0.0,173.0
2026-09-17,101070079,Cranbury,1260.0,0.0,0.0,1260.0
2026-09-17,101070079,LA,7761.0,0.0,6.0,7755.0
2026-09-17,101070079,Texas,264.0,0.0,0.0,264.0
2026-09-17,101070085,LA,8.0,0.0,0.0,8.0
2026-09-17,101070097,Cranbury,188.0,0.0,0.0,188.0
2026-09-17,101070097,LA,202.0,0.0,2.0,200.0
2026-09-17,101070101,LA,415.0,0.0,0.0,415.0
2026-09-17,101070105,Chicago,216.0,0.0,0.0,216.0
2026-09-17,101070105,LA,116621.0,7832.0,15123.0,109330.0
2026-09-17,101070105,Texas,686.0,0.0,0.0,686.0
2026-09-17,101070106,LA,209015.0,52124.0,21120.0,240019.0
2026-09-17,101070107,LA,937.0,0.0,128.0,809.0
2026-09-17,101070108,Cranbury,1869.0,0.0,0.0,1869.0
2026-09-17,101070108,LA,69009.0,0.0,320.0,68689.0
2026-09-17,101070109,LA,59079.0,0.0,180.0,58899.0
2026-09-17,101070110,Chicago,648.0,0.0,0.0,648.0
2026-09-17,101070110,LA,10454.0,0.0,539.0,9915.0
2026-09-17,101070110,Texas,23.0,0.0,0.0,23.0
2026-09-17,101070111,LA,2.0,0.0,0.0,2.0
2026-09-17,101070112,LA,96243.0,5670.0,9325.0,92588.0
2026-09-17,101070112,Texas,25.0,0.0,0.0,25.0
2026-09-17,101070115,Chicago,62.0,0.0,0.0,62.0
2026-09-17,101070115,Cranbury,131.0,0.0,0.0,131.0
2026-09-17,101070115,LA,8348.0,0.0,3.0,8345.0
2026-09-17,101070115,Texas,155.0,0.0,0.0,155.0
2026-09-17,101070116,Chicago,33.0,0.0,0.0,33.0
2026-09-17,101070116,Cranbury,243.0,0.0,0.0,243.0
2026-09-17,101070116,LA,14035.0,6480.0,7159.0,13356.0
2026-09-17,101070116,Texas,155.0,0.0,0.0,155.0
2026-09-17,101070117,Chicago,2.0,0.0,0.0,2.0
2026-09-17,101070117,Cranbury,158.0,0.0,0.0,158.0
2026-09-17,101070117,LA,11851.0,0.0,1.0,11850.0
2026-09-17,101070117,Texas,155.0,0.0,0.0,155.0
2026-09-17,101070118,Cranbury,88.0,0.0,0.0,88.0
2026-09-17,101070118,LA,9151.0,0.0,481.0,8670.0
2026-09-17,101070118,Texas,155.0,0.0,0.0,155.0
2026-09-17,101070119,LA,962.0,0.0,0.0,962.0
2026-09-17,101070127,LA,132681.0,2240.0,4000.0,130921.0
2026-09-17,101070129,LA,27599.0,0.0,0.0,27599.0
2026-09-17,101070130,LA,21415.0,0.0,0.0,21415.0
2026-09-17,101070131,LA,26566.0,0.0,3418.0,23148.0
2026-09-17,101070132,LA,54.0,0.0,0.0,54.0
2026-09-17,101070134,Chicago,6740.0,0.0,0.0,6740.0
2026-09-17,101070134,Cranbury,5690.0,0.0,0.0,5690.0
2026-09-17,101070134,LA,44500.0,3672.0,3672.0,44500.0
2026-09-17,101070134,Texas,9424.0,0.0,768.0,8656.0
2026-09-17,101070135,Chicago,321.0,0.0,0.0,321.0
2026-09-17,101070135,Cranbury,836.0,0.0,0.0,836.0
2026-09-17,101070135,LA,5098.0,0.0,153.0,4945.0
2026-09-17,101070135,TRANSFER,3240.0,0.0,0.0,0.0
2026-09-17,101070135,Texas,4044.0,0.0,144.0,3900.0
2026-09-17,101070137,Chicago,285.0,0.0,0.0,285.0
2026-09-17,101070138,Chicago,285.0,0.0,0.0,285.0
2026-09-17,101070139,Chicago,285.0,0.0,0.0,285.0
2026-09-17,101070141,LA,48.0,0.0,0.0,48.0
2026-09-17,101070149,LA,68669.0,0.0,1.0,68668.0
2026-09-17,101070152,LA,1093.0,13289.0,4032.0,10350.0
2026-09-17,101070153,Chicago,719.0,0.0,0.0,719.0
2026-09-17,101070153,Cranbury,2620.0,0.0,0.0,2620.0
2026-09-17,101070153,LA,40339.0,14742.0,10768.0,44313.0
2026-09-17,101070153,Texas,532.0,0.0,0.0,532.0
2026-09-17,101070154,Chicago,746.0,0.0,288.0,458.0
2026-09-17,101070154,Cranbury,2987.0,0.0,0.0,2987.0
2026-09-17,101070154,LA,11707.0,0.0,1207.0,10500.0
2026-09-17,101070154,Texas,525.0,0.0,0.0,525.0
2026-09-17,101070155,Cranbury,801.0,0.0,0.0,801.0
2026-09-17,101070155,LA,33960.0,28732.0,25927.0,36765.0
2026-09-17,101070156,Chicago,1635.0,0.0,720.0,915.0
2026-09-17,101070156,Cranbury,5270.0,0.0,63.0,5207.0
2026-09-17,101070156,LA,92903.0,35704.0,18189.0,110418.0
2026-09-17,101070156,TRANSFER,63.0,0.0,0.0,0.0
2026-09-17,101070156,Texas,1927.0,0.0,252.0,1675.0
2026-09-17,101070157,LA,16856.0,0.0,20.0,16836.0
2026-09-17,101070158,Chicago,725.0,0.0,0.0,725.0
2026-09-17,101070158,Cranbury,2958.0,0.0,0.0,2958.0
2026-09-17,101070158,LA,23483.0,4658.0,1161.0,26980.0
2026-09-17,101070158,Texas,45.0,0.0,0.0,45.0
2026-09-17,101070161,Cranbury,837.0,0.0,0.0,837.0
2026-09-17,101070161,LA,59863.0,14049.0,8044.0,65868.0
2026-09-17,101070162,Chicago,3171.0,0.0,288.0,2883.0
2026-09-17,101070162,Cranbury,7161.0,0.0,63.0,7098.0
2026-09-17,101070162,LA,57379.0,0.0,4216.0,53163.0
2026-09-17,101070162,Texas,3380.0,0.0,252.0,3128.0
2026-09-17,101070163,LA,51008.0,0.0,6660.0,44348.0
2026-09-17,101070164,Cranbury,189.0,0.0,0.0,189.0
2026-09-17,101070164,LA,53255.0,0.0,3887.0,49368.0
2026-09-17,101070165,Chicago,2674.0,0.0,432.0,2242.0
2026-09-17,101070165,Cranbury,4018.0,0.0,0.0,4018.0
2026-09-17,101070165,LA,54273.0,941.0,2291.0,52923.0
2026-09-17,101070165,Texas,548.0,0.0,0.0,548.0
2026-09-17,101070166,LA,21001.0,0.0,1170.0,19831.0
2026-09-17,101070167,Chicago,864.0,0.0,0.0,864.0
2026-09-17,101070167,LA,23254.0,0.0,2.0,23252.0
2026-09-17,101070167,Texas,576.0,0.0,0.0,576.0
2026-09-17,101070168,Chicago,1552.0,0.0,0.0,1552.0
2026-09-17,101070168,Cranbury,5197.0,0.0,63.0,5134.0
2026-09-17,101070168,LA,50695.0,1995.0,5352.0,47338.0
2026-09-17,101070168,Texas,4344.0,0.0,441.0,3903.0
2026-09-17,101070173,LA,150.0,0.0,0.0,150.0
2026-09-17,101070175,LA,87.0,0.0,0.0,87.0
2026-09-17,101070176,LA,2998.0,11786.0,7200.0,7584.0
2026-09-17,101070177,LA,0.0,7215.0,0.0,7215.0
2026-09-17,101070178,LA,30.0,0.0,0.0,30.0
2026-09-17,101070181,Cranbury,41.0,0.0,0.0,41.0
2026-09-17,101070181,LA,18066.0,0.0,6.0,18060.0
2026-09-17,101070182,Cranbury,41.0,0.0,0.0,41.0
2026-09-17,101070182,LA,18250.0,0.0,6.0,18244.0
2026-09-17,101070187,LA,5771.0,0.0,504.0,5267.0
2026-09-17,101070188,LA,7573.0,0.0,189.0,7384.0
2026-09-17,101070191,LA,5343.0,0.0,1.0,5342.0
2026-09-17,101070192,Cranbury,1000.0,0.0,0.0,1000.0
2026-09-17,101070192,LA,19359.0,0.0,973.0,18386.0
2026-09-17,101070193,LA,11433.0,0.0,1056.0,10377.0
2026-09-17,101070213,Cranbury,63.0,0.0,0.0,63.0
2026-09-17,101070213,LA,11974.0,604.0,1386.0,11192.0
2026-09-17,101070232,LA,718.0,0.0,0.0,718.0
2026-09-17,101070233,LA,656.0,0.0,0.0,656.0
2026-09-17,101070237,LA,22152.0,0.0,0.0,22152.0
2026-09-17,102000276,Cranbury,25.0,0.0,0.0,25.0
2026-09-17,102000276,LA,466.0,0.0,0.0,466.0
2026-09-17,102000283,LA,318.0,0.0,0.0,318.0
2026-09-17,102000288,Cranbury,30.0,0.0,0.0,30.0
2026-09-17,102000288,LA,19.0,0.0,0.0,19.0
2026-09-17,102000305,LA,614.0,0.0,0.0,614.0
2026-09-17,102000382,Chicago,34.0,0.0,0.0,34.0
2026-09-17,102000382,LA,10.0,0.0,0.0,10.0
2026-09-17,102001162,Cranbury,30.0,0.0,0.0,30.0
2026-09-17,102001162,LA,674.0,0.0,0.0,674.0
2026-09-17,102001521,LA,793.0,0.0,0.0,793.0
2026-09-17,102001641,LA,333.0,0.0,0.0,333.0
2026-09-17,102001743,LA,503.0,0.0,0.0,503.0
2026-09-17,102001744,LA,1006.0,0.0,0.0,1006.0
2026-09-17,102002006,Cranbury,60.0,0.0,0.0,60.0
2026-09-17,102002006,LA,120.0,0.0,0.0,120.0
2026-09-17,102002009,LA,472.0,0.0,0.0,472.0
2026-09-17,102002018,Chicago,61.0,0.0,0.0,61.0
2026-09-17,102002018,Cranbury,60.0,0.0,0.0,60.0
2026-09-17,102002018,LA,877.0,0.0,60.0,817.0
2026-09-17,102002033,Cranbury,30.0,0.0,0.0,30.0
2026-09-17,102002033,LA,90.0,0.0,0.0,90.0
2026-09-17,102002036,Cranbury,30.0,0.0,0.0,30.0
2026-09-17,102002036,LA,191.0,0.0,0.0,191.0
2026-09-17,102002037,Cranbury,30.0,0.0,0.0,30.0
2026-09-17,102002037,LA,344.0,0.0,0.0,344.0
2026-09-17,102002069,Chicago,173.0,0.0,0.0,173.0
2026-09-17,102002069,LA,237.0,0.0,0.0,237.0
2026-09-17,102002181,Cranbury,30.0,0.0,0.0,30.0
2026-09-17,102002181,LA,345.0,0.0,5.0,340.0
2026-09-17,102002433,LA,134.0,0.0,78.0,56.0
2026-09-17,102002451,Cranbury,135.0,0.0,0.0,135.0
2026-09-17,102002451,LA,140.0,0.0,0.0,140.0
2026-09-17,102002453,Cranbury,142.0,0.0,0.0,142.0
2026-09-17,102002453,TRANSFER,294.0,0.0,0.0,0.0
2026-09-17,102002453,Texas,294.0,0.0,0.0,294.0
2026-09-17,102002539,LA,2195.0,0.0,0.0,2195.0
2026-09-17,102002539,TRANSFER,60.0,0.0,0.0,0.0
2026-09-17,102002548,LA,1106.0,0.0,0.0,1106.0
2026-09-17,102002584,LA,2393.0,0.0,0.0,2393.0
2026-09-17,102002592,LA,2105.0,0.0,0.0,2105.0
2026-09-17,102002592,TRANSFER,348.0,0.0,0.0,0.0
2026-09-17,102002592,Texas,348.0,0.0,0.0,348.0
2026-09-17,102002642,LA,2126.0,0.0,0.0,2126.0
2026-09-17,102002643,LA,62.0,0.0,0.0,62.0
2026-09-17,102002666,Cranbury,85.0,0.0,0.0,85.0
2026-09-17,102002666,LA,1181.0,0.0,0.0,1181.0
2026-09-17,102002666,TRANSFER,134.0,0.0,0.0,0.0
2026-09-17,102002666,Texas,134.0,0.0,0.0,134.0
2026-09-17,102002730,Cranbury,180.0,0.0,0.0,180.0
2026-09-17,102002730,LA,6938.0,0.0,60.0,6878.0
2026-09-17,102002730,Texas,217.0,0.0,0.0,217.0
2026-09-17,102002731,Cranbury,120.0,0.0,0.0,120.0
2026-09-17,102002731,LA,9498.0,0.0,0.0,9498.0
2026-09-17,102002731,Texas,187.0,0.0,0.0,187.0
2026-09-17,102002753,Cranbury,11.0,0.0,0.0,11.0
2026-09-17,102002753,LA,21.0,0.0,0.0,21.0
2026-09-17,102002755,Cranbury,17.0,0.0,0.0,17.0
2026-09-17,102002755,LA,2164.0,0.0,0.0,2164.0
2026-09-17,102002772,Cranbury,33.0,0.0,0.0,33.0
2026-09-17,102002772,LA,9843.0,0.0,0.0,9843.0
2026-09-17,102002773,Cranbury,35.0,0.0,0.0,35.0
2026-09-17,102002773,LA,10568.0,0.0,0.0,10568.0
2026-09-17,102002774,Cranbury,35.0,0.0,0.0,35.0
2026-09-17,102002774,LA,6007.0,0.0,0.0,6007.0
2026-09-17,102002775,Cranbury,35.0,0.0,0.0,35.0
2026-09-17,102002775,LA,4664.0,0.0,0.0,4664.0
2026-09-17,102002780,LA,9499.0,0.0,0.0,9499.0
2026-09-17,102002784,LA,9500.0,0.0,0.0,9500.0
2026-09-17,102002785,LA,2300.0,0.0,0.0,2300.0
2026-09-17,901001955,Chicago,20.0,0.0,0.0,20.0
2026-09-17,901001955,LA,105.0,0.0,0.0,105.0
2026-09-17,901001956,Chicago,20.0,0.0,0.0,20.0
2026-09-17,901001956,LA,74.0,0.0,0.0,74.0
2026-09-17,901001956,Texas,15.0,0.0,0.0,15.0
2026-09-17,901001957,Chicago,20.0,0.0,0.0,20.0
2026-09-17,901001957,LA,18.0,0.0,0.0,18.0
2026-09-17,901001961,Chicago,42.0,0.0,0.0,42.0
2026-09-17,901001961,LA,38.0,0.0,0.0,38.0
2026-09-17,901001961,Texas,37.0,0.0,0.0,37.0
2026-09-17,901001964,Chicago,20.0,0.0,0.0,20.0
2026-09-17,901001964,LA,7.0,0.0,0.0,7.0
2026-09-17,901001964,Texas,15.0,0.0,0.0,15.0
2026-09-17,902000868,LA,35.0,0.0,0.0,35.0
2026-09-17,902070007,Cranbury,83.0,0.0,0.0,83.0
2026-09-17,902070007,LA,7034.0,0.0,0.0,7034.0
2026-09-17,903070001,LA,2692.0,0.0,0.0,2692.0
2026-09-28,101001911,LA,14466.0,0.0,77.0,14389.0
2026-09-28,101002188,Chicago,217.0,0.0,0.0,217.0
2026-09-28,101002188,Cranbury,210.0,0.0,0.0,210.0
2026-09-28,101002188,Texas,198.0,0.0,0.0,198.0
2026-09-28,101002379,LA,10334.0,0.0,5920.0,4414.0
2026-09-28,101002381,Chicago,600.0,0.0,0.0,600.0
2026-09-28,101002381,Cranbury,147.0,0.0,0.0,147.0
2026-09-28,101002381,LA,4240.0,8700.0,4147.0,8793.0
2026-09-28,101002381,Texas,825.0,0.0,0.0,825.0
2026-09-28,101002402,Chicago,556.0,0.0,144.0,412.0
2026-09-28,101002402,Cranbury,194.0,0.0,0.0,194.0
2026-09-28,101002402,LA,10.0,0.0,0.0,10.0
2026-09-28,101002612,Chicago,1287.0,0.0,0.0,1287.0
2026-09-28,101002612,Cranbury,3485.0,0.0,600.0,2885.0
2026-09-28,101002612,LA,92745.0,1800.0,3537.0,91008.0
2026-09-28,101002612,Texas,3175.0,0.0,0.0,3175.0
2026-09-28,101002613,LA,4326.0,0.0,12.0,4314.0
2026-09-28,101002622,LA,22579.0,625.0,2225.0,20979.0
2026-09-28,101002640,Chicago,108.0,0.0,0.0,108.0
2026-09-28,101002640,Cranbury,245.0,0.0,0.0,245.0
2026-09-28,101002640,LA,6502.0,0.0,246.0,6256.0
2026-09-28,101002640,Texas,444.0,612.0,0.0,1056.0
2026-09-28,101002715,Chicago,960.0,720.0,0.0,1680.0
2026-09-28,101002715,Cranbury,7105.0,0.0,2720.0,4385.0
2026-09-28,101002715,LA,75392.0,1440.0,2280.0,74552.0
2026-09-28,101002715,Texas,817.0,0.0,0.0,817.0
2026-09-28,101002716,Cranbury,391.0,0.0,0.0,391.0
2026-09-28,101002716,LA,15194.0,0.0,0.0,15194.0
2026-09-28,101002716,Texas,809.0,0.0,0.0,809.0
2026-09-28,101002717,Chicago,98.0,0.0,0.0,98.0
2026-09-28,101002717,Cranbury,1359.0,0.0,160.0,1199.0
2026-09-28,101002717,LA,11191.0,0.0,360.0,10831.0
2026-09-28,101002717,Texas,218.0,0.0,0.0,218.0
2026-09-28,101002844,LA,1364.0,0.0,432.0,932.0
2026-09-28,101002859,Chicago,1113.0,360.0,0.0,1473.0
2026-09-28,101002859,Cranbury,3180.0,0.0,825.0,2355.0
2026-09-28,101002859,LA,46961.0,0.0,2805.0,44156.0
2026-09-28,101002859,Texas,1719.0,900.0,360.0,2259.0
2026-09-28,101003015,Chicago,817.0,0.0,0.0,817.0
2026-09-28,101003015,Cranbury,864.0,0.0,0.0,864.0
2026-09-28,101003015,LA,18343.0,0.0,416.0,17927.0
2026-09-28,101003015,Texas,575.0,0.0,0.0,575.0
2026-09-28,101003028,LA,10878.0,0.0,0.0,10878.0
2026-09-28,101003118,LA,3329.0,0.0,0.0,3329.0
2026-09-28,101003119,LA,2092.0,0.0,0.0,2092.0
2026-09-28,101003122,LA,6217.0,0.0,0.0,6217.0
2026-09-28,101003133,LA,38906.0,0.0,0.0,38906.0
2026-09-28,101003207,LA,9441.0,0.0,0.0,9441.0
2026-09-28,101003241,Chicago,4101.0,0.0,0.0,4101.0
2026-09-28,101003241,Cranbury,8417.0,0.0,1650.0,6767.0
2026-09-28,101003241,LA,128259.0,0.0,6338.0,121921.0
2026-09-28,101003241,Texas,4832.0,1080.0,1800.0,4112.0
2026-09-28,101003242,LA,7256.0,26084.0,10744.0,22596.0
2026-09-28,101003282,LA,26.0,0.0,0.0,26.0
2026-09-28,101003282,TRANSFER,19.0,0.0,0.0,0.0
2026-09-28,101003282,Texas,382.0,0.0,0.0,382.0
2026-09-28,101003346,Chicago,155.0,0.0,155.0,0.0
2026-09-28,101003346,Cranbury,541.0,0.0,0.0,541.0
2026-09-28,101003346,LA,1.0,0.0,0.0,1.0
2026-09-28,101003346,Texas,814.0,0.0,0.0,814.0
2026-09-28,101003347,Chicago,1060.0,0.0,0.0,1060.0
2026-09-28,101003347,Cranbury,3047.0,0.0,48.0,2999.0
2026-09-28,101003347,LA,4101.0,0.0,2268.0,1833.0
2026-09-28,101003347,Texas,1011.0,0.0,0.0,1011.0
2026-09-28,101003359,Chicago,1313.0,0.0,0.0,1313.0
2026-09-28,101003359,Cranbury,1973.0,0.0,330.0,1643.0
2026-09-28,101003359,LA,13973.0,0.0,2340.0,11633.0
2026-09-28,101003359,Texas,369.0,0.0,360.0,9.0
2026-09-28,101003360,Chicago,1338.0,0.0,0.0,1338.0
2026-09-28,101003360,Cranbury,1470.0,0.0,0.0,1470.0
2026-09-28,101003360,LA,2535.0,0.0,1183.0,1352.0
2026-09-28,101003449,LA,247.0,0.0,0.0,247.0
2026-09-28,101003457,LA,32600.0,0.0,0.0,32600.0
2026-09-28,101003648,LA,3685.0,0.0,0.0,3685.0
2026-09-28,101003679,LA,448.0,0.0,0.0,448.0
2026-09-28,101003679,TRANSFER,23.0,0.0,0.0,0.0
2026-09-28,101003941,LA,27062.0,11146.0,0.0,38208.0
2026-09-28,101004098,LA,277338.0,384.0,9696.0,268026.0
2026-09-28,101004125,LA,14257.0,540.0,990.0,13807.0
2026-09-28,101004141,Chicago,1590.0,0.0,20.0,1570.0
2026-09-28,101004141,Cranbury,2490.0,0.0,216.0,2274.0
2026-09-28,101004141,LA,18363.0,16447.0,8323.0,26487.0
2026-09-28,101004141,Texas,324.0,0.0,324.0,0.0
2026-09-28,101004148,LA,32720.0,0.0,5760.0,26960.0
2026-09-28,101004157,LA,15.0,0.0,0.0,15.0
2026-09-28,101004174,Chicago,851.0,0.0,0.0,851.0
2026-09-28,101004174,Cranbury,4005.0,0.0,495.0,3510.0
2026-09-28,101004174,LA,20212.0,0.0,2658.0,17554.0
2026-09-28,101004174,Texas,2378.0,0.0,360.0,2018.0
2026-09-28,101004183,Chicago,918.0,0.0,0.0,918.0
2026-09-28,101004183,Cranbury,720.0,0.0,0.0,720.0
2026-09-28,101004183,LA,6094.0,5066.0,0.0,11160.0
2026-09-28,101004189,LA,2087.0,0.0,0.0,2087.0
2026-09-28,101004196,Cranbury,1248.0,0.0,0.0,1248.0
2026-09-28,101004196,LA,20231.0,0.0,96.0,20135.0
2026-09-28,101004214,LA,19888.0,14240.0,7680.0,26448.0
2026-09-28,101004220,LA,8078.0,0.0,0.0,8078.0
2026-09-28,101004224,Chicago,738.0,648.0,0.0,1386.0
2026-09-28,101004224,Cranbury,8063.0,0.0,384.0,7679.0
2026-09-28,101004224,LA,146008.0,0.0,384.0,145624.0
2026-09-28,101004224,Texas,2230.0,0.0,0.0,2230.0
2026-09-28,101004226,LA,39.0,0.0,0.0,39.0
2026-09-28,101004227,LA,3843.0,0.0,0.0,3843.0
2026-09-28,101004229,Chicago,554.0,0.0,0.0,554.0
2026-09-28,101004229,Cranbury,418.0,0.0,0.0,418.0
2026-09-28,101004229,LA,12657.0,0.0,394.0,12263.0
2026-09-28,101004229,Texas,385.0,0.0,0.0,385.0
2026-09-28,101004230,Chicago,641.0,0.0,0.0,641.0
2026-09-28,101004230,Cranbury,565.0,0.0,45.0,520.0
2026-09-28,101004230,LA,2116.0,1020.0,1677.0,1459.0
2026-09-28,101004230,Texas,1302.0,0.0,0.0,1302.0
2026-09-28,101004233,Chicago,1122.0,0.0,0.0,1122.0
2026-09-28,101004233,Cranbury,463.0,0.0,192.0,271.0
2026-09-28,101004233,LA,60264.0,0.0,3438.0,56826.0
2026-09-28,101004233,Texas,3044.0,0.0,0.0,3044.0
2026-09-28,101004240,LA,125.0,0.0,0.0,125.0
2026-09-28,101004245,Chicago,501.0,0.0,0.0,501.0
2026-09-28,101004245,Cranbury,17.0,0.0,0.0,17.0
2026-09-28,101004245,LA,9.0,0.0,2.0,7.0
2026-09-28,101004245,Texas,24.0,0.0,0.0,24.0
2026-09-28,101004246,LA,2482.0,0.0,0.0,2482.0
2026-09-28,101004256,LA,197.0,0.0,0.0,197.0
2026-09-28,101004257,Chicago,951.0,0.0,0.0,951.0
2026-09-28,101004257,Cranbury,1827.0,0.0,768.0,1059.0
2026-09-28,101004257,LA,27232.0,0.0,3360.0,23872.0
2026-09-28,101004257,Texas,3553.0,0.0,0.0,3553.0
2026-09-28,101004261,Chicago,1311.0,0.0,51.0,1260.0
2026-09-28,101004261,Cranbury,2183.0,0.0,661.0,1522.0
2026-09-28,101004261,LA,20998.0,0.0,2592.0,18406.0
2026-09-28,101004261,Texas,436.0,0.0,162.0,274.0
2026-09-28,101004262,LA,3255.0,0.0,0.0,3255.0
2026-09-28,101004378,Cranbury,152.0,0.0,0.0,152.0
2026-09-28,101004378,LA,481.0,0.0,0.0,481.0
2026-09-28,101004378,TRANSFER,37.0,0.0,0.0,0.0
2026-09-28,101005690,Chicago,398.0,0.0,0.0,398.0
2026-09-28,101005690,Cranbury,384.0,0.0,0.0,384.0
2026-09-28,101005690,LA,26803.0,0.0,1530.0,25273.0
2026-09-28,101005690,Texas,1959.0,0.0,0.0,1959.0
2026-09-28,101006220,LA,84.0,0.0,0.0,84.0
2026-09-28,101006220,Texas,46.0,0.0,0.0,46.0
2026-09-28,101006320,LA,78.0,0.0,0.0,78.0
2026-09-28,101006714,Cranbury,10.0,0.0,0.0,10.0
2026-09-28,101006714,LA,4.0,0.0,0.0,4.0
2026-09-28,101006821,LA,1385.0,0.0,0.0,1385.0
2026-09-28,101006900,Cranbury,72.0,0.0,0.0,72.0
2026-09-28,101006900,LA,83.0,0.0,0.0,83.0
2026-09-28,101006964,LA,2246.0,0.0,112.0,2134.0
2026-09-28,101007028,LA,24.0,0.0,0.0,24.0
2026-09-28,101007029,LA,999.0,0.0,0.0,999.0
2026-09-28,101007065,TRANSFER,200.0,0.0,0.0,0.0
2026-09-28,101007073,Cranbury,216.0,0.0,0.0,216.0
2026-09-28,101007073,LA,2696.0,0.0,273.0,2423.0
2026-09-28,101007310,Cranbury,319.0,0.0,0.0,319.0
2026-09-28,101007310,LA,11648.0,0.0,0.0,11648.0
2026-09-28,101007351,LA,509006.0,13724.0,13325.0,509405.0
2026-09-28,101007391,Chicago,432.0,0.0,0.0,432.0
2026-09-28,101007391,Cranbury,7.0,0.0,0.0,7.0
2026-09-28,101007391,LA,3181.0,0.0,78.0,3103.0
2026-09-28,101007391,Texas,1296.0,0.0,0.0,1296.0
2026-09-28,101007394,Chicago,144.0,0.0,0.0,144.0
2026-09-28,101007394,Cranbury,304.0,0.0,0.0,304.0
2026-09-28,101007394,LA,2711.0,0.0,0.0,2711.0
2026-09-28,101007402,Chicago,144.0,0.0,0.0,144.0
2026-09-28,101007402,Cranbury,134.0,0.0,0.0,134.0
2026-09-28,101007402,LA,8620.0,0.0,1.0,8619.0
2026-09-28,101007594,Cranbury,80.0,0.0,0.0,80.0
2026-09-28,101007594,LA,5592.0,0.0,0.0,5592.0
2026-09-28,101007594,Texas,80.0,0.0,80.0,0.0
2026-09-28,101007596,Cranbury,80.0,0.0,0.0,80.0
2026-09-28,101007596,LA,5748.0,0.0,0.0,5748.0
2026-09-28,101007596,Texas,80.0,0.0,80.0,0.0
2026-09-28,101070017,Cranbury,96.0,0.0,0.0,96.0
2026-09-28,101070017,LA,4327.0,0.0,576.0,3751.0
2026-09-28,101070017,Texas,1920.0,0.0,0.0,1920.0
2026-09-28,101070024,LA,4791.0,0.0,0.0,4791.0
2026-09-28,101070040,Cranbury,20.0,0.0,0.0,20.0
2026-09-28,101070040,LA,6246.0,0.0,188.0,6058.0
2026-09-28,101070041,LA,8191.0,0.0,0.0,8191.0
2026-09-28,101070060,LA,4431.0,0.0,0.0,4431.0
2026-09-28,101070075,LA,7330.0,0.0,0.0,7330.0
2026-09-28,101070075,Texas,173.0,0.0,0.0,173.0
2026-09-28,101070079,Cranbury,1260.0,0.0,0.0,1260.0
2026-09-28,101070079,LA,6168.0,0.0,3.0,6165.0
2026-09-28,101070079,Texas,264.0,0.0,0.0,264.0
2026-09-28,101070085,LA,8.0,0.0,0.0,8.0
2026-09-28,101070097,Cranbury,176.0,0.0,0.0,176.0
2026-09-28,101070097,LA,19.0,0.0,4.0,15.0
2026-09-28,101070101,LA,415.0,0.0,1.0,414.0
2026-09-28,101070105,Chicago,216.0,0.0,0.0,216.0
2026-09-28,101070105,Cranbury,3240.0,0.0,0.0,3240.0
2026-09-28,101070105,LA,76482.0,0.0,13195.0,63287.0
2026-09-28,101070105,Texas,14.0,0.0,0.0,14.0
2026-09-28,101070106,LA,194227.0,38423.0,39688.0,192962.0
2026-09-28,101070107,LA,169.0,0.0,0.0,169.0
2026-09-28,101070108,Chicago,742.0,0.0,0.0,742.0
2026-09-28,101070108,Cranbury,1869.0,0.0,0.0,1869.0
2026-09-28,101070108,LA,66739.0,0.0,0.0,66739.0
2026-09-28,101070109,LA,53919.0,0.0,900.0,53019.0
2026-09-28,101070110,Chicago,648.0,0.0,0.0,648.0
2026-09-28,101070110,LA,4445.0,0.0,882.0,3563.0
2026-09-28,101070110,Texas,23.0,81.0,0.0,104.0
2026-09-28,101070111,LA,2.0,0.0,0.0,2.0
2026-09-28,101070112,LA,71071.0,0.0,6085.0,64986.0
2026-09-28,101070112,Texas,3589.0,729.0,0.0,4318.0
2026-09-28,101070115,Chicago,62.0,0.0,0.0,62.0
2026-09-28,101070115,Cranbury,107.0,0.0,0.0,107.0
2026-09-28,101070115,LA,7885.0,0.0,5.0,7880.0
2026-09-28,101070115,Texas,155.0,0.0,0.0,155.0
2026-09-28,101070116,Chicago,33.0,0.0,0.0,33.0
2026-09-28,101070116,Cranbury,219.0,0.0,0.0,219.0
2026-09-28,101070116,LA,13330.0,0.0,391.0,12939.0
2026-09-28,101070116,Texas,155.0,0.0,0.0,155.0
2026-09-28,101070117,Chicago,2.0,0.0,0.0,2.0
2026-09-28,101070117,Cranbury,134.0,0.0,0.0,134.0
2026-09-28,101070117,LA,10332.0,0.0,384.0,9948.0
2026-09-28,101070117,Texas,371.0,0.0,216.0,155.0
2026-09-28,101070118,Chicago,0.0,108.0,0.0,108.0
2026-09-28,101070118,Cranbury,64.0,0.0,0.0,64.0
2026-09-28,101070118,LA,7522.0,0.0,884.0,6638.0
2026-09-28,101070118,Texas,371.0,0.0,216.0,155.0
2026-09-28,101070119,LA,962.0,0.0,0.0,962.0
2026-09-28,101070127,LA,113801.0,0.0,1920.0,111881.0
2026-09-28,101070129,LA,26594.0,0.0,0.0,26594.0
2026-09-28,101070130,LA,27920.0,0.0,0.0,27920.0
2026-09-28,101070131,LA,28816.0,0.0,0.0,28816.0
2026-09-28,101070132,LA,54.0,0.0,0.0,54.0
2026-09-28,101070134,Chicago,6524.0,0.0,138.0,6386.0
2026-09-28,101070134,Cranbury,19298.0,0.0,960.0,18338.0
2026-09-28,101070134,LA,40219.0,0.0,420.0,39799.0
2026-09-28,101070134,Texas,7120.0,0.0,0.0,7120.0
2026-09-28,101070135,Chicago,321.0,0.0,0.0,321.0
2026-09-28,101070135,Cranbury,800.0,0.0,0.0,800.0
2026-09-28,101070135,LA,4396.0,0.0,306.0,4090.0
2026-09-28,101070135,Texas,444.0,0.0,0.0,444.0
2026-09-28,101070137,Chicago,285.0,0.0,0.0,285.0
2026-09-28,101070138,Chicago,285.0,0.0,0.0,285.0
2026-09-28,101070139,Chicago,285.0,0.0,0.0,285.0
2026-09-28,101070141,LA,48.0,0.0,0.0,48.0
2026-09-28,101070144,LA,180.0,0.0,0.0,180.0
2026-09-28,101070149,LA,67996.0,2.0,2.0,67996.0
2026-09-28,101070152,LA,3438.0,21354.0,9216.0,15576.0
2026-09-28,101070153,Chicago,643.0,576.0,144.0,1075.0
2026-09-28,101070153,Cranbury,1918.0,0.0,756.0,1162.0
2026-09-28,101070153,LA,39378.0,9336.0,3043.0,45671.0
2026-09-28,101070153,Texas,532.0,0.0,144.0,388.0
2026-09-28,101070154,Chicago,1016.0,1152.0,70.0,2098.0
2026-09-28,101070154,Cranbury,2474.0,0.0,1260.0,1214.0
2026-09-28,101070154,LA,25011.0,325.0,2836.0,22500.0
2026-09-28,101070154,Texas,525.0,0.0,0.0,525.0
2026-09-28,101070155,Cranbury,2241.0,0.0,270.0,1971.0
2026-09-28,101070155,LA,29608.0,0.0,627.0,28981.0
2026-09-28,101070156,Chicago,1134.0,216.0,0.0,1350.0
2026-09-28,101070156,Cranbury,5387.0,0.0,1008.0,4379.0
2026-09-28,101070156,LA,107358.0,306.0,3240.0,104424.0
2026-09-28,101070156,Texas,1513.0,0.0,0.0,1513.0
2026-09-28,101070157,LA,21621.0,0.0,2.0,21619.0
2026-09-28,101070158,Chicago,1008.0,0.0,0.0,1008.0
2026-09-28,101070158,Cranbury,2283.0,0.0,630.0,1653.0
2026-09-28,101070158,LA,27817.0,1543.0,2335.0,27025.0
2026-09-28,101070158,Texas,405.0,0.0,0.0,405.0
2026-09-28,101070161,Cranbury,1989.0,0.0,270.0,1719.0
2026-09-28,101070161,LA,77248.0,0.0,3905.0,73343.0
2026-09-28,101070162,Chicago,2046.0,0.0,78.0,1968.0
2026-09-28,101070162,Cranbury,7971.0,0.0,1071.0,6900.0
2026-09-28,101070162,LA,77908.0,0.0,9124.0,68784.0
2026-09-28,101070162,Texas,1049.0,432.0,144.0,1337.0
2026-09-28,101070163,LA,14282.0,4635.0,10845.0,8072.0
2026-09-28,101070164,Cranbury,1341.0,0.0,270.0,1071.0
2026-09-28,101070164,LA,67843.0,0.0,1677.0,66166.0
2026-09-28,101070165,Chicago,2503.0,0.0,0.0,2503.0
2026-09-28,101070165,Cranbury,3622.0,0.0,441.0,3181.0
2026-09-28,101070165,LA,75020.0,0.0,2817.0,72203.0
2026-09-28,101070165,Texas,548.0,0.0,144.0,404.0
2026-09-28,101070166,LA,6213.0,1980.0,2565.0,5628.0
2026-09-28,101070167,Chicago,864.0,0.0,0.0,864.0
2026-09-28,101070167,LA,22099.0,0.0,2.0,22097.0
2026-09-28,101070167,Texas,576.0,0.0,0.0,576.0
2026-09-28,101070168,Chicago,2343.0,0.0,0.0,2343.0
2026-09-28,101070168,Cranbury,7267.0,0.0,2165.0,5102.0
2026-09-28,101070168,LA,60351.0,41202.0,18828.0,82725.0
2026-09-28,101070168,Texas,1905.0,864.0,144.0,2625.0
2026-09-28,101070173,LA,1253.0,0.0,0.0,1253.0
2026-09-28,101070175,LA,1412.0,0.0,0.0,1412.0
2026-09-28,101070176,LA,6144.0,0.0,0.0,6144.0
2026-09-28,101070177,LA,1455.0,0.0,0.0,1455.0
2026-09-28,101070178,LA,30.0,0.0,0.0,30.0
2026-09-28,101070179,LA,1918.0,0.0,0.0,1918.0
2026-09-28,101070181,Chicago,0.0,432.0,0.0,432.0
2026-09-28,101070181,Cranbury,41.0,0.0,0.0,41.0
2026-09-28,101070181,LA,17116.0,0.0,7489.0,9627.0
2026-09-28,101070181,Texas,432.0,0.0,432.0,0.0
2026-09-28,101070182,Chicago,0.0,432.0,0.0,432.0
2026-09-28,101070182,Cranbury,41.0,0.0,0.0,41.0
2026-09-28,101070182,LA,17156.0,0.0,7056.0,10100.0
2026-09-28,101070182,Texas,432.0,0.0,432.0,0.0
2026-09-28,101070187,LA,10023.0,1761.0,2202.0,9582.0
2026-09-28,101070188,LA,13059.0,0.0,189.0,12870.0
2026-09-28,101070191,LA,16045.0,4089.0,4093.0,16041.0
2026-09-28,101070192,Chicago,864.0,0.0,0.0,864.0
2026-09-28,101070192,Cranbury,2032.0,0.0,480.0,1552.0
2026-09-28,101070192,LA,35627.0,0.0,648.0,34979.0
2026-09-28,101070192,Texas,1728.0,432.0,864.0,1296.0
2026-09-28,101070193,LA,30383.0,2121.0,2409.0,30095.0
2026-09-28,101070213,Chicago,0.0,768.0,0.0,768.0
2026-09-28,101070213,Cranbury,63.0,0.0,0.0,63.0
2026-09-28,101070213,LA,8966.0,0.0,877.0,8089.0
2026-09-28,101070215,LA,0.0,10280.0,5140.0,5140.0
2026-09-28,101070216,LA,1196.0,9322.0,5259.0,5259.0
2026-09-28,101070217,LA,0.0,10898.0,5467.0,5431.0
2026-09-28,101070232,LA,718.0,0.0,0.0,718.0
2026-09-28,101070233,LA,656.0,0.0,0.0,656.0
2026-09-28,101070237,LA,28328.0,0.0,576.0,27752.0
2026-09-28,101070244,LA,0.0,24589.0,4860.0,19729.0
2026-09-28,102000276,Cranbury,25.0,0.0,0.0,25.0
2026-09-28,102000276,LA,416.0,0.0,0.0,416.0
2026-09-28,102000283,LA,698.0,0.0,0.0,698.0
2026-09-28,102000283,Texas,80.0,0.0,80.0,0.0
2026-09-28,102000288,Cranbury,30.0,0.0,0.0,30.0
2026-09-28,102000288,LA,300.0,0.0,0.0,300.0
2026-09-28,102000305,LA,514.0,0.0,0.0,514.0
2026-09-28,102000382,Chicago,34.0,0.0,0.0,34.0
2026-09-28,102000382,LA,360.0,0.0,0.0,360.0
2026-09-28,102001162,Cranbury,30.0,0.0,0.0,30.0
2026-09-28,102001162,LA,712.0,0.0,0.0,712.0
2026-09-28,102001521,LA,945.0,0.0,0.0,945.0
2026-09-28,102001641,LA,633.0,0.0,0.0,633.0
2026-09-28,102001743,LA,559.0,0.0,0.0,559.0
2026-09-28,102001744,LA,1213.0,0.0,0.0,1213.0
2026-09-28,102002006,Cranbury,60.0,0.0,0.0,60.0
2026-09-28,102002006,LA,229.0,0.0,1.0,228.0
2026-09-28,102002009,LA,462.0,0.0,180.0,282.0
2026-09-28,102002018,Chicago,61.0,0.0,0.0,61.0
2026-09-28,102002018,Cranbury,60.0,0.0,0.0,60.0
2026-09-28,102002018,LA,534.0,0.0,1.0,533.0
2026-09-28,102002033,Cranbury,30.0,0.0,0.0,30.0
2026-09-28,102002033,LA,242.0,0.0,0.0,242.0
2026-09-28,102002036,Cranbury,30.0,0.0,0.0,30.0
2026-09-28,102002036,LA,311.0,0.0,0.0,311.0
2026-09-28,102002037,Cranbury,30.0,0.0,0.0,30.0
2026-09-28,102002037,LA,300.0,0.0,0.0,300.0
2026-09-28,102002069,Chicago,170.0,0.0,0.0,170.0
2026-09-28,102002069,LA,357.0,0.0,0.0,357.0
2026-09-28,102002140,LA,200.0,0.0,0.0,200.0
2026-09-28,102002181,Cranbury,30.0,0.0,0.0,30.0
2026-09-28,102002181,LA,713.0,0.0,0.0,713.0
2026-09-28,102002433,LA,4775.0,0.0,156.0,4619.0
2026-09-28,102002451,Cranbury,135.0,0.0,0.0,135.0
2026-09-28,102002451,LA,505.0,0.0,0.0,505.0
2026-09-28,102002453,Cranbury,142.0,0.0,0.0,142.0
2026-09-28,102002453,LA,1500.0,0.0,1.0,1499.0
2026-09-28,102002539,LA,2195.0,0.0,0.0,2195.0
2026-09-28,102002539,TRANSFER,60.0,0.0,0.0,0.0
2026-09-28,102002548,LA,1106.0,0.0,0.0,1106.0
2026-09-28,102002584,LA,2393.0,0.0,0.0,2393.0
2026-09-28,102002592,LA,2105.0,0.0,1.0,2104.0
2026-09-28,102002642,LA,2047.0,0.0,2.0,2045.0
2026-09-28,102002643,LA,7.0,0.0,0.0,7.0
2026-09-28,102002666,Cranbury,85.0,0.0,0.0,85.0
2026-09-28,102002666,LA,1181.0,0.0,0.0,1181.0
2026-09-28,102002730,Cranbury,180.0,0.0,0.0,180.0
2026-09-28,102002730,LA,6624.0,0.0,61.0,6563.0
2026-09-28,102002730,Texas,217.0,0.0,0.0,217.0
2026-09-28,102002731,Cranbury,120.0,0.0,0.0,120.0
2026-09-28,102002731,LA,9348.0,0.0,0.0,9348.0
2026-09-28,102002731,Texas,187.0,0.0,0.0,187.0
2026-09-28,102002753,Cranbury,11.0,0.0,0.0,11.0
2026-09-28,102002753,LA,21.0,0.0,2.0,19.0
2026-09-28,102002755,Cranbury,17.0,0.0,0.0,17.0
2026-09-28,102002755,LA,1780.0,0.0,2.0,1778.0
2026-09-28,102002772,Cranbury,33.0,0.0,0.0,33.0
2026-09-28,102002772,LA,9617.0,0.0,0.0,9617.0
2026-09-28,102002773,Cranbury,35.0,0.0,0.0,35.0
2026-09-28,102002773,LA,10343.0,0.0,0.0,10343.0
2026-09-28,102002774,Cranbury,35.0,0.0,0.0,35.0
2026-09-28,102002774,LA,5917.0,0.0,0.0,5917.0
2026-09-28,102002775,Cranbury,35.0,0.0,0.0,35.0
2026-09-28,102002775,LA,4484.0,0.0,0.0,4484.0
2026-09-28,102002780,LA,9499.0,0.0,0.0,9499.0
2026-09-28,102002784,LA,9500.0,0.0,0.0,9500.0
2026-09-28,102002785,LA,2194.0,0.0,33.0,2161.0
2026-09-28,901001955,Chicago,20.0,0.0,0.0,20.0
2026-09-28,901001955,LA,105.0,0.0,0.0,105.0
2026-09-28,901001956,Chicago,20.0,0.0,0.0,20.0
2026-09-28,901001956,LA,74.0,0.0,0.0,74.0
2026-09-28,901001956,Texas,15.0,0.0,0.0,15.0
2026-09-28,901001957,Chicago,20.0,0.0,0.0,20.0
2026-09-28,901001957,LA,18.0,0.0,0.0,18.0
2026-09-28,901001961,Chicago,42.0,0.0,0.0,42.0
2026-09-28,901001961,LA,38.0,0.0,0.0,38.0
2026-09-28,901001961,Texas,37.0,0.0,0.0,37.0
2026-09-28,901001964,Chicago,20.0,0.0,0.0,20.0
2026-09-28,901001964,LA,7.0,0.0,0.0,7.0
2026-09-28,901001964,Texas,15.0,0.0,0.0,15.0
2026-09-28,902000868,LA,35.0,0.0,0.0,35.0
2026-09-28,902070007,Cranbury,83.0,0.0,0.0,83.0
2026-09-28,902070007,LA,3446.0,0.0,0.0,3446.0
2026-09-28,903070001,LA,2572.0,0.0,3.0,2569.0
2026-09-29,101001911,LA,14389.0,0.0,78.0,14311.0
2026-09-29,101002188,Chicago,217.0,0.0,0.0,217.0
2026-09-29,101002188,Cranbury,210.0,0.0,0.0,210.0
2026-09-29,101002188,Texas,198.0,0.0,0.0,198.0
2026-09-29,101002379,LA,4414.0,0.0,2560.0,1854.0
2026-09-29,101002381,Chicago,600.0,0.0,600.0,0.0
2026-09-29,101002381,Cranbury,147.0,0.0,0.0,147.0
2026-09-29,101002381,LA,8793.0,1050.0,1350.0,8493.0
2026-09-29,101002381,Texas,825.0,0.0,0.0,825.0
2026-09-29,101002402,Chicago,412.0,0.0,0.0,412.0
2026-09-29,101002402,Cranbury,194.0,0.0,0.0,194.0
2026-09-29,101002402,LA,10.0,0.0,0.0,10.0
2026-09-29,101002612,Chicago,1287.0,1200.0,0.0,2487.0
2026-09-29,101002612,Cranbury,2885.0,0.0,0.0,2885.0
2026-09-29,101002612,LA,91008.0,1800.0,4200.0,88608.0
2026-09-29,101002612,Texas,3175.0,0.0,450.0,2725.0
2026-09-29,101002613,LA,4314.0,12.0,0.0,4326.0
2026-09-29,101002622,LA,20979.0,0.0,560.0,20419.0
2026-09-29,101002640,Chicago,108.0,0.0,0.0,108.0
2026-09-29,101002640,Cranbury,245.0,0.0,0.0,245.0
2026-09-29,101002640,LA,6256.0,2300.0,385.0,8171.0
2026-09-29,101002640,Texas,1056.0,0.0,180.0,876.0
2026-09-29,101002715,Chicago,1680.0,0.0,0.0,1680.0
2026-09-29,101002715,Cranbury,4385.0,0.0,0.0,4385.0
2026-09-29,101002715,LA,74552.0,0.0,0.0,74552.0
2026-09-29,101002715,Texas,817.0,0.0,160.0,657.0
2026-09-29,101002716,Cranbury,391.0,0.0,0.0,391.0
2026-09-29,101002716,LA,15194.0,0.0,0.0,15194.0
2026-09-29,101002716,Texas,809.0,0.0,0.0,809.0
2026-09-29,101002717,Chicago,98.0,0.0,0.0,98.0
2026-09-29,101002717,Cranbury,1199.0,0.0,0.0,1199.0
2026-09-29,101002717,LA,10831.0,0.0,0.0,10831.0
2026-09-29,101002717,Texas,218.0,0.0,160.0,58.0
2026-09-29,101002844,LA,932.0,0.0,166.0,766.0
2026-09-29,101002859,Chicago,1473.0,0.0,0.0,1473.0
2026-09-29,101002859,Cranbury,2355.0,0.0,180.0,2175.0
2026-09-29,101002859,LA,44156.0,0.0,3576.0,40580.0
2026-09-29,101002859,Texas,2259.0,0.0,827.0,1432.0
2026-09-29,101003015,Chicago,817.0,0.0,0.0,817.0
2026-09-29,101003015,Cranbury,864.0,0.0,144.0,720.0
2026-09-29,101003015,LA,17927.0,0.0,0.0,17927.0
2026-09-29,101003015,Texas,575.0,0.0,0.0,575.0
2026-09-29,101003028,LA,10878.0,0.0,3600.0,7278.0
2026-09-29,101003118,LA,3329.0,0.0,0.0,3329.0
2026-09-29,101003119,LA,2092.0,0.0,1800.0,292.0
2026-09-29,101003122,LA,6217.0,0.0,3600.0,2617.0
2026-09-29,101003133,LA,38906.0,702.0,351.0,39257.0
2026-09-29,101003207,LA,9441.0,0.0,0.0,9441.0
2026-09-29,101003241,Chicago,4101.0,0.0,0.0,4101.0
2026-09-29,101003241,Cranbury,6767.0,0.0,1080.0,5687.0
2026-09-29,101003241,LA,121921.0,5760.0,11492.0,116189.0
2026-09-29,101003241,Texas,4112.0,0.0,990.0,3122.0
2026-09-29,101003242,LA,22596.0,4596.0,9996.0,17196.0
2026-09-29,101003282,LA,26.0,0.0,0.0,26.0
2026-09-29,101003282,TRANSFER,19.0,0.0,0.0,0.0
2026-09-29,101003282,Texas,382.0,0.0,0.0,382.0
2026-09-29,101003346,Cranbury,541.0,0.0,0.0,541.0
2026-09-29,101003346,LA,1.0,0.0,0.0,1.0
2026-09-29,101003346,Texas,814.0,0.0,0.0,814.0
2026-09-29,101003347,Chicago,1060.0,0.0,648.0,412.0
2026-09-29,101003347,Cranbury,2999.0,0.0,648.0,2351.0
2026-09-29,101003347,LA,1833.0,0.0,960.0,873.0
2026-09-29,101003347,Texas,1011.0,0.0,98.0,913.0
2026-09-29,101003359,Chicago,1313.0,0.0,0.0,1313.0
2026-09-29,101003359,Cranbury,1643.0,0.0,540.0,1103.0
2026-09-29,101003359,LA,11633.0,0.0,0.0,11633.0
2026-09-29,101003359,Texas,9.0,0.0,0.0,9.0
2026-09-29,101003360,Chicago,1338.0,0.0,0.0,1338.0
2026-09-29,101003360,Cranbury,1470.0,0.0,540.0,930.0
2026-09-29,101003360,LA,1352.0,7777.0,0.0,9129.0
2026-09-29,101003449,LA,247.0,0.0,247.0,0.0
2026-09-29,101003457,LA,32600.0,0.0,0.0,32600.0
2026-09-29,101003648,LA,3685.0,0.0,0.0,3685.0
2026-09-29,101003679,LA,448.0,0.0,0.0,448.0
2026-09-29,101003679,TRANSFER,23.0,0.0,0.0,0.0
2026-09-29,101003941,LA,38208.0,29122.0,19786.0,47544.0
2026-09-29,101004098,LA,268026.0,13103.0,14976.0,266153.0
2026-09-29,101004125,LA,13807.0,45.0,225.0,13627.0
2026-09-29,101004141,Chicago,1570.0,0.0,648.0,922.0
2026-09-29,101004141,Cranbury,2274.0,0.0,1053.0,1221.0
2026-09-29,101004141,LA,26487.0,4783.0,5830.0,25440.0
2026-09-29,101004148,LA,26960.0,0.0,0.0,26960.0
2026-09-29,101004157,LA,15.0,0.0,0.0,15.0
2026-09-29,101004174,Chicago,851.0,0.0,0.0,851.0
2026-09-29,101004174,Cranbury,3510.0,0.0,360.0,3150.0
2026-09-29,101004174,LA,17554.0,0.0,1155.0,16399.0
2026-09-29,101004174,Texas,2018.0,0.0,167.0,1851.0
2026-09-29,101004183,Chicago,918.0,0.0,0.0,918.0
2026-09-29,101004183,Cranbury,720.0,0.0,180.0,540.0
2026-09-29,101004183,LA,11160.0,12092.0,8579.0,14673.0
2026-09-29,101004189,LA,2087.0,0.0,2087.0,0.0
2026-09-29,101004196,Cranbury,1248.0,0.0,0.0,1248.0
2026-09-29,101004196,LA,20135.0,192.0,384.0,19943.0
2026-09-29,101004214,LA,26448.0,30650.0,22445.0,34653.0
2026-09-29,101004220,LA,8078.0,0.0,0.0,8078.0
2026-09-29,101004224,Chicago,1386.0,0.0,0.0,1386.0
2026-09-29,101004224,Cranbury,7679.0,0.0,0.0,7679.0
2026-09-29,101004224,LA,145624.0,4104.0,6456.0,143272.0
2026-09-29,101004224,Texas,2230.0,0.0,2.0,2228.0
2026-09-29,101004226,LA,39.0,0.0,0.0,39.0
2026-09-29,101004227,LA,3843.0,0.0,2430.0,1413.0
2026-09-29,101004229,Chicago,554.0,0.0,0.0,554.0
2026-09-29,101004229,Cranbury,418.0,0.0,162.0,256.0
2026-09-29,101004229,LA,12263.0,0.0,270.0,11993.0
2026-09-29,101004229,Texas,385.0,0.0,0.0,385.0
2026-09-29,101004230,Chicago,641.0,0.0,0.0,641.0
2026-09-29,101004230,Cranbury,520.0,0.0,0.0,520.0
2026-09-29,101004230,LA,1459.0,0.0,832.0,627.0
2026-09-29,101004230,Texas,1302.0,0.0,144.0,1158.0
2026-09-29,101004233,Chicago,1122.0,0.0,768.0,354.0
2026-09-29,101004233,Cranbury,271.0,0.0,0.0,271.0
2026-09-29,101004233,LA,56826.0,0.0,3324.0,53502.0
2026-09-29,101004233,Texas,3044.0,0.0,576.0,2468.0
2026-09-29,101004240,LA,125.0,0.0,0.0,125.0
2026-09-29,101004245,Chicago,501.0,0.0,40.0,461.0
2026-09-29,101004245,Cranbury,17.0,0.0,0.0,17.0
2026-09-29,101004245,LA,7.0,0.0,0.0,7.0
2026-09-29,101004245,Texas,24.0,0.0,0.0,24.0
2026-09-29,101004246,LA,2482.0,0.0,1944.0,538.0
2026-09-29,101004256,LA,197.0,0.0,0.0,197.0
2026-09-29,101004257,Chicago,951.0,0.0,0.0,951.0
2026-09-29,101004257,Cranbury,1059.0,0.0,96.0,963.0
2026-09-29,101004257,LA,23872.0,0.0,655.0,23217.0
2026-09-29,101004257,Texas,3553.0,0.0,288.0,3265.0
2026-09-29,101004261,Chicago,1260.0,0.0,648.0,612.0
2026-09-29,101004261,Cranbury,1522.0,0.0,0.0,1522.0
2026-09-29,101004261,LA,18406.0,1944.0,2574.0,17776.0
2026-09-29,101004261,TRANSFER,162.0,0.0,0.0,0.0
2026-09-29,101004261,Texas,274.0,0.0,216.0,58.0
2026-09-29,101004262,LA,3255.0,0.0,3240.0,15.0
2026-09-29,101004378,Cranbury,152.0,0.0,0.0,152.0
2026-09-29,101004378,LA,481.0,0.0,0.0,481.0
2026-09-29,101004378,TRANSFER,37.0,0.0,0.0,0.0
2026-09-29,101005690,Chicago,398.0,0.0,0.0,398.0
2026-09-29,101005690,Cranbury,384.0,0.0,96.0,288.0
2026-09-29,101005690,LA,25273.0,0.0,994.0,24279.0
2026-09-29,101005690,Texas,1959.0,0.0,100.0,1859.0
2026-09-29,101006220,LA,84.0,0.0,0.0,84.0
2026-09-29,101006220,Texas,46.0,0.0,0.0,46.0
2026-09-29,101006320,LA,78.0,0.0,0.0,78.0
2026-09-29,101006714,Cranbury,10.0,0.0,0.0,10.0
2026-09-29,101006714,LA,4.0,0.0,0.0,4.0
2026-09-29,101006821,LA,1385.0,0.0,0.0,1385.0
2026-09-29,101006900,Cranbury,72.0,0.0,0.0,72.0
2026-09-29,101006900,LA,83.0,0.0,0.0,83.0
2026-09-29,101006964,LA,2134.0,0.0,92.0,2042.0
2026-09-29,101007028,LA,24.0,0.0,0.0,24.0
2026-09-29,101007029,LA,999.0,0.0,0.0,999.0
2026-09-29,101007065,TRANSFER,200.0,0.0,0.0,0.0
2026-09-29,101007073,Cranbury,216.0,0.0,0.0,216.0
2026-09-29,101007073,LA,2423.0,0.0,0.0,2423.0
2026-09-29,101007310,Cranbury,319.0,0.0,0.0,319.0
2026-09-29,101007310,LA,11648.0,0.0,0.0,11648.0
2026-09-29,101007351,LA,509405.0,4500.0,6925.0,506980.0
2026-09-29,101007391,Chicago,432.0,0.0,288.0,144.0
2026-09-29,101007391,Cranbury,7.0,0.0,0.0,7.0
2026-09-29,101007391,LA,3103.0,0.0,0.0,3103.0
2026-09-29,101007391,Texas,1296.0,0.0,576.0,720.0
2026-09-29,101007394,Chicago,144.0,0.0,0.0,144.0
2026-09-29,101007394,Cranbury,304.0,0.0,0.0,304.0
2026-09-29,101007394,LA,2711.0,0.0,0.0,2711.0
2026-09-29,101007402,Chicago,144.0,0.0,0.0,144.0
2026-09-29,101007402,Cranbury,134.0,0.0,0.0,134.0
2026-09-29,101007402,LA,8619.0,0.0,0.0,8619.0
2026-09-29,101007594,Cranbury,80.0,0.0,0.0,80.0
2026-09-29,101007594,LA,5592.0,0.0,0.0,5592.0
2026-09-29,101007596,Cranbury,80.0,0.0,0.0,80.0
2026-09-29,101007596,LA,5748.0,0.0,0.0,5748.0
2026-09-29,101070017,Cranbury,96.0,0.0,0.0,96.0
2026-09-29,101070017,LA,3751.0,0.0,0.0,3751.0
2026-09-29,101070017,Texas,1920.0,0.0,0.0,1920.0
2026-09-29,101070024,LA,4791.0,0.0,0.0,4791.0
2026-09-29,101070040,Cranbury,20.0,0.0,0.0,20.0
2026-09-29,101070040,LA,6058.0,0.0,0.0,6058.0
2026-09-29,101070041,LA,8191.0,0.0,0.0,8191.0
2026-09-29,101070060,LA,4431.0,0.0,0.0,4431.0
2026-09-29,101070075,LA,7330.0,0.0,0.0,7330.0
2026-09-29,101070075,Texas,173.0,0.0,0.0,173.0
2026-09-29,101070079,Cranbury,1260.0,0.0,180.0,1080.0
2026-09-29,101070079,LA,6165.0,0.0,0.0,6165.0
2026-09-29,101070079,Texas,264.0,0.0,0.0,264.0
2026-09-29,101070085,LA,8.0,0.0,0.0,8.0
2026-09-29,101070097,Cranbury,176.0,0.0,0.0,176.0
2026-09-29,101070097,LA,15.0,0.0,0.0,15.0
2026-09-29,101070101,LA,414.0,0.0,0.0,414.0
2026-09-29,101070105,Chicago,216.0,0.0,0.0,216.0
2026-09-29,101070105,Cranbury,3240.0,0.0,0.0,3240.0
2026-09-29,101070105,LA,63287.0,2592.0,7608.0,58271.0
2026-09-29,101070105,TRANSFER,3240.0,0.0,0.0,0.0
2026-09-29,101070105,Texas,14.0,0.0,0.0,14.0
2026-09-29,101070106,LA,192962.0,43306.0,46904.0,189364.0
2026-09-29,101070107,LA,169.0,0.0,128.0,41.0
2026-09-29,101070108,Chicago,742.0,0.0,0.0,742.0
2026-09-29,101070108,Cranbury,1869.0,0.0,0.0,1869.0
2026-09-29,101070108,LA,66739.0,0.0,161.0,66578.0
2026-09-29,101070109,LA,53019.0,0.0,1080.0,51939.0
2026-09-29,101070110,Chicago,648.0,0.0,0.0,648.0
2026-09-29,101070110,LA,3563.0,0.0,1492.0,2071.0
2026-09-29,101070110,TRANSFER,2430.0,0.0,0.0,0.0
2026-09-29,101070110,Texas,104.0,0.0,0.0,104.0
2026-09-29,101070111,LA,2.0,0.0,0.0,2.0
2026-09-29,101070112,Chicago,0.0,648.0,0.0,648.0
2026-09-29,101070112,LA,64986.0,4050.0,9198.0,59838.0
2026-09-29,101070112,TRANSFER,9558.0,0.0,0.0,0.0
2026-09-29,101070112,Texas,4318.0,0.0,432.0,3886.0
2026-09-29,101070115,Chicago,62.0,108.0,0.0,170.0
2026-09-29,101070115,Cranbury,107.0,0.0,0.0,107.0
2026-09-29,101070115,LA,7880.0,0.0,0.0,7880.0
2026-09-29,101070115,Texas,155.0,0.0,4.0,151.0
2026-09-29,101070116,Chicago,33.0,108.0,0.0,141.0
2026-09-29,101070116,Cranbury,219.0,0.0,108.0,111.0
2026-09-29,101070116,LA,12939.0,0.0,1080.0,11859.0
2026-09-29,101070116,Texas,155.0,0.0,4.0,151.0
2026-09-29,101070117,Chicago,2.0,108.0,0.0,110.0
2026-09-29,101070117,Cranbury,134.0,0.0,108.0,26.0
2026-09-29,101070117,LA,9948.0,0.0,576.0,9372.0
2026-09-29,101070117,Texas,155.0,0.0,4.0,151.0
2026-09-29,101070118,Chicago,108.0,0.0,0.0,108.0
2026-09-29,101070118,Cranbury,64.0,0.0,0.0,64.0
2026-09-29,101070118,LA,6638.0,0.0,1095.0,5543.0
2026-09-29,101070118,Texas,155.0,0.0,4.0,151.0
2026-09-29,101070119,LA,962.0,0.0,0.0,962.0
2026-09-29,101070127,LA,111881.0,3200.0,3200.0,111881.0
2026-09-29,101070129,LA,26594.0,0.0,0.0,26594.0
2026-09-29,101070130,LA,27920.0,0.0,0.0,27920.0
2026-09-29,101070131,LA,28816.0,2892.0,2892.0,28816.0
2026-09-29,101070132,LA,54.0,0.0,0.0,54.0
2026-09-29,101070134,Chicago,6386.0,0.0,0.0,6386.0
2026-09-29,101070134,Cranbury,18338.0,0.0,0.0,18338.0
2026-09-29,101070134,LA,39799.0,4752.0,4752.0,39799.0
2026-09-29,101070134,Texas,7120.0,0.0,960.0,6160.0
2026-09-29,101070135,Chicago,321.0,0.0,0.0,321.0
2026-09-29,101070135,Cranbury,800.0,0.0,162.0,638.0
2026-09-29,101070135,LA,4090.0,6480.0,3312.0,7258.0
2026-09-29,101070135,Texas,444.0,0.0,144.0,300.0
2026-09-29,101070137,Chicago,285.0,0.0,0.0,285.0
2026-09-29,101070138,Chicago,285.0,0.0,0.0,285.0
2026-09-29,101070139,Chicago,285.0,0.0,0.0,285.0
2026-09-29,101070141,LA,48.0,0.0,0.0,48.0
2026-09-29,101070144,LA,180.0,0.0,180.0,0.0
2026-09-29,101070149,LA,67996.0,0.0,2.0,67994.0
2026-09-29,101070152,LA,15576.0,4074.0,5802.0,13848.0
2026-09-29,101070153,Chicago,1075.0,0.0,288.0,787.0
2026-09-29,101070153,Cranbury,1162.0,0.0,0.0,1162.0
2026-09-29,101070153,LA,45671.0,9985.0,16028.0,39628.0
2026-09-29,101070153,Texas,388.0,0.0,0.0,388.0
2026-09-29,101070154,Chicago,2098.0,0.0,720.0,1378.0
2026-09-29,101070154,Cranbury,1214.0,0.0,0.0,1214.0
2026-09-29,101070154,LA,22500.0,0.0,2019.0,20481.0
2026-09-29,101070154,Texas,525.0,0.0,441.0,84.0
2026-09-29,101070155,Cranbury,1971.0,0.0,0.0,1971.0
2026-09-29,101070155,LA,28981.0,0.0,288.0,28693.0
2026-09-29,101070156,Chicago,1350.0,0.0,576.0,774.0
2026-09-29,101070156,Cranbury,4379.0,0.0,0.0,4379.0
2026-09-29,101070156,LA,104424.0,126.0,8010.0,96540.0
2026-09-29,101070156,Texas,1513.0,0.0,504.0,1009.0
2026-09-29,101070157,LA,21619.0,0.0,2.0,21617.0
2026-09-29,101070158,Chicago,1008.0,0.0,576.0,432.0
2026-09-29,101070158,Cranbury,1653.0,0.0,216.0,1437.0
2026-09-29,101070158,LA,27025.0,0.0,4320.0,22705.0
2026-09-29,101070158,Texas,405.0,0.0,378.0,27.0
2026-09-29,101070161,Cranbury,1719.0,0.0,0.0,1719.0
2026-09-29,101070161,LA,73343.0,0.0,3564.0,69779.0
2026-09-29,101070162,Chicago,1968.0,1656.0,720.0,2904.0
2026-09-29,101070162,Cranbury,6900.0,0.0,432.0,6468.0
2026-09-29,101070162,LA,68784.0,0.0,9009.0,59775.0
2026-09-29,101070162,Texas,1337.0,0.0,756.0,581.0
2026-09-29,101070163,LA,8072.0,0.0,4680.0,3392.0
2026-09-29,101070164,Cranbury,1071.0,0.0,0.0,1071.0
2026-09-29,101070164,LA,66166.0,0.0,1503.0,64663.0
2026-09-29,101070165,Chicago,2503.0,0.0,864.0,1639.0
2026-09-29,101070165,Cranbury,3181.0,0.0,0.0,3181.0
2026-09-29,101070165,LA,72203.0,0.0,2637.0,69566.0
2026-09-29,101070165,Texas,404.0,0.0,0.0,404.0
2026-09-29,101070166,LA,5628.0,0.0,3150.0,2478.0
2026-09-29,101070167,Chicago,864.0,0.0,0.0,864.0
2026-09-29,101070167,LA,22097.0,0.0,1008.0,21089.0
2026-09-29,101070167,Texas,576.0,0.0,0.0,576.0
2026-09-29,101070168,Chicago,2343.0,1152.0,1008.0,2487.0
2026-09-29,101070168,Cranbury,5102.0,0.0,432.0,4670.0
2026-09-29,101070168,LA,82725.0,34661.0,32513.0,84873.0
2026-09-29,101070168,Texas,2625.0,0.0,819.0,1806.0
2026-09-29,101070173,LA,1253.0,0.0,0.0,1253.0
2026-09-29,101070175,LA,1412.0,0.0,0.0,1412.0
2026-09-29,101070176,LA,6144.0,0.0,0.0,6144.0
2026-09-29,101070177,LA,1455.0,0.0,0.0,1455.0
2026-09-29,101070178,LA,30.0,0.0,0.0,30.0
2026-09-29,101070179,LA,1918.0,11330.0,4320.0,8928.0
2026-09-29,101070181,Chicago,432.0,0.0,0.0,432.0
2026-09-29,101070181,Cranbury,41.0,0.0,0.0,41.0
2026-09-29,101070181,LA,9627.0,0.0,145.0,9482.0
2026-09-29,101070182,Chicago,432.0,0.0,0.0,432.0
2026-09-29,101070182,Cranbury,41.0,0.0,0.0,41.0
2026-09-29,101070182,LA,10100.0,0.0,144.0,9956.0
2026-09-29,101070187,LA,9582.0,0.0,159.0,9423.0
2026-09-29,101070188,LA,12870.0,0.0,1183.0,11687.0
2026-09-29,101070191,LA,16041.0,0.0,25.0,16016.0
2026-09-29,101070192,Chicago,864.0,0.0,864.0,0.0
2026-09-29,101070192,Cranbury,1552.0,0.0,0.0,1552.0
2026-09-29,101070192,LA,34979.0,0.0,1156.0,33823.0
2026-09-29,101070192,Texas,1296.0,0.0,0.0,1296.0
2026-09-29,101070193,LA,30095.0,0.0,1753.0,28342.0
2026-09-29,101070213,Chicago,768.0,0.0,0.0,768.0
2026-09-29,101070213,Cranbury,63.0,0.0,0.0,63.0
2026-09-29,101070213,LA,8089.0,0.0,819.0,7270.0
2026-09-29,101070215,LA,5140.0,0.0,0.0,5140.0
2026-09-29,101070216,LA,5259.0,0.0,0.0,5259.0
2026-09-29,101070217,LA,5431.0,0.0,0.0,5431.0
2026-09-29,101070232,LA,718.0,0.0,0.0,718.0
2026-09-29,101070233,LA,656.0,0.0,0.0,656.0
2026-09-29,101070237,LA,27752.0,0.0,489.0,27263.0
2026-09-29,101070244,LA,19729.0,30005.0,19440.0,30294.0
2026-09-29,102000276,Cranbury,25.0,0.0,0.0,25.0
2026-09-29,102000276,LA,416.0,0.0,0.0,416.0
2026-09-29,102000283,LA,698.0,0.0,0.0,698.0
2026-09-29,102000288,Cranbury,30.0,0.0,0.0,30.0
2026-09-29,102000288,LA,300.0,0.0,0.0,300.0
2026-09-29,102000305,LA,514.0,0.0,0.0,514.0
2026-09-29,102000382,Chicago,34.0,0.0,0.0,34.0
2026-09-29,102000382,LA,360.0,0.0,0.0,360.0
2026-09-29,102001162,Cranbury,30.0,0.0,15.0,15.0
2026-09-29,102001162,LA,712.0,0.0,0.0,712.0
2026-09-29,102001521,LA,945.0,0.0,0.0,945.0
2026-09-29,102001641,LA,633.0,0.0,0.0,633.0
2026-09-29,102001743,LA,559.0,0.0,0.0,559.0
2026-09-29,102001744,LA,1213.0,0.0,0.0,1213.0
2026-09-29,102002006,Cranbury,60.0,0.0,0.0,60.0
2026-09-29,102002006,LA,228.0,0.0,3.0,225.0
2026-09-29,102002009,LA,282.0,0.0,1.0,281.0
2026-09-29,102002018,Chicago,61.0,0.0,0.0,61.0
2026-09-29,102002018,Cranbury,60.0,0.0,15.0,45.0
2026-09-29,102002018,LA,533.0,0.0,0.0,533.0
2026-09-29,102002033,Cranbury,30.0,0.0,0.0,30.0
2026-09-29,102002033,LA,242.0,0.0,0.0,242.0
2026-09-29,102002036,Cranbury,30.0,0.0,0.0,30.0
2026-09-29,102002036,LA,311.0,0.0,0.0,311.0
2026-09-29,102002037,Cranbury,30.0,0.0,0.0,30.0
2026-09-29,102002037,LA,300.0,0.0,0.0,300.0
2026-09-29,102002069,Chicago,170.0,0.0,0.0,170.0
2026-09-29,102002069,LA,357.0,0.0,0.0,357.0
2026-09-29,102002140,LA,200.0,0.0,0.0,200.0
2026-09-29,102002181,Cranbury,30.0,0.0,0.0,30.0
2026-09-29,102002181,LA,713.0,0.0,0.0,713.0
2026-09-29,102002433,LA,4619.0,0.0,11.0,4608.0
2026-09-29,102002451,Cranbury,135.0,0.0,0.0,135.0
2026-09-29,102002451,LA,505.0,0.0,0.0,505.0
2026-09-29,102002453,Cranbury,142.0,0.0,0.0,142.0
2026-09-29,102002453,LA,1499.0,588.0,294.0,1793.0
2026-09-29,102002539,LA,2195.0,0.0,0.0,2195.0
2026-09-29,102002539,TRANSFER,60.0,0.0,0.0,0.0
2026-09-29,102002548,LA,1106.0,0.0,0.0,1106.0
2026-09-29,102002584,LA,2393.0,0.0,0.0,2393.0
2026-09-29,102002592,LA,2104.0,696.0,460.0,2340.0
2026-09-29,102002642,LA,2045.0,0.0,11.0,2034.0
2026-09-29,102002643,LA,7.0,0.0,0.0,7.0
2026-09-29,102002666,Cranbury,85.0,0.0,0.0,85.0
2026-09-29,102002666,LA,1181.0,268.0,134.0,1315.0
2026-09-29,102002730,Cranbury,180.0,0.0,0.0,180.0
2026-09-29,102002730,LA,6563.0,0.0,0.0,6563.0
2026-09-29,102002730,Texas,217.0,0.0,0.0,217.0
2026-09-29,102002731,Cranbury,120.0,0.0,0.0,120.0
2026-09-29,102002731,LA,9348.0,0.0,0.0,9348.0
2026-09-29,102002731,Texas,187.0,0.0,0.0,187.0
2026-09-29,102002753,Cranbury,11.0,0.0,0.0,11.0
2026-09-29,102002753,LA,19.0,0.0,0.0,19.0
2026-09-29,102002755,Cranbury,17.0,0.0,15.0,2.0
2026-09-29,102002755,LA,1778.0,0.0,0.0,1778.0
2026-09-29,102002772,Cranbury,33.0,0.0,0.0,33.0
2026-09-29,102002772,LA,9617.0,0.0,0.0,9617.0
2026-09-29,102002773,Cranbury,35.0,0.0,0.0,35.0
2026-09-29,102002773,LA,10343.0,0.0,0.0,10343.0
2026-09-29,102002774,Cranbury,35.0,0.0,0.0,35.0
2026-09-29,102002774,LA,5917.0,0.0,0.0,5917.0
2026-09-29,102002775,Cranbury,35.0,0.0,0.0,35.0
2026-09-29,102002775,LA,4484.0,0.0,0.0,4484.0
2026-09-29,102002780,LA,9499.0,0.0,0.0,9499.0
2026-09-29,102002784,LA,9500.0,0.0,0.0,9500.0
2026-09-29,102002785,LA,2161.0,0.0,22.0,2139.0
2026-09-29,901001955,Chicago,20.0,0.0,0.0,20.0
2026-09-29,901001955,LA,105.0,0.0,0.0,105.0
2026-09-29,901001956,Chicago,20.0,0.0,0.0,20.0
2026-09-29,901001956,LA,74.0,0.0,0.0,74.0
2026-09-29,901001956,Texas,15.0,0.0,0.0,15.0
2026-09-29,901001957,Chicago,20.0,0.0,0.0,20.0
2026-09-29,901001957,LA,18.0,0.0,0.0,18.0
2026-09-29,901001961,Chicago,42.0,0.0,0.0,42.0
2026-09-29,901001961,LA,38.0,0.0,0.0,38.0
2026-09-29,901001961,Texas,37.0,0.0,0.0,37.0
2026-09-29,901001964,Chicago,20.0,0.0,0.0,20.0
2026-09-29,901001964,LA,7.0,0.0,0.0,7.0
2026-09-29,901001964,Texas,15.0,0.0,0.0,15.0
2026-09-29,902000868,LA,35.0,0.0,0.0,35.0
2026-09-29,902070007,Chicago,0.0,108.0,0.0,108.0
2026-09-29,902070007,Cranbury,83.0,0.0,20.0,63.0
2026-09-29,902070007,LA,3446.0,0.0,0.0,3446.0
2026-09-29,903070001,LA,2569.0,0.0,6.0,2563.0
