기준월,거래처 코드,제품코드,박스,금액
2025-01,1200002,101002612,600,5808.0
2025-01,1200002,101002715,720,5954.4
2025-01,1200002,101003347,216,2857.68
2025-01,1200002,101003359,360,1890.0
2025-01,1200002,101003360,360,1890.0
2025-01,1200002,101004141,810,11688.3
2025-01,1200002,101004224,7560,100018.79999999999
2025-01,1200002,101004230,162,3841.02
2025-01,1200002,101004261,162,3841.02
2025-01,1200006,101002715,360,2437.2
2025-01,1200006,101003241,1440,7747.2
2025-01,1200006,101003359,720,3873.6
2025-01,1200006,101004183,720,3873.6
2025-01,1200006,101004224,432,4661.28
2025-01,1200006,101004261,810,19440.0
2025-01,1200006,101070154,144,1496.16
2025-01,1200006,101070156,144,1496.16
2025-01,1200006,101070158,288,2992.32
2025-01,1200006,101070162,288,2992.32
2025-01,1200006,101070165,432,4488.48
2025-01,1200006,101070168,576,5984.64
2025-01,1200007,101002402,72,580.32
2025-01,1200007,101003241,720,3024.0
2025-01,1200007,101003347,108,1142.64
2025-01,1200007,101004141,81,934.74
2025-01,1200007,101004224,648,8573.04
2025-01,1200007,101004261,243,4609.71
2025-01,1200007,101005690,96,920.64
2025-01,1200007,101070153,72,580.32
2025-01,1200007,101070156,72,580.32
2025-01,1200007,101070158,72,580.32
2025-01,1200007,101070162,288,2321.28
2025-01,1200007,101070168,288,2321.28
2025-01,1200010,101002715,1080,8812.8
2025-01,1200010,101002716,324,2860.92
2025-01,1200010,101002859,360,1958.4
2025-01,1200010,101003241,720,3916.8
2025-01,1200010,101003360,360,1958.4
2025-01,1200010,101004224,1080,14029.2
2025-01,1200010,101004230,162,3711.42
2025-01,1200010,101004233,192,1912.32
2025-01,1200010,101004261,810,18557.1
2025-01,1200010,101005690,192,1912.32
2025-01,1200010,101070017,192,1912.32
2025-01,1200010,101070156,288,3090.24
2025-01,1200010,101070162,144,1545.12
2025-01,1200010,101070165,144,1545.12
2025-01,1200010,101070168,432,4635.36
2025-01,1200015,101002381,150,1942.5
2025-01,1200015,101002402,144,1143.36
2025-01,1200015,101002859,720,2988.0
2025-01,1200015,101003241,1080,4856.4
2025-01,1200015,101003346,216,2836.08
2025-01,1200015,101003359,360,1868.4
2025-01,1200015,101004141,162,2316.6
2025-01,1200015,101004174,360,1868.4
2025-01,1200015,101004224,6696,70308.0
2025-01,1200015,101004230,162,3819.96
2025-01,1200015,101004233,192,1820.16
2025-01,1200015,101004257,192,1555.2
2025-01,1200015,101070153,288,2573.2799999999997
2025-01,1200015,101070156,144,1143.36
2025-01,1200015,101070158,288,2573.2799999999997
2025-01,1200015,101070162,2592,24019.2
2025-01,1200015,101070165,1872,17156.16
2025-01,1200015,101070168,1296,11149.92
2025-01,1200016,101002188,26,285.22
2025-01,1200016,101002381,150,1942.5
2025-01,1200016,101002402,143,1568.71
2025-01,1200016,101002612,300,2883.0
2025-01,1200016,101002715,5400,35092.8
2025-01,1200016,101002716,644,5907.76
2025-01,1200016,101003015,0,-228.96
2025-01,1200016,101003347,216,2836.08
2025-01,1200016,101003359,360,1868.4
2025-01,1200016,101004141,324,3836.16
2025-01,1200016,101004174,360,1868.4
2025-01,1200016,101004224,6480,67404.96
2025-01,1200016,101004229,162,3819.96
2025-01,1200016,101004230,162,3819.96
2025-01,1200016,101004233,192,1820.16
2025-01,1200016,101004245,216,2836.08
2025-01,1200016,101004257,192,1555.2
2025-01,1200016,101004261,162,3819.96
2025-01,1200016,101070152,1728,7142.4
2025-01,1200016,101070155,1728,7142.4
2025-01,1200016,101070161,2016,8570.88
2025-01,1200016,101070164,1152,4285.44
2025-01,1200016,101070167,2016,8570.88
2025-01,1200017,101002612,600,5904.0
2025-01,1200017,101003241,1800,9684.0
2025-01,1200017,101003346,216,2903.04
2025-01,1200017,101003347,1296,17418.24
2025-01,1200017,101003359,360,1936.8
2025-01,1200017,101003360,360,1936.8
2025-01,1200017,101004174,360,1936.8
2025-01,1200017,101004224,6480,69660.0
2025-01,1200017,101004230,162,3888.0
2025-01,1200017,101004257,192,1622.4
2025-01,1200017,101004261,486,11664.0
2025-01,1200017,101070156,144,1496.16
2025-01,1200017,101070162,2160,22442.4
2025-01,1200017,101070168,2016,20946.239999999998
2025-01,1200018,101002381,450,5890.5
2025-01,1200018,101002402,288,2900.16
2025-01,1200018,101002612,1200,11616.0
2025-01,1200018,101002715,1080,8931.6
2025-01,1200018,101002859,1440,7560.0
2025-01,1200018,101003241,2160,11340.0
2025-01,1200018,101003346,432,5715.36
2025-01,1200018,101003347,1296,17146.079999999998
2025-01,1200018,101003360,1440,7560.0
2025-01,1200018,101004141,810,11688.3
2025-01,1200018,101004174,720,3780.0
2025-01,1200018,101004183,360,1890.0
2025-01,1200018,101004224,10800,114264.0
2025-01,1200018,101004229,324,7682.04
2025-01,1200018,101004230,324,7682.04
2025-01,1200018,101004233,576,5523.84
2025-01,1200018,101004245,432,5715.36
2025-01,1200018,101004257,576,4728.96
2025-01,1200018,101004261,972,23046.12
2025-01,1200018,101005690,192,1841.28
2025-01,1200018,101070153,144,1450.08
2025-01,1200018,101070154,144,1450.08
2025-01,1200018,101070156,288,2900.16
2025-01,1200018,101070158,144,1450.08
2025-01,1200018,101070162,1152,11600.64
2025-01,1200018,101070165,576,5800.32
2025-01,1200018,101070168,1008,10150.56
2025-01,1200019,101002188,144,1630.08
2025-01,1200019,101004224,6588,74115.0
2025-01,1200019,101004233,96,1010.88
2025-01,1200019,101070154,144,1630.08
2025-01,1200019,101070156,144,1630.08
2025-01,1200019,101070158,144,1630.08
2025-01,1200019,101070162,1728,19560.96
2025-01,1200019,101070165,720,8150.4
2025-01,1200019,101070168,864,9780.48
2025-01,1200020,101002188,288,2900.16
2025-01,1200020,101002402,288,2900.16
2025-01,1200020,101002715,720,5954.4
2025-01,1200020,101004257,192,1576.32
2025-01,1200020,101005690,192,1841.28
2025-01,1200020,101070153,144,1450.08
2025-01,1200020,101070154,288,2900.16
2025-01,1200020,101070156,432,4350.24
2025-01,1200020,101070158,576,5800.32
2025-01,1200020,101070162,1296,13050.72
2025-01,1200020,101070165,144,1450.08
2025-01,1200020,101070168,288,2900.16
2025-01,1200023,101002381,150,1963.5
2025-01,1200023,101002612,300,2904.0
2025-01,1200023,101002859,360,1890.0
2025-01,1200023,101003241,1080,5670.0
2025-01,1200023,101003347,432,5715.36
2025-01,1200023,101003359,360,1890.0
2025-01,1200023,101003360,360,1890.0
2025-01,1200023,101004141,810,11688.3
2025-01,1200023,101004224,1512,15996.960000000001
2025-01,1200023,101004245,216,2857.68
2025-01,1200023,101004257,192,1576.32
2025-01,1200023,101004261,486,11523.06
2025-01,1200023,101070017,0,-737.28
2025-01,1200023,101070153,288,2900.16
2025-01,1200023,101070156,288,2900.16
2025-01,1200023,101070158,288,2900.16
2025-01,1200023,101070162,1008,10150.56
2025-01,1200023,101070165,864,8700.48
2025-01,1200023,101070168,1296,13050.72
2025-01,1200025,101002859,180,882.0
2025-01,1200025,101003241,180,882.0
2025-01,1200025,101003347,864,10143.36
2025-01,1200025,101003359,180,882.0
2025-01,1200025,101004141,324,4241.16
2025-01,1200025,101004233,96,1077.12
2025-01,1200025,101004245,216,3170.88
2025-01,1200027,101002188,432,3840.48
2025-01,1200027,101002402,324,2880.36
2025-01,1200027,101002859,600,2808.0
2025-01,1200027,101004233,160,1412.8
2025-01,1200027,101004257,160,1192.0
2025-01,1200027,101070153,648,5760.72
2025-01,1200027,101070154,648,5760.72
2025-01,1200027,101070156,864,7680.96
2025-01,1200027,101070158,648,5760.72
2025-01,1200027,101070162,1080,9601.2
2025-01,1200027,101070165,756,6720.84
2025-01,1200027,101070168,648,5760.72
2025-01,1200029,101002188,72,714.96
2025-01,1200029,101002402,144,1429.92
2025-01,1200029,101002716,162,1448.28
2025-01,1200029,101003241,900,4671.0
2025-01,1200029,101003346,108,1418.04
2025-01,1200029,101003360,180,934.2
2025-01,1200029,101004141,162,2316.6
2025-01,1200029,101004224,216,2201.04
2025-01,1200029,101004257,96,777.6
2025-01,1200029,101070153,216,2144.88
2025-01,1200029,101070154,72,714.96
2025-01,1200029,101070156,144,1429.92
2025-01,1200029,101070158,144,1429.92
2025-01,1200029,101070162,72,714.96
2025-01,1200029,101070165,1080,10724.4
2025-01,1200029,101070168,576,5719.68
2025-01,1200031,101002715,7200,51120.0
2025-01,1200031,101002859,165,947.1
2025-01,1200031,101003359,165,947.1
2025-01,1200031,101004224,8640,97632.0
2025-01,1200031,101004245,96,1260.48
2025-01,1200031,101070017,96,805.44
2025-01,1200031,101070162,126,1423.8
2025-01,1200032,101002188,432,3897.6400000000003
2025-01,1200032,101002402,432,3798.6400000000003
2025-01,1200032,101002612,900,8370.0
2025-01,1200032,101002859,1440,7502.4
2025-01,1200032,101003241,2340,12191.4
2025-01,1200032,101003346,108,1192.68
2025-01,1200032,101003347,864,9893.44
2025-01,1200032,101003359,360,1875.6
2025-01,1200032,101003360,900,4689.0
2025-01,1200032,101004141,486,6405.16
2025-01,1200032,101004174,900,4689.0
2025-01,1200032,101004183,540,2813.3999999999996
2025-01,1200032,101004224,4536,49334.56
2025-01,1200032,101004229,324,7030.84
2025-01,1200032,101004230,486,10565.26
2025-01,1200032,101004233,672,6133.599999999999
2025-01,1200032,101004245,216,2745.36
2025-01,1200032,101004257,1728,14100.48
2025-01,1200032,101004261,810,17470.1
2025-01,1200032,101005690,576,5169.04
2025-01,1200032,101070017,288,1650.52
2025-01,1200032,101070153,288,2398.76
2025-01,1200032,101070154,1152,10526.04
2025-01,1200032,101070156,1728,15462.56
2025-01,1200032,101070158,720,6441.400000000001
2025-01,1200032,101070162,1152,10369.04
2025-01,1200032,101070165,720,6247.400000000001
2025-01,1200032,101070168,2160,19387.2
2025-01,1200035,101002188,576,6572.16
2025-01,1200035,101002381,450,6858.0
2025-01,1200035,101002402,720,8215.2
2025-01,1200035,101002612,2700,27891.0
2025-01,1200035,101002715,29880,209736.0
2025-01,1200035,101002716,1023,9820.800000000001
2025-01,1200035,101002717,360,3193.2
2025-01,1200035,101002859,720,4168.8
2025-01,1200035,101003015,864,13374.72
2025-01,1200035,101003241,2520,14590.8
2025-01,1200035,101003346,432,6099.84
2025-01,1200035,101003347,1296,18299.52
2025-01,1200035,101003359,720,4168.8
2025-01,1200035,101003360,720,4168.8
2025-01,1200035,101004141,4837,74912.42
2025-01,1200035,101004174,720,4168.8
2025-01,1200035,101004183,360,2084.4
2025-01,1200035,101004224,23976,261092.16
2025-01,1200035,101004229,162,4033.8
2025-01,1200035,101004230,324,8067.6
2025-01,1200035,101004233,384,4070.4
2025-01,1200035,101004245,648,9149.76
2025-01,1200035,101004257,960,8851.2
2025-01,1200035,101004261,1782,44371.8
2025-01,1200035,101070153,288,3286.08
2025-01,1200035,101070154,1008,11501.279999999999
2025-01,1200035,101070156,720,8215.2
2025-01,1200035,101070158,432,4929.12
2025-01,1200035,101070162,1584,18073.44
2025-01,1200035,101070165,864,9858.24
2025-01,1200035,101070168,1296,14787.36
2025-01,1200036,101002715,21600,153360.0
2025-01,1200036,101004224,12960,146448.0
2025-01,1200037,101003241,720,3736.8
2025-01,1200037,101003346,432,5672.16
2025-01,1200037,101003347,216,2836.08
2025-01,1200037,101004141,162,2316.6
2025-01,1200037,101004224,1512,15876.0
2025-01,1200037,101070153,288,2859.84
2025-01,1200037,101070156,144,1429.92
2025-01,1200037,101070162,1008,10009.44
2025-01,1200037,101070165,864,8579.52
2025-01,1200039,101002715,10800,67100.4
2025-01,1200039,101002716,972,9331.2
2025-01,1200039,101002717,1080,9579.6
2025-01,1200039,101003015,576,8916.48
2025-01,1200039,101003346,216,3049.92
2025-01,1200039,101003347,432,6099.84
2025-01,1200039,101003359,360,2084.4
2025-01,1200039,101004141,486,7591.32
2025-01,1200039,101004224,12960,137298.24
2025-01,1200039,101004229,162,4033.8
2025-01,1200039,101004230,162,4033.8
2025-01,1200039,101004245,432,6099.84
2025-01,1200039,101004257,576,5310.72
2025-01,1200039,101004261,486,12101.4
2025-01,1200041,101003241,180,1026.0
2025-01,1200041,101003347,60,838.8
2025-01,1200041,101003360,30,171.0
2025-01,1200041,101004141,54,833.76
2025-01,1200041,101004224,60,670.8
2025-01,1200041,101004245,24,335.52
2025-01,1200041,101004257,32,289.92
2025-01,1200041,101004261,27,667.44
2025-01,1200043,101002715,10800,76680.0
2025-01,1200043,101004224,12960,146448.0
2025-01,1200047,101002188,720,7014.78
2025-01,1200047,101002402,720,7089.75
2025-01,1200047,101002859,0,-28.95
2025-01,1200047,101003241,720,3780.0
2025-01,1200047,101003359,360,1803.15
2025-01,1200047,101004141,9,129.87
2025-01,1200047,101004224,228,3016.4399999999996
2025-01,1200047,101004233,0,-28.8
2025-01,1200047,101004257,576,4287.36
2025-01,1200047,101005690,576,5523.84
2025-01,1200047,101070153,576,5800.32
2025-01,1200047,101070154,720,7164.719999999999
2025-01,1200047,101070156,1296,12590.189999999999
2025-01,1200047,101070158,2016,20011.949999999997
2025-01,1200047,101070162,2448,24431.16
2025-01,1200047,101070165,432,4178.88
2025-01,1200047,101070168,1584,15950.88
2025-01,1200048,101002402,288,3528.0
2025-01,1200048,101003347,432,6341.76
2025-01,1200048,101004224,432,5071.68
2025-01,1200048,101004233,192,2154.24
2025-01,1200048,101070153,288,3528.0
2025-01,1200048,101070156,144,1764.0
2025-01,1200048,101070158,144,1764.0
2025-01,1200048,101070165,1872,22932.0
2025-01,1200055,101002402,0,-141.74
2025-01,1200055,101002715,2700,18068.19
2025-01,1200055,101002859,180,1042.2
2025-01,1200055,101003346,432,6099.84
2025-01,1200055,101004141,162,2093.89
2025-01,1200055,101004174,180,1042.2
2025-01,1200055,101004224,9288,86547.70999999999
2025-01,1200055,101004233,96,666.48
2025-01,1200055,101004245,0,-263.09000000000003
2025-01,1200055,101004261,0,-1391.85
2025-01,1200055,101070017,0,-1053.3600000000001
2025-01,1200055,101070154,576,6572.16
2025-01,1200055,101070156,0,-283.46
2025-01,1200055,101070162,0,-283.46
2025-01,1200055,101070165,144,1643.04
2025-01,1200055,101070168,0,-283.46
2025-01,1200056,101002188,0,-208.34
2025-01,1200056,101002402,0,-208.33
2025-01,1200056,101004233,0,-208.33
2025-01,1200056,101004257,0,-208.33
2025-01,1200056,101070153,0,-208.33
2025-01,1200056,101070154,0,-208.34
2025-01,1200056,101070156,0,-208.33
2025-01,1200056,101070158,0,-208.33
2025-01,1200056,101070162,0,-208.34
2025-01,1200056,101070165,0,-208.34
2025-01,1200056,101070168,0,-208.33
2025-01,1200064,101002188,144,1630.08
2025-01,1200064,101002402,144,1630.08
2025-01,1200064,101002715,160,1412.8
2025-01,1200064,101003241,165,948.75
2025-01,1200064,101070153,144,1630.08
2025-01,1200064,101070154,144,1630.08
2025-01,1200064,101070156,288,3260.16
2025-01,1200064,101070158,144,1630.08
2025-01,1200064,101070162,144,1630.08
2025-01,1200064,101070165,144,1630.08
2025-01,1200064,101070168,288,3260.16
2025-01,1200067,101002715,10800,76248.0
2025-01,1200077,101003648,21560,256888.47
2025-01,1200077,101004125,6120,76256.58
2025-01,1200077,101004196,18336,157778.23
2025-01,1200077,101004225,2112,18235.47
2025-01,1200077,101070156,2457,23159.870000000003
2025-01,1200077,101070163,87120,1002727.95
2025-01,1200077,101070166,5175,67896.48
2025-01,1200095,101002381,300,4113.98
2025-01,1200095,101002612,5100,50854.31
2025-01,1200095,101002715,4640,35689.87
2025-01,1200095,101002859,3630,20003.989999999998
2025-01,1200095,101003241,3795,20769.0
2025-01,1200095,101003346,1536,19302.15
2025-01,1200095,101003347,576,7134.150000000001
2025-01,1200095,101003360,165,803.62
2025-01,1200095,101004174,3300,18132.899999999998
2025-01,1200095,101004224,10656,134673.93
2025-01,1200095,101004229,648,15484.44
2025-01,1200095,101004230,2592,62564.950000000004
2025-01,1200095,101004233,2400,23147.43
2025-01,1200095,101004245,768,9773.12
2025-01,1200095,101004257,4224,36733.72
2025-01,1200095,101004261,6480,150266.11
2025-01,1200095,101005690,1440,14424.61
2025-01,1200095,101070156,1512,15111.91
2025-01,1200095,101070162,1323,13162.470000000001
2025-01,1200095,101070168,3213,31960.370000000003
2025-01,1200100,101001911,31425,471217.01
2025-01,1200100,101003648,81488,739956.12
2025-01,1200100,101004098,64320,460336.57
2025-01,1200100,101070163,21465,311135.7
2025-01,1200100,101070166,9360,110538.38
2025-01,1200105,101002402,288,2286.72
2025-01,1200105,101002715,4320,28944.0
2025-01,1200105,101002717,360,3002.4
2025-01,1200105,101003241,1080,4482.0
2025-01,1200105,101070156,288,2286.72
2025-01,1200105,101070158,144,1143.36
2025-01,1200105,101070162,1440,11433.6
2025-01,1200105,101070165,576,4573.44
2025-01,1200105,101070168,1152,9146.88
2025-01,1200113,101002381,1500,21434.26
2025-01,1200113,101002612,3000,30162.85
2025-01,1200113,101002715,3040,26183.47
2025-01,1200113,101002717,1440,12012.6
2025-01,1200113,101002859,825,4380.75
2025-01,1200113,101003241,1815,10189.99
2025-01,1200113,101003347,768,10262.4
2025-01,1200113,101004224,1824,24245.739999999998
2025-01,1200113,101004233,2592,25270.850000000002
2025-01,1200113,101004257,2304,20032.510000000002
2025-01,1200113,101004261,4104,100966.07999999999
2025-01,1200113,101005690,768,7449.6
2025-01,1200113,101070153,756,7726.32
2025-01,1200113,101070156,2520,26576.69
2025-01,1200113,101070158,1512,16226.140000000001
2025-01,1200113,101070162,2646,28539.88
2025-01,1200113,101070165,2079,22617.6
2025-01,1200113,101070168,1386,14683.01
2025-01,1200119,101002381,150,2023.5
2025-01,1200119,101002612,300,2952.0
2025-01,1200119,101003241,720,3873.6
2025-01,1200119,101003346,216,2903.04
2025-01,1200119,101003347,216,2903.04
2025-01,1200119,101004224,432,4661.28
2025-01,1200119,101004233,576,5662.08
2025-01,1200119,101004261,324,7776.0
2025-01,1200119,101070153,432,4488.48
2025-01,1200119,101070154,432,4488.48
2025-01,1200119,101070156,432,4488.48
2025-01,1200119,101070158,432,4488.48
2025-01,1200119,101070165,288,2992.32
2025-01,1200119,101070168,432,4488.48
2025-01,1200120,101002188,288,2943.36
2025-01,1200120,101002402,288,2943.36
2025-01,1200120,101003241,180,955.8
2025-01,1200120,101004257,192,1597.44
2025-01,1200120,101070153,144,1471.68
2025-01,1200120,101070154,288,2943.36
2025-01,1200120,101070156,432,4415.04
2025-01,1200120,101070158,432,4415.04
2025-01,1200120,101070162,720,7358.4
2025-01,1200120,101070165,432,4415.04
2025-01,1200120,101070168,720,7358.4
2025-01,1200140,101002612,1200,9864.0
2025-01,1200140,101002859,720,4140.0
2025-01,1200140,101003241,1080,6210.0
2025-01,1200140,101003346,216,3036.96
2025-01,1200140,101003347,1512,18223.92
2025-01,1200140,101003359,1080,4968.0
2025-01,1200140,101003360,720,4140.0
2025-01,1200140,101004141,2430,37762.2
2025-01,1200140,101004174,360,2070.0
2025-01,1200140,101004224,3240,39484.8
2025-01,1200140,101004229,162,4020.84
2025-01,1200140,101004230,324,8041.68
2025-01,1200140,101004245,432,6073.92
2025-01,1200140,101004261,972,24125.04
2025-01,1200140,101070017,0,-2025.6
2025-01,1200140,101070162,1008,11410.56
2025-01,1200140,101070165,144,1630.08
2025-01,1200140,101070168,1296,14670.72
2025-01,1200148,101002715,1080,7624.8
2025-01,1200148,101004224,7560,85050.0
2025-01,1200148,101070162,1440,16300.8
2025-01,1200148,101070168,1728,19560.96
2025-01,1200153,101002381,150,-331.9899999999999
2025-01,1200153,101002612,300,1072.8899999999999
2025-01,1200153,101002715,0,-1737.41
2025-01,1200153,101002717,0,-354.9
2025-01,1200153,101003015,0,-382.17
2025-01,1200153,101003241,0,-1586.93
2025-01,1200153,101003347,0,-316.21
2025-01,1200153,101004224,0,-4267.73
2025-01,1200153,101004229,504,11503.76
2025-01,1200153,101004230,504,12148.78
2025-01,1200153,101004233,576,5840.2
2025-01,1200153,101004257,0,-202.38
2025-01,1200153,101004261,0,-2488.7
2025-01,1200153,101005690,576,5867.46
2025-01,1200153,101070017,480,4967.42
2025-01,1200153,101070153,819,8970.800000000001
2025-01,1200153,101070154,0,-463.72
2025-01,1200153,101070156,819,8141.429999999999
2025-01,1200153,101070158,0,-178.52
2025-01,1200153,101070162,756,5959.370000000001
2025-01,1200153,101070165,1071,8951.939999999999
2025-01,1200153,101070168,1197,12349.85
2025-01,1200160,101002612,1950,18115.5
2025-01,1200160,101002859,2640,13153.8
2025-01,1200160,101003347,1728,21674.88
2025-01,1200160,101004174,2310,11545.05
2025-01,1200160,101004224,1824,22928.64
2025-01,1200160,101004261,1656,36722.88
2025-01,1200160,101070156,1512,13712.58
2025-01,1200160,101070162,2016,18420.57
2025-01,1200160,101070168,1260,11213.369999999999
2025-01,1200173,101003346,96,1270.08
2025-01,1200173,101004224,288,3810.24
2025-01,1200173,101004261,216,5121.36
2025-01,1200173,101070156,189,1903.23
2025-01,1200173,101070158,252,2537.64
2025-01,1200173,101070162,441,4440.87
2025-01,1200173,101070165,126,1268.82
2025-01,1200173,101070168,315,3172.05
2025-01,1200176,101070153,108,1072.44
2025-01,1200176,101070154,216,2144.88
2025-01,1200176,101070156,108,1072.44
2025-01,1200176,101070158,216,2144.88
2025-01,1200176,101070162,216,2144.88
2025-01,1200176,101070165,216,2144.88
2025-01,1200176,101070168,216,2144.88
2025-01,1200180,101002188,432,4631.04
2025-01,1200180,101002402,288,3087.36
2025-01,1200180,101070153,144,1543.68
2025-01,1200180,101070154,432,4631.04
2025-01,1200180,101070156,576,6174.72
2025-01,1200180,101070158,576,6174.72
2025-01,1200180,101070162,432,4631.04
2025-01,1200180,101070165,576,6174.72
2025-01,1200180,101070168,864,9262.08
2025-01,1200187,101002381,150,2157.0
2025-01,1200187,101002402,288,2554.56
2025-01,1200187,101003241,720,3261.6
2025-01,1200187,101004261,162,3189.78
2025-01,1200187,101070153,288,2554.56
2025-01,1200187,101070156,288,2554.56
2025-01,1200187,101070158,144,1277.28
2025-01,1200187,101070162,1008,8940.96
2025-01,1200187,101070165,720,6386.4
2025-01,1200187,101070168,1008,8940.96
2025-01,1200188,101002381,975,12762.75
2025-01,1200188,101002612,1800,17424.0
2025-01,1200188,101003241,2970,15592.5
2025-01,1200188,101004224,1728,22861.44
2025-01,1200188,101004261,864,20485.44
2025-01,1200188,101070156,1008,10150.56
2025-01,1200188,101070158,1323,13322.61
2025-01,1200188,101070162,4410,44408.7
2025-01,1200197,101002381,225,3140.23
2025-01,1200197,101002612,300,-650.4899999999999
2025-01,1200197,101002715,7040,54495.58
2025-01,1200197,101002717,640,4721.78
2025-01,1200197,101003015,3888,56201.74
2025-01,1200197,101003241,2310,9867.119999999999
2025-01,1200197,101003347,672,5132.069999999999
2025-01,1200197,101004224,9120,114322.31
2025-01,1200197,101004229,72,1458.38
2025-01,1200197,101004230,216,5094.55
2025-01,1200197,101004233,96,-366.29999999999995
2025-01,1200197,101004257,192,-523.8699999999998
2025-01,1200197,101004261,6336,140876.13
2025-01,1200197,101070017,0,-66.19
2025-01,1200197,101070153,252,2198.1
2025-01,1200197,101070154,504,4789.59
2025-01,1200197,101070156,2205,19251.55
2025-01,1200197,101070158,252,-2403.71
2025-01,1200197,101070162,5481,39266.32
2025-01,1200197,101070165,3339,26379.61
2025-01,1200197,101070168,882,5259.85
2025-01,1200200,101002379,17162,231416.44
2025-01,1200200,101002612,16363,155369.3
2025-01,1200200,101002717,5580,49894.49
2025-01,1200200,101002859,20880,109629.69
2025-01,1200200,101003241,13140,70577.95
2025-01,1200200,101003346,1898,27707.12
2025-01,1200200,101003359,2572,14419.08
2025-01,1200200,101003370,0,1283.4
2025-01,1200200,101004141,205,2908.83
2025-01,1200200,101004167,193,2430.11
2025-01,1200200,101004174,3240,14895.710000000001
2025-01,1200200,101004183,3771,17149.850000000002
2025-01,1200200,101004224,1420,18964.62
2025-01,1200200,101004229,133,2918.47
2025-01,1200200,101004230,17,-35.049999999999955
2025-01,1200200,101004233,7661,81795.06
2025-01,1200200,101004245,1,15.76
2025-01,1200200,101004261,156,4219.02
2025-01,1200200,101005690,2974,31249.690000000002
2025-01,1200200,101070154,567,4397.1900000000005
2025-01,1200200,101070155,941,5322.03
2025-01,1200200,101070156,3339,28938.210000000003
2025-01,1200200,101070161,2784,12570.17
2025-01,1200200,101070162,3987,39533.59
2025-01,1200200,101070164,4123,20320.18
2025-01,1200200,101070165,504,3578.76
2025-01,1200200,101070168,2961,46718.86
2025-01,1200236,101002381,3150,40680.32
2025-01,1200236,101002612,900,5227.33
2025-01,1200236,101002715,0,-1948.01
2025-01,1200236,101002859,360,-3769.45
2025-01,1200236,101003241,0,-14044.2
2025-01,1200236,101003346,432,2571.8499999999995
2025-01,1200236,101003347,864,-3187.7299999999996
2025-01,1200236,101003359,1080,4746.85
2025-01,1200236,101003360,0,-11975.98
2025-01,1200236,101004141,1134,-15390.98
2025-01,1200236,101004174,1080,5124.85
2025-01,1200236,101004183,360,1512.0
2025-01,1200236,101004224,6480,-3114.7600000000057
2025-01,1200236,101004229,486,8429.32
2025-01,1200236,101004230,486,3620.6800000000003
2025-01,1200236,101004233,384,2535.74
2025-01,1200236,101004245,432,2319.2799999999997
2025-01,1200236,101004257,192,1108.58
2025-01,1200236,101004261,2430,31401.469999999994
2025-01,1200236,101005690,384,2535.74
2025-01,1200236,101070017,0,-546.36
2025-01,1200236,101070152,1152,5806.08
2025-01,1200236,101070155,1152,5806.08
2025-01,1200236,101070156,0,-1013.02
2025-01,1200236,101070158,0,-1003.71
2025-01,1200236,101070161,10368,49636.799999999996
2025-01,1200236,101070162,4320,39304.3
2025-01,1200236,101070164,3168,15966.720000000001
2025-01,1200236,101070165,0,-1442.62
2025-01,1200236,101070167,11232,53991.36
2025-01,1200236,101070168,1440,-1131.9700000000012
2025-01,1200255,101002612,150,1395.0
2025-01,1200255,101002859,180,937.8
2025-01,1200255,101003241,180,937.8
2025-01,1200255,101003359,180,937.8
2025-01,1200255,101004224,216,2745.36
2025-01,1200255,101004257,96,814.08
2025-01,1200255,101070156,1440,14788.8
2025-01,1200255,101070162,1584,16267.68
2025-01,1200255,101070165,720,7394.4
2025-01,1200256,101002715,1280,11392.0
2025-01,1200256,101002717,320,2848.0
2025-01,1200256,101003241,825,4801.5
2025-01,1200256,101004224,2784,39310.08
2025-01,1200265,101002188,1440,16384.71
2025-01,1200265,101002402,576,6572.16
2025-01,1200265,101002612,0,-1172.4
2025-01,1200265,101002715,3240,28699.55
2025-01,1200265,101002717,360,3149.8300000000004
2025-01,1200265,101002859,360,2084.4
2025-01,1200265,101003015,0,-31.48
2025-01,1200265,101003241,1800,10255.72
2025-01,1200265,101004174,360,2084.4
2025-01,1200265,101004230,0,-1202.58
2025-01,1200265,101070153,576,6572.16
2025-01,1200265,101070154,1872,21275.68
2025-01,1200265,101070156,2736,31128.22
2025-01,1200265,101070158,1872,21290.059999999998
2025-01,1200265,101070162,2880,32805.79
2025-01,1200265,101070165,2160,24570.18
2025-01,1200265,101070168,2160,24605.61
2025-01,1200273,101002381,240,3141.6
2025-01,1200273,101002402,216,1740.96
2025-01,1200273,101002612,285,2205.9
2025-01,1200273,101002859,2100,8820.0
2025-01,1200273,101003241,1800,7560.0
2025-01,1200273,101003346,360,4762.8
2025-01,1200273,101003347,360,3808.8
2025-01,1200273,101004224,1200,15876.0
2025-01,1200273,101004261,720,13658.4
2025-01,1200273,101070155,864,4354.56
2025-01,1200273,101070156,108,870.48
2025-01,1200273,101070158,216,1740.96
2025-01,1200273,101070161,1944,7620.48
2025-01,1200273,101070162,1620,13057.2
2025-01,1200273,101070164,1512,7620.48
2025-01,1200273,101070165,1296,10445.759999999998
2025-01,1200273,101070167,2160,7620.48
2025-01,1200273,101070168,1620,13057.2
2025-01,1200280,101002188,63,625.59
2025-01,1200280,101002612,150,1441.5
2025-01,1200280,101002859,165,856.35
2025-01,1200280,101003241,165,856.35
2025-01,1200280,101004174,165,856.35
2025-01,1200280,101004257,192,1555.2
2025-01,1200280,101070154,126,1251.18
2025-01,1200280,101070156,378,3753.5400000000004
2025-01,1200280,101070158,189,1876.77
2025-01,1200280,101070162,693,6881.49
2025-01,1200280,101070165,441,4379.13
2025-01,1200280,101070168,126,1251.18
2025-01,1200288,101002188,144,1285.92
2025-01,1200288,101002402,432,4145.76
2025-01,1200288,101002612,600,5616.0
2025-01,1200288,101004174,360,1688.4
2025-01,1200288,101070153,576,5287.68
2025-01,1200288,101070154,576,5287.68
2025-01,1200288,101070156,2304,22014.72
2025-01,1200288,101070158,720,6717.6
2025-01,1200288,101070162,6912,65324.16
2025-01,1200288,101070165,2448,22868.64
2025-01,1200288,101070168,2736,26016.480000000003
2025-01,1200363,101002381,150,1767.67
2025-01,1200363,101002402,144,1301.23
2025-01,1200363,101002612,2400,20988.24
2025-01,1200363,101002859,720,3400.49
2025-01,1200363,101003241,8640,40805.86
2025-01,1200363,101003346,216,2580.83
2025-01,1200363,101003347,864,10323.35
2025-01,1200363,101003359,360,1700.24
2025-01,1200363,101003360,360,1700.24
2025-01,1200363,101004141,324,4216.21
2025-01,1200363,101004174,360,1700.24
2025-01,1200363,101004183,180,850.12
2025-01,1200363,101004224,18792,225593.88
2025-01,1200363,101004230,1296,27809.309999999998
2025-01,1200363,101004233,3648,31470.56
2025-01,1200363,101004245,54,645.21
2025-01,1200363,101004261,6804,145998.86
2025-01,1200363,101070017,96,828.17
2025-01,1200363,101070153,144,1301.23
2025-01,1200363,101070154,288,2602.45
2025-01,1200363,101070156,5904,57383.72
2025-01,1200363,101070158,2736,28544.45
2025-01,1200363,101070162,2592,23634.38
2025-01,1200363,101070165,2592,23422.09
2025-01,1200363,101070168,3312,33537.07
2025-01,1200400,101002188,108,1087.56
2025-01,1200400,101003457,75,345.0
2025-01,1200400,101070154,108,1087.56
2025-01,1200400,101070156,216,2175.12
2025-01,1200400,101070158,216,2175.12
2025-01,1200400,101070162,432,4350.24
2025-01,1200400,101070165,108,1087.56
2025-01,1200400,101070168,270,2718.9
2025-01,1200419,101002188,441,3933.66
2025-01,1200419,101002402,441,3917.6099999999997
2025-01,1200419,101002612,300,3068.04
2025-01,1200419,101002715,160,835.2
2025-01,1200419,101002859,330,1887.42
2025-01,1200419,101003241,165,949.53
2025-01,1200419,101003346,96,995.52
2025-01,1200419,101003359,0,-11.64
2025-01,1200419,101004141,0,-216.0
2025-01,1200419,101004174,330,1904.88
2025-01,1200419,101004230,360,8554.16
2025-01,1200419,101004233,192,1341.96
2025-01,1200419,101004245,0,-72.0
2025-01,1200419,101004261,216,4622.4
2025-01,1200419,101070153,126,771.5100000000001
2025-01,1200419,101070154,315,2560.9500000000003
2025-01,1200419,101070156,504,4176.09
2025-01,1200419,101070162,378,3242.88
2025-01,1200419,101070165,378,3363.1800000000003
2025-01,1200424,101002188,432,4289.76
2025-01,1200424,101002402,144,1429.92
2025-01,1200424,101003015,288,4245.12
2025-01,1200424,101003241,360,1868.4
2025-01,1200424,101004224,216,2836.08
2025-01,1200424,101004257,192,1555.2
2025-01,1200424,101070153,432,4289.76
2025-01,1200424,101070154,144,1429.92
2025-01,1200424,101070156,720,7149.6
2025-01,1200424,101070158,144,1429.92
2025-01,1200424,101070162,864,8579.52
2025-01,1200424,101070165,288,2859.84
2025-01,1200424,101070168,288,2859.84
2025-01,1200441,101002381,300,3885.0
2025-01,1200441,101002402,189,1876.77
2025-01,1200441,101002612,225,2162.25
2025-01,1200441,101002715,720,5313.6
2025-01,1200441,101003241,540,2802.6000000000004
2025-01,1200441,101003347,156,2048.2799999999997
2025-01,1200441,101004224,864,9640.08
2025-01,1200441,101004261,711,16765.38
2025-01,1200441,101070153,144,1429.92
2025-01,1200441,101070154,306,3038.58
2025-01,1200441,101070156,288,2859.84
2025-01,1200441,101070158,144,1429.92
2025-01,1200441,101070162,288,2859.84
2025-01,1200441,101070165,288,2859.84
2025-01,1200441,101070168,432,4289.76
2025-01,1200460,101002402,144,1196.64
2025-01,1200460,101002612,450,3541.5
2025-01,1200460,101003241,1080,4644.0
2025-01,1200460,101003347,864,9288.0
2025-01,1200460,101003360,180,774.0
2025-01,1200460,101004141,648,8586.0
2025-01,1200460,101004224,8640,89539.34
2025-01,1200460,101004233,192,1887.36
2025-01,1200460,101004261,2754,59044.46
2025-01,1200460,101070158,144,1196.64
2025-01,1200460,101070162,288,2393.28
2025-01,1200460,101070165,432,3589.92
2025-01,1200460,101070168,432,3589.92
2025-01,1200473,101002188,315,3594.15
2025-01,1200473,101002402,315,3594.15
2025-01,1200473,101003241,165,955.35
2025-01,1200473,101070153,252,2875.32
2025-01,1200473,101070154,315,3594.15
2025-01,1200473,101070156,630,7188.3
2025-01,1200473,101070158,315,3594.15
2025-01,1200473,101070162,630,7188.3
2025-01,1200473,101070165,630,7188.3
2025-01,1200473,101070168,315,3594.15
2025-01,1200514,101002381,1650,22071.0
2025-01,1200514,101002402,1701,17951.22
2025-01,1200514,101002715,1920,16019.2
2025-01,1200514,101003346,2592,33448.32
2025-01,1200514,101004224,6720,86851.2
2025-01,1200514,101004233,4512,43982.4
2025-01,1200514,101004257,2496,21168.0
2025-01,1200514,101070153,1890,19952.73
2025-01,1200514,101070154,1134,11859.75
2025-01,1200514,101070156,2772,29290.59
2025-01,1200514,101070158,1323,13963.32
2025-01,1200514,101070162,5544,58961.7
2025-01,1200514,101070165,3780,40373.549999999996
2025-01,1200514,101070168,2457,25794.72
2025-01,1200518,101001911,27975,381913.27
2025-01,1200518,101003648,55088,480093.31000000006
2025-01,1200518,101004098,56736,395643.57999999996
2025-01,1200521,101003359,165,887.7
2025-01,1200521,101004174,330,1775.4
2025-01,1200521,101070154,567,5891.13
2025-01,1200521,101070163,135,2061.45
2025-01,1200521,101070165,945,9818.55
2025-01,1200521,101070166,1350,20614.5
2025-01,1200548,101003346,2112,28280.329999999998
2025-01,1200548,101004196,1824,16098.52
2025-01,1200548,101004224,29952,400194.64999999997
2025-01,1200548,101070156,3843,35858.81
2025-01,1200548,101070162,4158,40675.450000000004
2025-01,1200610,101002188,63,622.46
2025-01,1200610,101002402,63,611.1800000000001
2025-01,1200610,101002715,320,2610.88
2025-01,1200610,101003241,330,1666.92
2025-01,1200610,101004224,96,1254.18
2025-01,1200610,101005690,96,880.5699999999999
2025-01,1200610,101070154,63,622.46
2025-01,1200610,101070156,252,2489.85
2025-01,1200610,101070158,63,622.46
2025-01,1200610,101070162,252,2478.5699999999997
2025-01,1200610,101070165,252,2489.85
2025-01,1200610,101070168,252,2478.56
2025-01,1200611,101002188,63,622.46
2025-01,1200611,101002402,63,622.46
2025-01,1200611,101002612,75,717.15
2025-01,1200611,101002715,320,2610.88
2025-01,1200611,101004224,2016,26337.730000000003
2025-01,1200611,101004230,72,1689.27
2025-01,1200611,101004233,192,1811.06
2025-01,1200611,101004257,48,386.86
2025-01,1200611,101070153,63,622.46
2025-01,1200611,101070154,63,622.46
2025-01,1200611,101070156,504,4979.7
2025-01,1200611,101070158,567,5579.6
2025-01,1200611,101070162,2835,27966.829999999998
2025-01,1200611,101070165,126,1233.64
2025-01,1200611,101070168,1008,9959.39
2025-01,1200649,101002188,144,1429.92
2025-01,1200649,101002715,1980,12988.8
2025-01,1200649,101002859,180,934.2
2025-01,1200649,101003015,144,2122.56
2025-01,1200649,101003241,360,1868.4
2025-01,1200649,101003346,108,1418.04
2025-01,1200649,101003347,216,2836.08
2025-01,1200649,101004141,81,1158.3
2025-01,1200649,101004224,1188,12474.0
2025-01,1200649,101004261,162,3819.96
2025-01,1200649,101070156,72,714.96
2025-01,1200649,101070162,720,7149.6
2025-01,1200649,101070165,504,5004.72
2025-01,1200649,101070168,432,4289.76
2025-01,1200654,101001911,11850,176153.78
2025-01,1200654,101003648,43560,383079.24000000005
2025-01,1200654,101004098,28224,142959.56
2025-01,1200654,101005699,7008,-24260.03
2025-01,1200657,101001911,0,-26599.44
2025-01,1200657,101003648,26488,202766.36000000002
2025-01,1200657,101004098,22560,113425.91
2025-01,1200659,101001911,59400,814329.16
2025-01,1200659,101002622,32960,353716.19
2025-01,1200659,101003648,83776,728085.96
2025-01,1200659,101004098,48096,308478.74
2025-01,1200664,101002188,315,3127.95
2025-01,1200664,101002402,315,3127.95
2025-01,1200664,101070153,189,1876.77
2025-01,1200664,101070154,189,1876.77
2025-01,1200664,101070156,567,5630.31
2025-01,1200664,101070158,693,6881.49
2025-01,1200664,101070162,441,4379.13
2025-01,1200664,101070165,315,3127.95
2025-01,1200664,101070168,756,7507.08
2025-01,1200671,101001911,1875,26757.54
2025-01,1200671,101003648,46992,409661.97000000003
2025-01,1200671,101004098,46848,306153.0
2025-01,1200682,101001911,375,5574.49
2025-01,1200682,101002622,240,3056.64
2025-01,1200682,101003648,37664,357872.9
2025-01,1200682,101004098,20448,107928.01000000001
2025-01,1200682,101004125,270,3809.4599999999996
2025-01,1200682,101004167,9600,107712.01
2025-01,1200682,101070163,270,3863.16
2025-01,1200695,101002381,300,3885.0
2025-01,1200695,101002612,750,7207.5
2025-01,1200695,101002859,660,3425.4
2025-01,1200695,101003241,410,2127.9
2025-01,1200695,101003346,480,6302.4
2025-01,1200695,101003360,330,1712.7
2025-01,1200695,101004174,990,5138.1
2025-01,1200695,101004224,864,11344.32
2025-01,1200695,101004245,480,6302.4
2025-01,1200698,101002715,5400,35748.0
2025-01,1200698,101003241,360,1890.0
2025-01,1200698,101003346,432,5715.36
2025-01,1200698,101003347,432,5715.36
2025-01,1200698,101004141,648,9350.64
2025-01,1200698,101004224,15552,152221.58
2025-01,1200698,101004245,432,5715.36
2025-01,1200698,101004261,810,17668.69
2025-01,1200698,101070162,2880,29001.6
2025-01,1200698,101070165,1440,14500.8
2025-01,1200698,101070168,2448,24651.36
2025-01,1200706,101002612,600,5808.0
2025-01,1200706,101004224,1080,11426.4
2025-01,1200706,101004257,576,4728.96
2025-01,1200706,101004261,648,15364.08
2025-01,1200711,101001911,10650,158300.57
2025-01,1200711,101002622,1280,14429.87
2025-01,1200711,101003648,50600,350792.44
2025-01,1200711,101004098,40800,243076.25
2025-01,1200711,101004125,8100,114283.70999999999
2025-01,1200711,101070163,10035,143392.76
2025-01,1200711,101070166,1035,14808.85
2025-01,1200713,101002612,300,3084.0
2025-01,1200713,101002715,360,2541.6
2025-01,1200713,101002716,0,-264.27
2025-01,1200713,101003241,1080,6033.39
2025-01,1200713,101003346,432,6073.92
2025-01,1200713,101003347,216,2907.4
2025-01,1200713,101003360,720,4140.0
2025-01,1200713,101004141,810,12050.439999999999
2025-01,1200713,101004174,360,1981.69
2025-01,1200713,101004224,432,4471.33
2025-01,1200713,101004233,384,4043.52
2025-01,1200713,101004245,0,-129.56
2025-01,1200713,101004257,0,-74.94
2025-01,1200713,101004261,0,-343.05
2025-01,1200713,101070017,192,2021.76
2025-01,1200713,101070152,288,1630.08
2025-01,1200713,101070158,0,-69.54
2025-01,1200713,101070162,0,-208.62
2025-01,1200713,101070168,0,-278.15
2025-01,1200718,101002612,600,6198.0
2025-01,1200718,101002715,1080,7668.0
2025-01,1200718,101002716,648,6220.8
2025-01,1200718,101002717,720,6386.4
2025-01,1200718,101002859,720,4168.8
2025-01,1200718,101003241,1440,8337.6
2025-01,1200718,101003346,648,9149.76
2025-01,1200718,101003347,4104,51857.28
2025-01,1200718,101003359,720,4168.8
2025-01,1200718,101003360,1440,8337.6
2025-01,1200718,101004141,1944,30365.28
2025-01,1200718,101004174,720,4168.8
2025-01,1200718,101004224,38880,439344.0
2025-01,1200718,101004229,486,10487.880000000001
2025-01,1200718,101004230,648,14521.68
2025-01,1200718,101004245,1080,15249.6
2025-01,1200718,101004257,384,3540.48
2025-01,1200718,101004261,3402,71801.64
2025-01,1200718,101070152,1728,9866.88
2025-01,1200718,101070155,1152,6577.92
2025-01,1200718,101070156,432,4929.12
2025-01,1200718,101070158,144,1643.04
2025-01,1200718,101070161,2592,14800.32
2025-01,1200718,101070162,1152,13144.32
2025-01,1200718,101070164,576,3288.96
2025-01,1200718,101070165,720,8215.2
2025-01,1200718,101070167,2592,14800.32
2025-01,1200718,101070168,144,1643.04
2025-01,1200719,101002612,300,2739.0
2025-01,1200719,101002715,5400,38340.0
2025-01,1200719,101002859,360,2084.4
2025-01,1200719,101003241,1080,6253.200000000001
2025-01,1200719,101003347,0,-164.16
2025-01,1200719,101003359,360,2084.4
2025-01,1200719,101003360,1080,6253.200000000001
2025-01,1200719,101004141,324,5060.88
2025-01,1200719,101004224,9072,102513.6
2025-01,1200719,101004230,0,-123.12
2025-01,1200719,101004233,0,-172.8
2025-01,1200719,101004257,192,1770.24
2025-01,1200719,101004261,0,-738.72
2025-01,1200719,101005690,0,1841.04
2025-01,1200719,101070156,288,3286.08
2025-01,1200719,101070158,288,3286.08
2025-01,1200719,101070162,1008,11501.28
2025-01,1200719,101070165,288,3286.08
2025-01,1200719,101070168,1152,13144.32
2025-01,1200720,101002715,1980,13978.8
2025-01,1200720,101002716,324,3097.44
2025-01,1200720,101002717,360,3178.8
2025-01,1200720,101003347,432,5466.96
2025-01,1200720,101003360,360,2070.0
2025-01,1200720,101004141,1296,17620.739999999998
2025-01,1200720,101004224,6480,86860.08
2025-01,1200720,101004229,243,6031.26
2025-01,1200720,101004230,324,7238.16
2025-01,1200720,101004233,192,2021.76
2025-01,1200720,101004257,192,1756.8
2025-01,1200720,101070162,216,2445.12
2025-01,1200720,101070165,72,815.04
2025-01,1200720,101070168,216,2445.12
2025-01,1200721,101003133,360,2952.0
2025-01,1200721,101003457,720,3736.8
2025-01,1200721,101070165,72,714.96
2025-01,1200742,101002612,1500,14490.0
2025-01,1200742,101002715,2520,20664.0
2025-01,1200742,101002717,720,5904.0
2025-01,1200742,101070153,1296,12908.16
2025-01,1200742,101070154,4608,45895.68
2025-01,1200742,101070156,3168,31553.28
2025-01,1200742,101070158,1872,18645.120000000003
2025-01,1200742,101070162,4320,43027.2
2025-01,1200761,101002402,432,5292.0
2025-01,1200761,101002715,360,2660.4
2025-01,1200761,101002717,180,1663.2
2025-01,1200761,101004233,288,3231.36
2025-01,1200761,101004257,384,3778.56
2025-01,1200761,101070153,504,6174.0
2025-01,1200761,101070158,288,3528.0
2025-01,1200761,101070162,792,9702.0
2025-01,1200761,101070168,504,6174.0
2025-01,1200763,101001911,251,3691.94
2025-01,1200763,101002402,5267,48615.47
2025-01,1200763,101002612,31050,272434.94
2025-01,1200763,101002715,3,21.58
2025-01,1200763,101002859,441,2135.87
2025-01,1200763,101003241,41085,199897.13
2025-01,1200763,101003346,19119,219907.14
2025-01,1200763,101003347,16800,193260.71
2025-01,1200763,101003359,5786,28153.73
2025-01,1200763,101004141,5822,77996.41
2025-01,1200763,101004224,82272,944954.78
2025-01,1200763,101004229,7193,148764.91
2025-01,1200763,101004230,25776,532635.9
2025-01,1200763,101004233,10339,91424.6
2025-01,1200763,101004245,252,2898.88
2025-01,1200763,101004257,16512,108321.31999999999
2025-01,1200763,101004261,60552,1250849.28
2025-01,1200763,101005690,6217,55130.5
2025-01,1200763,101005693,0,-84.0
2025-01,1200763,101005699,2437,21593.64
2025-01,1200763,101070153,16754,154093.45
2025-01,1200763,101070154,1881,17494.28
2025-01,1200763,101070156,19948,185000.13
2025-01,1200763,101070158,1049,9716.76
2025-01,1200763,101070161,43740,204182.51
2025-01,1200763,101070162,13012,120949.97
2025-01,1200763,101070164,29758,138866.31
2025-01,1200763,101070165,6209,57727.65
2025-01,1200763,101070168,396,3669.82
2025-01,1200765,101070156,5103,44156.07
2025-01,1200765,101070162,7875,67929.75
2025-01,1200765,101070165,2142,18550.98
2025-01,1200769,101002381,750,11179.35
2025-01,1200769,101002612,3300,31776.3
2025-01,1200769,101002715,360,2679.48
2025-01,1200769,101002716,324,2627.32
2025-01,1200769,101002717,360,2679.48
2025-01,1200769,101003015,288,4180.9
2025-01,1200769,101003241,1800,9535.32
2025-01,1200769,101003346,648,8337.81
2025-01,1200769,101003347,216,2853.79
2025-01,1200769,101004224,2376,31974.91
2025-01,1200769,101004229,162,3798.09
2025-01,1200769,101004230,162,3798.09
2025-01,1200769,101004233,384,3998.6
2025-01,1200769,101004257,192,1760.83
2025-01,1200769,101004261,2592,59686.130000000005
2025-01,1200769,101070154,288,2610.14
2025-01,1200769,101070156,432,4822.42
2025-01,1200769,101070158,288,2610.14
2025-01,1200769,101070162,864,8395.49
2025-01,1200769,101070165,1008,9477.65
2025-01,1200769,101070168,1584,16050.970000000001
2025-01,1200771,101002612,300,3081.0
2025-01,1200771,101002715,640,5644.8
2025-01,1200771,101003241,495,2841.3
2025-01,1200771,101003347,192,2695.68
2025-01,1200771,101004224,672,9434.88
2025-01,1200771,101004245,96,1347.84
2025-01,1200771,101070156,126,1423.8
2025-01,1200771,101070162,126,1423.8
2025-01,1200771,101070165,189,2135.7
2025-01,1200771,101070168,252,2847.6
2025-01,1200781,101002715,3840,30787.73
2025-01,1200781,101002717,480,3803.9
2025-01,1200781,101003241,330,1669.88
2025-01,1200781,101004174,330,1691.29
2025-01,1200781,101004261,1296,30321.23
2025-01,1200781,101070156,2079,20183.14
2025-01,1200781,101070162,1890,18227.29
2025-01,1200781,101070165,630,5979.66
2025-01,1200781,101070168,1701,16763.820000000003
2025-01,1200784,101002612,300,2883.0
2025-01,1200784,101002716,162,1448.28
2025-01,1200784,101002717,180,1476.0
2025-01,1200784,101003241,360,1868.4
2025-01,1200784,101003347,216,2836.08
2025-01,1200784,101003359,180,934.2
2025-01,1200784,101003360,90,467.1
2025-01,1200784,101004141,81,1158.3
2025-01,1200784,101004174,90,467.1
2025-01,1200784,101004183,180,934.2
2025-01,1200784,101004230,81,1909.98
2025-01,1200784,101004233,96,910.08
2025-01,1200784,101004245,108,1418.04
2025-01,1200784,101004261,162,3819.96
2025-01,1200784,101005690,48,455.04
2025-01,1200784,101070162,1152,11439.36
2025-01,1200784,101070165,576,5719.68
2025-01,1200784,101070168,1152,11439.36
2025-01,1200785,101002188,378,4271.4
2025-01,1200785,101002402,504,5695.2
2025-01,1200785,101002612,450,4621.5
2025-01,1200785,101002715,837,7382.34
2025-01,1200785,101002717,254,2240.28
2025-01,1200785,101002859,495,2841.3
2025-01,1200785,101003241,660,3788.4
2025-01,1200785,101004174,330,1894.2
2025-01,1200785,101070153,441,4983.299999999999
2025-01,1200785,101070154,567,6407.1
2025-01,1200785,101070156,945,10678.5
2025-01,1200785,101070158,567,6407.1
2025-01,1200785,101070162,756,8542.8
2025-01,1200785,101070165,441,4983.3
2025-01,1200785,101070168,1197,13526.1
2025-01,1200786,101002402,504,5750.64
2025-01,1200786,101002612,300,3099.0
2025-01,1200786,101002859,495,2866.05
2025-01,1200786,101003241,990,5732.1
2025-01,1200786,101003359,330,1910.7
2025-01,1200786,101004141,144,2249.28
2025-01,1200786,101004174,495,2866.05
2025-01,1200786,101004224,1152,16266.24
2025-01,1200786,101004261,504,12549.599999999999
2025-01,1200786,101070153,378,4312.9800000000005
2025-01,1200786,101070154,756,8625.96
2025-01,1200786,101070156,756,8625.960000000001
2025-01,1200786,101070158,567,6469.47
2025-01,1200786,101070162,693,7907.129999999999
2025-01,1200786,101070165,504,5750.639999999999
2025-01,1200786,101070168,1071,12220.11
2025-01,1200793,101002188,63,917.91
2025-01,1200793,101002859,825,5948.25
2025-01,1200793,101004174,825,5948.25
2025-01,1200793,101070153,63,917.91
2025-01,1200793,101070154,945,13768.65
2025-01,1200793,101070158,252,3671.64
2025-01,1200793,101070162,1197,17440.29
2025-01,1200793,101070165,189,2753.73
2025-01,1200793,101070168,1134,16522.38
2025-01,1200796,101002859,90,513.0
2025-01,1200796,101003346,54,754.92
2025-01,1200796,101003360,90,513.0
2025-01,1200796,101004141,243,3751.92
2025-01,1200796,101004224,864,9659.52
2025-01,1200796,101004233,48,501.12
2025-01,1200796,101004261,162,4004.64
2025-01,1200796,101005690,48,501.12
2025-01,1200806,101002612,600,5568.0
2025-01,1200806,101003346,864,11067.84
2025-01,1200806,101003347,432,5533.92
2025-01,1200806,101004224,432,5533.92
2025-01,1200806,101004261,162,3696.84
2025-01,1200806,101070154,144,1543.68
2025-01,1200806,101070165,288,3087.36
2025-01,1200806,101070168,2304,24698.88
2025-01,1200821,101002188,0,-11.58
2025-01,1200821,101002402,0,-11.58
2025-01,1200821,101002612,0,-41.28
2025-01,1200821,101002715,0,-42.78
2025-01,1200821,101002859,0,-14.32
2025-01,1200821,101003346,0,-40.68
2025-01,1200821,101003347,0,-40.68
2025-01,1200821,101003359,0,-28.64
2025-01,1200821,101003360,0,-28.64
2025-01,1200821,101004141,0,-68.42
2025-01,1200821,101004174,0,-14.32
2025-01,1200821,101004183,0,-28.64
2025-01,1200821,101004224,0,-101.66
2025-01,1200821,101004229,0,-26.48
2025-01,1200821,101004230,0,-26.48
2025-01,1200821,101004233,0,-14.02
2025-01,1200821,101004257,0,-28.02
2025-01,1200821,101004261,0,-52.96
2025-01,1200821,101005690,0,-14.02
2025-01,1200821,101070017,0,-28.02
2025-01,1200821,101070162,0,-57.86
2025-01,1200821,101070165,0,-46.28
2025-01,1200821,101070168,0,-34.72
2025-01,1200826,101002715,80,578.4
2025-01,1200826,101002859,100,471.0
2025-01,1200826,101003360,60,282.6
2025-01,1200826,101004257,180,1324.8
2025-01,1200826,101070154,40,316.4
2025-01,1200826,101070165,50,395.5
2025-01,1200839,101070152,576,2903.04
2025-01,1200839,101070155,576,2903.04
2025-01,1200839,101070161,576,0.0
2025-01,1200839,101070164,864,4354.56
2025-01,1200839,101070167,864,4354.56
2025-01,1200841,101002381,4500,56672.83
2025-01,1200841,101002612,7200,65072.42
2025-01,1200841,101002859,16560,82511.70999999999
2025-01,1200841,101003241,6480,12638.739999999998
2025-01,1200841,101003347,6576,79734.59
2025-01,1200841,101004224,21816,232124.94
2025-01,1200841,101004229,3888,88942.18000000001
2025-01,1200841,101004230,7128,162125.6
2025-01,1200841,101004233,4800,39173.509999999995
2025-01,1200841,101004261,21708,491850.41
2025-01,1200841,101005690,3648,34187.25
2025-01,1200841,101005693,3240,75857.09
2025-01,1200841,101005699,192,-526.2600000000001
2025-01,1200841,101070017,2688,23576.84
2025-01,1200841,101070026,119,54339.829999999994
2025-01,1200841,101070152,9792,30517.82
2025-01,1200841,101070155,14976,49149.35
2025-01,1200841,101070157,0,-6322.18
2025-01,1200841,101070161,18432,67241.17
2025-01,1200841,101070164,11520,36164.17
2025-01,1200841,101070167,9792,44650.409999999996
2025-01,1200854,101002715,3240,28370.78
2025-01,1200854,101002716,324,3084.12
2025-01,1200854,101002717,720,6318.33
2025-01,1200854,101003241,720,4120.35
2025-01,1200854,101003347,216,3011.06
2025-01,1200854,101004141,162,2504.7000000000003
2025-01,1200854,101004224,3024,42154.44
2025-01,1200854,101004245,648,9060.05
2025-01,1200854,101070153,144,1638.4099999999999
2025-01,1200854,101070156,1296,14655.82
2025-01,1200854,101070158,0,-11.860000000000001
2025-01,1200854,101070162,864,9789.27
2025-01,1200854,101070165,432,4888.2
2025-01,1200854,101070168,1152,12996.93
2025-01,1200872,101002715,8280,54813.6
2025-01,1200872,101003241,1080,5670.0
2025-01,1200872,101003360,360,1890.0
2025-01,1200872,101004141,486,7012.98
2025-01,1200872,101004224,6480,68558.40000000001
2025-01,1200912,101003241,620,2641.2
2025-01,1200912,101003360,260,1107.6
2025-01,1200915,101002402,63,812.07
2025-01,1200915,101003241,660,4210.8
2025-01,1200915,101004174,660,4210.8
2025-01,1200915,101004257,192,2248.32
2025-01,1200915,101070153,189,2436.21
2025-01,1200915,101070156,378,4872.42
2025-01,1200915,101070158,126,1624.14
2025-01,1200915,101070162,315,4060.35
2025-01,1200915,101070165,252,3248.28
2025-01,1200915,101070168,378,4872.42
2025-01,1200924,101002188,144,1643.04
2025-01,1200924,101002402,144,1478.88
2025-01,1200924,101003346,108,1524.96
2025-01,1200924,101004141,81,1151.01
2025-01,1200924,101004224,540,6939.0
2025-01,1200924,101004257,96,814.08
2025-01,1200924,101004261,162,3670.92
2025-01,1200924,101070153,72,739.44
2025-01,1200924,101070154,144,1478.88
2025-01,1200924,101070156,1008,10352.16
2025-01,1200924,101070158,288,2957.76
2025-01,1200924,101070162,1152,11831.04
2025-01,1200924,101070165,216,2218.32
2025-01,1200924,101070168,432,4436.64
2025-01,1200929,101003015,0,-230.55
2025-01,1200929,101003241,0,-3042.0
2025-01,1200929,101003359,0,-1638.0
2025-01,1200929,101003360,0,-2973.0
2025-01,1200929,101004174,0,-468.0
2025-01,1200929,101004224,19440,229143.59999999998
2025-01,1200929,101004261,0,-1535.76
2025-01,1200929,101070017,0,-368.64
2025-01,1200943,101002715,360,3160.8
2025-01,1200943,101003241,720,4104.0
2025-01,1200943,101070154,144,1612.8
2025-01,1200943,101070156,288,3225.6
2025-01,1200943,101070162,288,3225.6
2025-01,1200943,101070165,288,3225.6
2025-01,1200948,101002188,144,1429.92
2025-01,1200948,101002381,75,971.25
2025-01,1200948,101002612,600,5766.0
2025-01,1200948,101002715,2160,14169.6
2025-01,1200948,101002717,360,2952.0
2025-01,1200948,101002859,540,2802.6
2025-01,1200948,101003241,1080,5605.2
2025-01,1200948,101003347,216,2836.08
2025-01,1200948,101003359,360,1868.4
2025-01,1200948,101004141,324,4633.2
2025-01,1200948,101004230,81,1909.98
2025-01,1200948,101004261,162,3819.96
2025-01,1200948,101070154,144,1429.92
2025-01,1200948,101070158,144,1429.92
2025-01,1200948,101070162,720,7149.6
2025-01,1200948,101070165,144,1429.92
2025-01,1200949,101002859,360,2070.0
2025-01,1200949,101003241,720,3859.29
2025-01,1200949,101003347,216,3036.96
2025-01,1200949,101004141,162,2517.48
2025-01,1200949,101004224,1512,17010.0
2025-01,1200949,101004245,0,-199.92
2025-01,1200949,101004257,0,-120.88
2025-01,1200949,101005690,96,942.25
2025-01,1200949,101070017,0,-271.19
2025-01,1200949,101070156,288,3033.99
2025-01,1200949,101070158,288,3260.16
2025-01,1200949,101070168,1440,14717.609999999999
2025-01,1200969,101070156,324,3661.2
2025-01,1200969,101070165,216,2440.8
2025-01,1200969,101070168,756,8542.8
2025-01,1200973,101002188,126,1382.22
2025-01,1200973,101002715,320,2774.4
2025-01,1200973,101002717,320,2774.4
2025-01,1200973,101002859,165,925.65
2025-01,1200973,101003241,495,2776.95
2025-01,1200973,101003359,165,925.65
2025-01,1200973,101004174,330,1851.3
2025-01,1200973,101070153,252,2764.44
2025-01,1200973,101070154,252,2764.44
2025-01,1200973,101070156,252,2764.44
2025-01,1200973,101070158,126,1382.22
2025-01,1200973,101070162,252,2764.44
2025-01,1200973,101070165,252,2764.44
2025-01,1200973,101070168,441,4837.77
2025-01,1200976,101002612,600,6423.82
2025-01,1200976,101003241,660,4014.1
2025-01,1200976,101070153,315,3713.65
2025-01,1200976,101070154,504,5978.18
2025-01,1200976,101070156,126,1370.3
2025-01,1200976,101070158,0,-116.25
2025-01,1200976,101070162,567,6751.65
2025-01,1200976,101070165,315,3661.7
2025-01,1200976,101070168,126,1173.4
2025-01,1200978,101002188,432,4278.959999999999
2025-01,1200978,101002402,504,4992.12
2025-01,1200978,101004224,432,6073.92
2025-01,1200978,101070153,432,4278.96
2025-01,1200978,101070154,576,5705.28
2025-01,1200978,101070156,1080,10697.4
2025-01,1200978,101070158,864,8557.92
2025-01,1200978,101070162,1296,12836.88
2025-01,1200978,101070165,1152,11410.560000000001
2025-01,1200978,101070168,2016,19968.48
2025-01,1200984,101004224,6696,92940.48
2025-01,1200985,101001911,2625,24885.5
2025-01,1200985,101002622,6880,76949.75
2025-01,1200985,101003648,21120,41340.499999999985
2025-01,1200985,101004098,6720,-123416.48
2025-01,1200985,101004125,8910,117193.25
2025-01,1200985,101070163,11070,148379.48
2025-01,1200989,101001911,1275,19048.5
2025-01,1200989,101004196,3360,21238.8
2025-01,1200989,101005699,0,-1144.0
2025-01,1200989,101070163,4725,50026.5
2025-01,1200989,101070166,9450,135910.0
2025-01,1200995,101002715,6480,46008.0
2025-01,1200995,101002716,648,6220.8
2025-01,1200995,101002717,720,6386.4
2025-01,1200995,101003015,288,4458.24
2025-01,1200995,101003346,216,3049.92
2025-01,1200995,101003347,216,3049.92
2025-01,1200995,101003360,360,2084.4
2025-01,1200995,101004141,324,5060.88
2025-01,1200995,101004224,3996,45154.8
2025-01,1200995,101004229,162,4033.8
2025-01,1200995,101004230,162,4033.8
2025-01,1200995,101004233,192,2035.2
2025-01,1200995,101004245,216,3049.92
2025-01,1200995,101004261,162,4033.8
2025-01,1200995,101070017,192,1628.16
2025-01,1200995,101070154,144,1643.04
2025-01,1200995,101070165,144,1643.04
2025-01,1200996,101070156,63,625.59
2025-01,1200996,101070162,189,1876.77
2025-01,1200996,101070165,126,1251.18
2025-01,1201002,101070156,1152,9146.88
2025-01,1201002,101070158,720,6076.799999999999
2025-01,1201002,101070162,1584,12576.96
2025-01,1201002,101070165,1008,8003.52
2025-01,1201002,101070168,1728,13720.32
2025-01,1201009,101003133,1080,6973.66
2025-01,1201009,101003456,288,2250.83
2025-01,1201009,101004224,432,4464.81
2025-01,1201009,101004229,162,3007.38
2025-01,1201009,101004230,324,6014.76
2025-01,1201009,101004261,324,6014.76
2025-01,1201012,101002188,288,2573.2799999999997
2025-01,1201012,101002381,450,5827.5
2025-01,1201012,101002402,720,6863.04
2025-01,1201012,101002612,300,2883.0
2025-01,1201012,101002859,1440,7473.6
2025-01,1201012,101003241,2520,13078.800000000001
2025-01,1201012,101003346,648,8508.24
2025-01,1201012,101003347,1296,15312.24
2025-01,1201012,101003359,1080,5605.200000000001
2025-01,1201012,101003360,720,3736.8
2025-01,1201012,101004141,486,6949.799999999999
2025-01,1201012,101004174,1080,5605.200000000001
2025-01,1201012,101004183,720,3736.8
2025-01,1201012,101004224,6480,68040.0
2025-01,1201012,101004230,162,3819.96
2025-01,1201012,101004233,192,1820.16
2025-01,1201012,101004245,216,2836.08
2025-01,1201012,101004257,384,3110.4
2025-01,1201012,101004261,162,3819.96
2025-01,1201012,101070153,576,5433.12
2025-01,1201012,101070154,288,2573.2799999999997
2025-01,1201012,101070156,1152,10866.24
2025-01,1201012,101070158,1296,12296.16
2025-01,1201012,101070162,2448,22302.72
2025-01,1201012,101070165,288,2573.2799999999997
2025-01,1201012,101070168,3456,31165.92
2025-01,1201014,101003241,150,673.5
2025-01,1201014,101003347,120,1327.2
2025-01,1201014,101003359,127,570.23
2025-01,1201014,101003360,0,-871.06
2025-01,1201014,101004141,3,36.54
2025-01,1201014,101004224,600,6636.0
2025-01,1201014,101004230,45,882.45
2025-01,1201014,101004245,60,829.8
2025-01,1201014,101004261,45,882.45
2025-01,1201014,101070017,0,-164.0
2025-01,1201020,101002612,300,2904.0
2025-01,1201020,101002715,5400,35748.0
2025-01,1201020,101002716,324,2919.24
2025-01,1201020,101002859,360,1890.0
2025-01,1201020,101003241,720,3780.0
2025-01,1201020,101003347,432,5715.36
2025-01,1201020,101004141,324,4675.32
2025-01,1201020,101004224,6480,68558.4
2025-01,1201020,101070168,144,1450.08
2025-01,1201029,101002188,288,2430.72
2025-01,1201029,101003133,1068,7006.08
2025-01,1201029,101003241,1080,4762.8
2025-01,1201029,101003346,432,4536.0
2025-01,1201029,101003347,216,2268.0
2025-01,1201029,101003456,1037,8233.78
2025-01,1201029,101004141,162,1853.28
2025-01,1201029,101004245,432,4536.0
2025-01,1201029,101070156,144,1143.36
2025-01,1201029,101070168,216,1715.04
2025-01,1201031,101003241,1080,5670.0
2025-01,1201031,101003347,216,2857.68
2025-01,1201031,101004141,648,9350.64
2025-01,1201031,101004224,864,9141.12
2025-01,1201031,101004233,192,1841.28
2025-01,1201031,101004245,216,2857.68
2025-01,1201031,101004257,576,4728.96
2025-01,1201031,101070162,432,4350.24
2025-01,1201031,101070168,432,4350.24
2025-01,1201035,101002612,1650,10725.51
2025-01,1201035,101002715,160,1130.6
2025-01,1201035,101002859,330,1705.54
2025-01,1201035,101003241,330,1690.69
2025-01,1201035,101004174,660,2946.81
2025-01,1201035,101070153,63,301.16999999999996
2025-01,1201035,101070156,6489,67639.78
2025-01,1201035,101070158,315,2845.3399999999997
2025-01,1201035,101070162,9135,95087.37
2025-01,1201035,101070165,1827,19213.82
2025-01,1201035,101070168,7371,78303.4
2025-01,1201037,101002612,285,2750.25
2025-01,1201037,101002859,165,891.0
2025-01,1201037,101003346,96,1240.32
2025-01,1201037,101003359,165,891.0
2025-01,1201037,101004229,72,1643.04
2025-01,1201037,101004230,72,1643.04
2025-01,1201037,101004233,160,1580.8
2025-01,1201037,101005690,160,1580.8
2025-01,1201043,101002612,0,937.5
2025-01,1201043,101002715,0,-279.04
2025-01,1201043,101002716,0,937.5
2025-01,1201043,101002717,0,770.08
2025-01,1201043,101002859,0,862.79
2025-01,1201043,101003015,0,937.5
2025-01,1201043,101003241,0,825.4300000000001
2025-01,1201043,101003360,0,937.5
2025-01,1201043,101004174,0,900.14
2025-01,1201043,101070154,0,-83.84
2025-01,1201043,101070156,0,-83.84
2025-01,1201043,101070158,0,-139.73
2025-01,1201043,101070162,0,-279.47
2025-01,1201043,101070165,0,-139.73
2025-01,1201043,101070168,0,-558.94
2025-01,1201047,101004214,24480,230910.06
2025-01,1201050,101002381,600,7854.0
2025-01,1201050,101002402,432,4415.04
2025-01,1201050,101002715,20880,136965.6
2025-01,1201050,101002859,3600,18900.0
2025-01,1201050,101003241,5400,28242.0
2025-01,1201050,101004141,486,7012.98
2025-01,1201050,101004174,720,3780.0
2025-01,1201050,101004224,14256,142685.27999999997
2025-01,1201050,101004233,432,4190.4
2025-01,1201050,101004245,864,11430.72
2025-01,1201050,101004261,810,19205.1
2025-01,1201050,101005699,5760,55238.4
2025-01,1201050,101070156,576,5780.16
2025-01,1201050,101070158,576,5844.96
2025-01,1201050,101070162,8496,85373.28
2025-01,1201050,101070165,720,7149.6
2025-01,1201050,101070168,5760,57862.08
2025-01,1201054,101002188,63,625.59
2025-01,1201054,101070153,63,625.59
2025-01,1201054,101070154,63,625.59
2025-01,1201054,101070156,315,3127.9500000000003
2025-01,1201054,101070158,63,625.59
2025-01,1201054,101070162,2268,22521.239999999998
2025-01,1201054,101070165,693,6881.49
2025-01,1201054,101070168,252,2502.36
2025-01,1201058,101002188,144,1290.24
2025-01,1201058,101002402,144,1290.24
2025-01,1201058,101002715,140,984.2
2025-01,1201058,101004257,48,434.88
2025-01,1201058,101005690,32,334.08
2025-01,1201058,101070154,144,1290.24
2025-01,1201058,101070158,144,1290.24
2025-01,1201058,101070162,144,1290.24
2025-01,1201058,101070165,144,1290.24
2025-01,1201058,101070168,288,2580.48
2025-01,1201059,101002715,4680,38703.6
2025-01,1201059,101003241,720,3780.0
2025-01,1201059,101003347,648,8573.04
2025-01,1201059,101004141,324,4675.32
2025-01,1201059,101004224,1296,17146.08
2025-01,1201059,101004261,648,15364.08
2025-01,1201060,101002715,4160,36899.2
2025-01,1201060,101003241,495,2866.05
2025-01,1201060,101003347,96,1355.52
2025-01,1201060,101004141,1080,16869.6
2025-01,1201060,101004261,72,1792.8
2025-01,1201065,101002612,150,1534.5
2025-01,1201065,101003346,108,1509.84
2025-01,1201065,101004224,6480,72964.8
2025-01,1201065,101004245,108,1509.84
2025-01,1201068,101002188,36,322.56
2025-01,1201068,101002402,27,241.92
2025-01,1201068,101003241,45,205.2
2025-01,1201068,101003346,24,335.52
2025-01,1201068,101003347,36,402.84
2025-01,1201068,101003359,30,136.8
2025-01,1201068,101003360,15,68.4
2025-01,1201068,101004141,27,333.72
2025-01,1201068,101004174,15,68.4
2025-01,1201068,101004224,24,268.56
2025-01,1201068,101004229,27,534.06
2025-01,1201068,101004230,36,712.08
2025-01,1201068,101004233,16,167.04
2025-01,1201068,101004245,36,503.28
2025-01,1201068,101004257,16,144.96
2025-01,1201068,101004261,18,356.04
2025-01,1201068,101005690,32,334.08
2025-01,1201068,101070017,32,267.2
2025-01,1201068,101070153,27,241.92
2025-01,1201068,101070154,45,403.2
2025-01,1201068,101070156,27,241.92
2025-01,1201068,101070162,27,241.92
2025-01,1201068,101070165,27,241.92
2025-01,1201068,101070168,27,241.92
2025-01,1201073,101002188,126,1267.24
2025-01,1201073,101002402,126,1267.24
2025-01,1201073,101002612,150,1448.4
2025-01,1201073,101002715,160,1319.8400000000001
2025-01,1201073,101002859,330,1730.35
2025-01,1201073,101003241,330,1730.35
2025-01,1201073,101004141,72,1036.3700000000001
2025-01,1201073,101004224,480,6347.23
2025-01,1201073,101004230,144,3409.99
2025-01,1201073,101004233,288,2743.48
2025-01,1201073,101004257,288,2352.38
2025-01,1201073,101004261,360,8527.1
2025-01,1201073,101070153,189,1898.5
2025-01,1201073,101070154,189,1898.5
2025-01,1201073,101070156,315,3165.75
2025-01,1201073,101070158,126,1265.6699999999998
2025-01,1201073,101070162,504,5064.25
2025-01,1201073,101070165,189,1898.5
2025-01,1201073,101070168,441,4431.42
2025-01,1201076,101002188,72,806.4
2025-01,1201076,101002381,75,1110.0
2025-01,1201076,101002402,72,806.4
2025-01,1201076,101002612,150,1534.5
2025-01,1201076,101004141,162,2501.28
2025-01,1201076,101004224,648,7244.64
2025-01,1201076,101004233,96,1002.24
2025-01,1201076,101004261,162,4004.64
2025-01,1201076,101070158,144,1612.8
2025-01,1201076,101070162,144,1612.8
2025-01,1201076,101070165,144,1612.8
2025-01,1201076,101070168,288,3225.6
2025-01,1201090,101004224,288,3810.24
2025-01,1201090,101004233,138,1323.42
2025-01,1201090,101004261,216,5121.36
2025-01,1201090,101005690,69,661.71
2025-01,1201090,101070158,126,1268.82
2025-01,1201090,101070162,126,1268.82
2025-01,1205005,101002612,150,1462.5
2025-01,1205005,101002859,165,876.15
2025-01,1205005,101003241,165,876.15
2025-01,1205005,101004224,96,1278.72
2025-01,1205005,101004257,288,2396.16
2025-01,1205005,101005690,96,931.2
2025-01,1205005,101070158,189,1931.58
2025-01,1205005,101070162,630,6438.6
2025-01,1205007,101003346,216,3263.76
2025-01,1205007,101004141,162,2744.28
2025-01,1205007,101004224,864,13055.04
2025-01,1205007,101004230,648,16990.56
2025-01,1205007,101004261,648,16990.56
2025-01,1205009,101002612,150,1441.5
2025-01,1205009,101003241,165,856.35
2025-01,1205009,101003359,165,856.35
2025-01,1205009,101004141,72,1029.6
2025-01,1205009,101004224,192,2520.96
2025-01,1205009,101004257,192,1555.2
2025-01,1205009,101004261,288,6791.04
2025-01,1205010,101002188,288,3286.08
2025-01,1205010,101002402,288,3286.08
2025-01,1205010,101002612,600,6198.0
2025-01,1205010,101070017,192,2035.2
2025-01,1205010,101070152,288,1644.48
2025-01,1205010,101070153,288,3286.08
2025-01,1205010,101070154,720,8215.2
2025-01,1205010,101070155,1152,6577.92
2025-01,1205010,101070156,1152,13144.32
2025-01,1205010,101070158,1152,13144.32
2025-01,1205010,101070161,1440,8222.4
2025-01,1205010,101070162,1152,13144.32
2025-01,1205010,101070164,576,3288.96
2025-01,1205010,101070165,288,3286.08
2025-01,1205010,101070167,576,3288.96
2025-01,1205010,101070168,864,9858.24
2025-01,1205013,101003241,360,2070.0
2025-01,1205013,101003347,216,3036.96
2025-01,1205013,101004224,1080,12322.8
2025-01,1205013,101004261,324,8041.68
2025-01,1205013,101070156,288,3260.16
2025-01,1205013,101070158,144,1630.08
2025-01,1205013,101070162,1296,14670.72
2025-01,1205013,101070165,1296,14670.72
2025-01,1205018,101002188,144,1478.88
2025-01,1205018,101002402,432,4436.64
2025-01,1205018,101070153,144,1478.88
2025-01,1205018,101070154,288,2957.76
2025-01,1205018,101070156,720,7394.4
2025-01,1205018,101070158,432,4436.64
2025-01,1205018,101070162,1008,10352.16
2025-01,1205018,101070165,432,4436.64
2025-01,1205018,101070168,720,7394.4
2025-01,1205023,101003359,50,280.5
2025-01,1205026,101002715,2160,6382.7300000000005
2025-01,1205026,101002717,2160,10953.39
2025-01,1205026,101003241,4320,14948.640000000001
2025-01,1205026,101003359,360,-2865.4
2025-01,1205034,101003241,165,856.35
2025-01,1205034,101004224,384,5041.92
2025-01,1205034,101004233,576,5460.48
2025-01,1205034,101004257,672,5443.2
2025-01,1205034,101005690,384,3640.32
2025-01,1205034,101070156,189,1876.77
2025-01,1205034,101070162,252,2502.36
2025-01,1205034,101070168,63,625.59
2025-01,1205038,101002715,10080,70848.0
2025-01,1205038,101004224,6480,73224.0
2025-01,1205044,101002188,576,6111.36
2025-01,1205044,101002402,576,6111.36
2025-01,1205044,101003347,216,2775.6
2025-01,1205044,101003359,360,1936.8
2025-01,1205044,101004261,162,3670.92
2025-01,1205044,101070153,576,6111.36
2025-01,1205044,101070154,1008,10694.880000000001
2025-01,1205044,101070156,1152,12222.72
2025-01,1205044,101070158,1152,12222.72
2025-01,1205044,101070162,1152,12222.72
2025-01,1205044,101070165,1008,10694.880000000001
2025-01,1205044,101070168,1008,10694.880000000001
2025-01,1205046,101002715,3960,27640.8
2025-01,1205046,101002716,324,3065.04
2025-01,1205046,101002717,360,3139.2
2025-01,1205046,101002859,720,3261.6
2025-01,1205046,101003241,1080,4892.4
2025-01,1205046,101003359,360,1630.8
2025-01,1205046,101003360,720,3261.6
2025-01,1205046,101004141,1296,15914.88
2025-01,1205046,101004174,360,1630.8
2025-01,1205046,101004224,432,4803.84
2025-01,1205046,101004229,162,3193.02
2025-01,1205046,101004230,162,3193.02
2025-01,1205046,101004257,192,1722.24
2025-01,1205046,101070156,144,1310.4
2025-01,1205046,101070158,144,1310.4
2025-01,1205046,101070162,864,7862.4
2025-01,1205046,101070165,432,3931.2
2025-01,1205046,101070168,1728,15724.8
2025-01,1205048,101003347,96,1278.72
2025-01,1205048,101004224,384,5114.88
2025-01,1205048,101004233,96,931.2
2025-01,1205048,101004257,96,798.72
2025-01,1205048,101005690,96,931.2
2025-01,1205049,101002188,144,1545.12
2025-01,1205049,101002402,144,1545.12
2025-01,1205049,101070153,144,1545.12
2025-01,1205049,101070154,144,1545.12
2025-01,1205049,101070156,864,9270.72
2025-01,1205049,101070158,864,9270.72
2025-01,1205049,101070162,1584,16996.32
2025-01,1205049,101070165,288,3090.24
2025-01,1205049,101070168,144,1545.12
2025-01,1205051,101002188,144,1643.04
2025-01,1205051,101002402,144,1643.04
2025-01,1205051,101002612,300,3099.0
2025-01,1205051,101002715,10800,76680.0
2025-01,1205051,101002859,360,2084.4
2025-01,1205051,101003015,288,4458.24
2025-01,1205051,101003241,720,4168.8
2025-01,1205051,101003346,432,6099.84
2025-01,1205051,101003347,432,6099.84
2025-01,1205051,101003359,360,2084.4
2025-01,1205051,101003360,360,2084.4
2025-01,1205051,101004141,162,2530.44
2025-01,1205051,101004174,360,2084.4
2025-01,1205051,101004183,360,2084.4
2025-01,1205051,101004224,10152,114717.6
2025-01,1205051,101004229,162,4033.8
2025-01,1205051,101004230,162,4033.8
2025-01,1205051,101004233,192,2035.2
2025-01,1205051,101004245,216,3049.92
2025-01,1205051,101004257,192,1770.24
2025-01,1205051,101004261,324,8067.6
2025-01,1205051,101005690,192,2035.2
2025-01,1205051,101070017,192,1628.16
2025-01,1205051,101070153,144,1643.04
2025-01,1205051,101070154,144,1643.04
2025-01,1205051,101070156,288,3286.08
2025-01,1205051,101070158,144,1643.04
2025-01,1205051,101070162,432,4929.12
2025-01,1205051,101070165,288,3286.08
2025-01,1205051,101070168,432,4929.12
2025-01,1205052,101002612,300,2883.0
2025-01,1205052,101002717,360,2905.2
2025-01,1205052,101003241,360,1936.8
2025-01,1205052,101003346,216,2775.6
2025-01,1205052,101003347,216,2775.6
2025-01,1205052,101003359,360,1936.8
2025-01,1205052,101003360,360,1936.8
2025-01,1205052,101004141,162,2302.02
2025-01,1205052,101004233,384,3786.24
2025-01,1205052,101004257,384,3290.88
2025-01,1205052,101004261,162,3670.92
2025-01,1205052,101070017,192,1893.12
2025-01,1205052,101070153,144,1527.84
2025-01,1205052,101070156,144,1527.84
2025-01,1205052,101070158,144,1527.84
2025-01,1205052,101070162,144,1527.84
2025-01,1205052,101070165,144,1527.84
2025-01,1205052,101070168,144,1527.84
2025-01,C5800,101002161,288,1944.69
2025-01,C5800,101002613,7375,48194.15
2025-01,C5800,101003028,9000,31762.800000000003
2025-01,C5800,101003118,5400,19057.68
2025-01,C5800,101003119,17250,60878.7
2025-01,C5800,101003122,1440,5082.05
2025-01,C5800,101003207,33120,184677.12
2025-01,C5800,101003242,21600,76230.72
2025-01,C5800,101003449,1800,6352.56
2025-01,C5800,101004148,219936,1417795.4000000001
2025-01,C5800,101004189,90024,803770.24
2025-01,C5800,101004226,24624,394831.05
2025-01,C5800,101004246,216,1928.53
2025-01,C5800,101004262,20838,186050.01
2025-01,C5800,101070043,9282,51125.25
2025-01,C5800,101070173,8024,54181.259999999995
2025-01,C5800,101070175,10656,71953.59
2025-01,C5800,101070176,13536,91400.48999999999
2025-01,C5800,101070179,7632,51534.32
2025-01,NCASH510,101003347,10,105.0
2025-01,NCASH510,101004141,1,11.4
2025-01,NCASH510,101004224,3,31.5
2025-02,1200002,101002612,0,-31.52
2025-02,1200002,101002715,0,-1223.19
2025-02,1200002,101003241,1080,4536.0
2025-02,1200002,101003347,432,4555.05
2025-02,1200002,101003359,360,1501.74
2025-02,1200002,101003360,360,1501.74
2025-02,1200002,101004141,1134,13022.94
2025-02,1200002,101004224,0,-2935.21
2025-02,1200002,101004230,0,-20.84
2025-02,1200002,101004261,648,12271.72
2025-02,1200002,101070017,192,1472.64
2025-02,1200002,101070162,288,2321.28
2025-02,1200002,101070168,864,6963.84
2025-02,1200008,101002402,144,1140.48
2025-02,1200008,101002717,360,2952.0
2025-02,1200008,101004141,162,1848.42
2025-02,1200008,101070158,144,1140.48
2025-02,1200008,101070162,2448,19388.16
2025-02,1200008,101070165,1152,9123.84
2025-02,1200015,101002188,144,1143.36
2025-02,1200015,101002381,150,1942.5
2025-02,1200015,101002402,432,3430.08
2025-02,1200015,101002612,900,6921.0
2025-02,1200015,101002859,360,1494.0
2025-02,1200015,101003241,720,2613.6
2025-02,1200015,101003360,360,1494.0
2025-02,1200015,101004141,797,9117.68
2025-02,1200015,101004183,360,1494.0
2025-02,1200015,101004224,1080,5408.639999999999
2025-02,1200015,101004229,162,3055.32
2025-02,1200015,101004230,162,3055.32
2025-02,1200015,101004233,192,1820.16
2025-02,1200015,101004245,216,2836.08
2025-02,1200015,101004261,648,12221.28
2025-02,1200015,101005690,192,1820.16
2025-02,1200015,101070153,288,2286.72
2025-02,1200015,101070156,432,3430.08
2025-02,1200015,101070158,288,2286.72
2025-02,1200015,101070162,1728,11427.84
2025-02,1200015,101070165,2016,14001.119999999999
2025-02,1200015,101070168,2592,19720.8
2025-02,1200016,101002188,0,-77.22
2025-02,1200016,101002381,150,2157.0
2025-02,1200016,101002402,0,-424.71
2025-02,1200016,101002612,557,4411.83
2025-02,1200016,101002715,0,-4428.0
2025-02,1200016,101002716,324,1845.6399999999999
2025-02,1200016,101002717,360,3121.2
2025-02,1200016,101002859,720,2988.0
2025-02,1200016,101003015,324,4944.24
2025-02,1200016,101003241,1785,7552.65
2025-02,1200016,101003347,636,6972.0
2025-02,1200016,101003359,360,1494.0
2025-02,1200016,101003360,660,2865.0
2025-02,1200016,101004141,810,9417.06
2025-02,1200016,101004174,360,1494.0
2025-02,1200016,101004183,360,1494.0
2025-02,1200016,101004224,0,-8488.8
2025-02,1200016,101004229,162,3055.32
2025-02,1200016,101004230,162,3055.32
2025-02,1200016,101004257,384,3110.4
2025-02,1200016,101004261,972,18633.24
2025-02,1200016,101005690,192,1820.16
2025-02,1200016,101070017,192,1455.36
2025-02,1200016,101070162,270,2424.6
2025-02,1200016,101070167,864,3430.08
2025-02,1200016,101070168,270,2424.6
2025-02,1200017,101002402,144,1196.64
2025-02,1200017,101002612,900,7083.0
2025-02,1200017,101002859,1800,7740.0
2025-02,1200017,101003241,2160,9288.0
2025-02,1200017,101003346,216,2903.04
2025-02,1200017,101003347,1296,13932.0
2025-02,1200017,101003359,720,3096.0
2025-02,1200017,101003360,720,3096.0
2025-02,1200017,101004141,1620,19083.6
2025-02,1200017,101004174,720,3096.0
2025-02,1200017,101004224,0,-26114.4
2025-02,1200017,101004229,162,3110.4
2025-02,1200017,101004230,162,3110.4
2025-02,1200017,101004245,1080,14515.2
2025-02,1200017,101004261,648,12441.6
2025-02,1200017,101070165,432,3589.92
2025-02,1200018,101002381,300,3927.0
2025-02,1200018,101002402,288,2321.28
2025-02,1200018,101002612,1200,9278.32
2025-02,1200018,101002859,720,3024.0
2025-02,1200018,101003241,1440,6048.0
2025-02,1200018,101003346,216,2857.68
2025-02,1200018,101003347,2160,22852.800000000003
2025-02,1200018,101003359,360,1512.0
2025-02,1200018,101003360,1440,6048.0
2025-02,1200018,101004141,1620,18694.8
2025-02,1200018,101004174,720,3024.0
2025-02,1200018,101004183,0,-1207.5
2025-02,1200018,101004224,0,-17113.68
2025-02,1200018,101004229,324,6146.28
2025-02,1200018,101004230,486,9219.42
2025-02,1200018,101004233,576,5523.84
2025-02,1200018,101004257,384,3152.64
2025-02,1200018,101004261,3888,73755.36
2025-02,1200018,101070017,192,1472.64
2025-02,1200018,101070153,720,5803.200000000001
2025-02,1200018,101070154,288,2321.28
2025-02,1200018,101070156,576,4642.56
2025-02,1200018,101070158,576,4425.05
2025-02,1200018,101070162,2304,17482.68
2025-02,1200018,101070165,864,6963.84
2025-02,1200018,101070168,2592,20021.47
2025-02,1200019,101002402,288,3009.6
2025-02,1200019,101003360,180,928.8
2025-02,1200019,101004174,360,1857.6
2025-02,1200019,101004224,0,-6091.2
2025-02,1200019,101004229,324,6833.16
2025-02,1200019,101004230,162,3416.58
2025-02,1200019,101004257,96,978.24
2025-02,1200019,101004261,648,13666.32
2025-02,1200019,101070162,3600,34417.44
2025-02,1200019,101070165,1872,17760.96
2025-02,1200019,101070168,864,6397.92
2025-02,1200020,101002188,144,-97.92000000000007
2025-02,1200020,101002402,0,-1260.0
2025-02,1200020,101002749,1440,11548.8
2025-02,1200020,101002752,504,5075.28
2025-02,1200020,101003133,180,1488.6
2025-02,1200020,101003456,0,-2887.2
2025-02,1200020,101004219,180,1621.8
2025-02,1200020,101004233,0,-96.0
2025-02,1200020,101004257,192,1457.28
2025-02,1200020,101070153,0,-864.0
2025-02,1200020,101070154,144,190.07999999999993
2025-02,1200020,101070156,0,-1980.0
2025-02,1200020,101070158,0,-1872.0
2025-02,1200020,101070162,0,-2664.0
2025-02,1200020,101070165,576,4972.32
2025-02,1200020,101070168,0,-2520.0
2025-02,1200023,101002188,144,1160.64
2025-02,1200023,101002402,288,2140.0200000000004
2025-02,1200023,101002612,600,4644.0
2025-02,1200023,101002859,360,1512.0
2025-02,1200023,101003241,1080,4536.0
2025-02,1200023,101003347,216,2285.28
2025-02,1200023,101004141,162,1869.48
2025-02,1200023,101004174,360,1512.0
2025-02,1200023,101004183,360,1512.0
2025-02,1200023,101004224,3024,40007.52
2025-02,1200023,101004230,162,3073.14
2025-02,1200023,101004257,384,3152.64
2025-02,1200023,101004261,486,9219.42
2025-02,1200023,101070153,432,3481.92
2025-02,1200023,101070156,288,2321.28
2025-02,1200023,101070162,432,2938.1400000000003
2025-02,1200023,101070165,432,3481.92
2025-02,1200023,101070168,1584,11860.74
2025-02,1200027,101002188,432,3840.48
2025-02,1200027,101002402,324,2880.36
2025-02,1200027,101002715,240,1780.8
2025-02,1200027,101003241,300,1404.0
2025-02,1200027,101004233,160,1412.8
2025-02,1200027,101070153,432,3840.48
2025-02,1200027,101070154,648,5760.72
2025-02,1200027,101070156,864,7680.96
2025-02,1200027,101070158,756,6720.84
2025-02,1200027,101070162,972,8641.08
2025-02,1200027,101070165,864,7680.96
2025-02,1200027,101070168,864,7680.96
2025-02,1200029,101002188,144,1143.36
2025-02,1200029,101002402,144,1143.36
2025-02,1200029,101002612,150,1153.5
2025-02,1200029,101002717,180,1476.0
2025-02,1200029,101003241,720,2988.0
2025-02,1200029,101003346,108,1418.04
2025-02,1200029,101003347,108,1134.0
2025-02,1200029,101003359,360,1494.0
2025-02,1200029,101003360,180,747.0
2025-02,1200029,101004141,81,840.84
2025-02,1200029,101004224,432,5672.16
2025-02,1200029,101004257,96,777.6
2025-02,1200029,101070153,288,2286.72
2025-02,1200029,101070154,72,571.68
2025-02,1200029,101070156,72,571.68
2025-02,1200029,101070158,72,571.68
2025-02,1200029,101070162,144,1143.36
2025-02,1200029,101070165,720,5716.8
2025-02,1200029,101070168,576,4573.44
2025-02,1200031,101002612,750,6147.0
2025-02,1200031,101002715,1080,1115.4000000000005
2025-02,1200031,101002716,324,3065.04
2025-02,1200031,101002717,360,3139.2
2025-02,1200031,101002859,540,2453.4
2025-02,1200031,101003015,288,4412.16
2025-02,1200031,101003241,1440,6620.4
2025-02,1200031,101003347,324,3661.2
2025-02,1200031,101003359,180,833.4
2025-02,1200031,101003360,330,1511.4
2025-02,1200031,101004141,972,12009.060000000001
2025-02,1200031,101004174,50,229.0
2025-02,1200031,101004183,100,458.0
2025-02,1200031,101004224,648,-9291.94
2025-02,1200031,101004229,81,1613.52
2025-02,1200031,101004230,405,8020.620000000001
2025-02,1200031,101004233,288,3052.8
2025-02,1200031,101004257,384,3540.48
2025-02,1200031,101004261,1368,27102.420000000002
2025-02,1200031,101005690,192,2035.2
2025-02,1200031,101070017,192,1628.16
2025-02,1200031,101070156,144,1268.64
2025-02,1200031,101070162,432,3805.92
2025-02,1200031,101070165,288,2537.28
2025-02,1200031,101070168,432,3805.92
2025-02,1200035,101002188,432,3944.16
2025-02,1200035,101002381,600,9144.0
2025-02,1200035,101002402,288,2629.44
2025-02,1200035,101002612,2400,19824.0
2025-02,1200035,101002715,2520,9788.4
2025-02,1200035,101002716,972,9331.2
2025-02,1200035,101002717,1080,9579.599999999999
2025-02,1200035,101002859,2520,11667.6
2025-02,1200035,101003015,1152,17832.96
2025-02,1200035,101003241,5040,23335.199999999997
2025-02,1200035,101003346,1296,18299.52
2025-02,1200035,101003347,4968,56138.4
2025-02,1200035,101003359,1080,5000.4
2025-02,1200035,101003360,1080,5000.4
2025-02,1200035,101004141,4050,50625.0
2025-02,1200035,101004174,1080,5000.4
2025-02,1200035,101004183,360,1666.8
2025-02,1200035,101004224,2808,19932.480000000003
2025-02,1200035,101004229,972,19362.239999999998
2025-02,1200035,101004230,1134,22589.28
2025-02,1200035,101004233,1152,12211.2
2025-02,1200035,101004245,864,12199.68
2025-02,1200035,101004257,960,8851.2
2025-02,1200035,101004261,1620,32270.4
2025-02,1200035,101070153,720,6573.6
2025-02,1200035,101070154,576,5258.88
2025-02,1200035,101070156,1008,9203.04
2025-02,1200035,101070158,720,6573.6
2025-02,1200035,101070162,3456,31553.28
2025-02,1200035,101070165,1728,15776.64
2025-02,1200035,101070168,7344,67050.72
2025-02,1200036,101002715,0,-19270.44
2025-02,1200036,101004224,0,-18351.36
2025-02,1200039,101002402,288,2629.44
2025-02,1200039,101002612,600,4956.0
2025-02,1200039,101002715,0,-9579.6
2025-02,1200039,101002859,360,1666.8
2025-02,1200039,101003241,3600,16668.0
2025-02,1200039,101003359,720,3333.6
2025-02,1200039,101003360,720,3333.6
2025-02,1200039,101004224,0,-18299.52
2025-02,1200039,101004257,192,1770.24
2025-02,1200039,101070153,288,2629.44
2025-02,1200039,101070156,576,5258.88
2025-02,1200039,101070158,288,2629.44
2025-02,1200039,101070162,1872,17091.36
2025-02,1200039,101070165,432,3944.16
2025-02,1200039,101070168,2304,21035.52
2025-02,1200043,101002188,144,1314.72
2025-02,1200043,101002402,144,1314.72
2025-02,1200043,101002612,300,2478.0
2025-02,1200043,101002715,0,-9622.8
2025-02,1200043,101002859,360,1666.8
2025-02,1200043,101003241,720,3333.6
2025-02,1200043,101003346,216,3049.92
2025-02,1200043,101003347,432,4881.6
2025-02,1200043,101004224,0,-9175.68
2025-02,1200043,101004229,162,3227.04
2025-02,1200043,101004230,162,3227.04
2025-02,1200043,101004261,1458,29043.36
2025-02,1200043,101070153,144,1314.72
2025-02,1200043,101070156,144,1314.72
2025-02,1200043,101070158,144,1314.72
2025-02,1200043,101070162,144,1314.72
2025-02,1200043,101070165,144,1314.72
2025-02,1200043,101070168,720,6573.6
2025-02,1200047,101002188,576,5573.98
2025-02,1200047,101002402,864,8700.48
2025-02,1200047,101004141,9,109.60000000000001
2025-02,1200047,101004224,84,1086.54
2025-02,1200047,101070153,432,3671.25
2025-02,1200047,101070154,720,7024.0599999999995
2025-02,1200047,101070156,1008,9924.22
2025-02,1200047,101070158,576,5573.98
2025-02,1200047,101070162,1296,12598.05
2025-02,1200047,101070165,288,2447.49
2025-02,1200047,101070168,1152,10921.63
2025-02,1200048,101002402,1296,12700.8
2025-02,1200048,101002612,300,2574.0
2025-02,1200048,101003347,432,5071.68
2025-02,1200048,101003360,720,3528.0
2025-02,1200048,101004174,720,3528.0
2025-02,1200048,101004224,432,6341.76
2025-02,1200048,101004233,192,2154.24
2025-02,1200048,101070153,1440,14112.0
2025-02,1200048,101070156,432,4233.6
2025-02,1200048,101070158,576,5644.8
2025-02,1200048,101070162,432,4233.6
2025-02,1200048,101070165,3600,35280.0
2025-02,1200048,101070168,1152,11289.6
2025-02,1200055,101002381,300,4572.0
2025-02,1200055,101002612,600,4956.0
2025-02,1200055,101002715,180,-10537.56
2025-02,1200055,101003241,1080,5000.4
2025-02,1200055,101003346,0,0.0
2025-02,1200055,101003347,648,7322.400000000001
2025-02,1200055,101003360,180,833.4
2025-02,1200055,101004141,162,2025.0
2025-02,1200055,101004174,0,0.0
2025-02,1200055,101004224,4752,53930.21
2025-02,1200055,101004230,162,3227.04
2025-02,1200055,101004233,384,4070.4
2025-02,1200055,101004261,810,16128.16
2025-02,1200055,101070154,0,0.0
2025-02,1200055,101070156,432,3944.16
2025-02,1200055,101070162,144,1314.72
2025-02,1200055,101070165,576,5258.88
2025-02,1200055,101070168,1008,9203.04
2025-02,1200056,101002188,1134,12424.86
2025-02,1200056,101002402,567,6165.81
2025-02,1200056,101002715,8320,69129.6
2025-02,1200056,101002859,1155,6784.8
2025-02,1200056,101003241,1320,7837.5
2025-02,1200056,101003359,330,1910.7
2025-02,1200056,101004174,330,1910.7
2025-02,1200056,101004230,72,1720.8
2025-02,1200056,101004233,96,921.6
2025-02,1200056,101004257,768,6791.04
2025-02,1200056,101070153,567,6352.29
2025-02,1200056,101070154,1323,14915.25
2025-02,1200056,101070156,2331,25617.69
2025-02,1200056,101070158,819,9144.45
2025-02,1200056,101070162,1701,18683.91
2025-02,1200056,101070165,1260,14333.76
2025-02,1200056,101070168,3969,43253.91
2025-02,1200064,101002715,160,1412.8
2025-02,1200064,101070153,144,1630.08
2025-02,1200064,101070154,144,1630.08
2025-02,1200064,101070156,288,3260.16
2025-02,1200064,101070162,288,3260.16
2025-02,1200064,101070165,144,1630.08
2025-02,1200064,101070168,432,4890.24
2025-02,1200067,101002381,150,2220.0
2025-02,1200067,101002612,300,2466.0
2025-02,1200067,101002715,0,-9504.0
2025-02,1200067,101002716,648,6194.88
2025-02,1200067,101002717,360,3178.8
2025-02,1200067,101002859,360,1656.0
2025-02,1200067,101003241,720,3312.0
2025-02,1200067,101003346,216,3036.96
2025-02,1200067,101003347,432,4860.0
2025-02,1200067,101003359,360,1656.0
2025-02,1200067,101003360,360,1656.0
2025-02,1200067,101004141,324,4027.32
2025-02,1200067,101004174,180,828.0
2025-02,1200067,101004183,180,828.0
2025-02,1200067,101004245,216,3036.96
2025-02,1200067,101004257,288,2635.2
2025-02,1200067,101004261,486,9651.96
2025-02,1200077,101001911,450,5816.8
2025-02,1200077,101003648,16104,184488.43
2025-02,1200077,101004125,5355,66392.8
2025-02,1200077,101004196,12288,100983.36
2025-02,1200077,101004225,672,5511.87
2025-02,1200077,101070156,2394,20736.75
2025-02,1200077,101070163,54315,678119.48
2025-02,1200077,101070166,5040,63192.950000000004
2025-02,1200095,101002381,300,4162.69
2025-02,1200095,101002612,2700,22314.14
2025-02,1200095,101002715,0,-1574.15
2025-02,1200095,101002859,2310,11735.58
2025-02,1200095,101003241,2475,12742.46
2025-02,1200095,101003346,1536,19416.04
2025-02,1200095,101003347,576,7322.99
2025-02,1200095,101003360,0,-29.17
2025-02,1200095,101004174,1650,8388.82
2025-02,1200095,101004224,6912,87071.16
2025-02,1200095,101004229,792,19144.63
2025-02,1200095,101004230,1872,45045.72
2025-02,1200095,101004233,2016,17679.87
2025-02,1200095,101004245,768,9781.78
2025-02,1200095,101004257,3168,25239.230000000003
2025-02,1200095,101004261,3600,83151.98
2025-02,1200095,101005690,1056,10096.92
2025-02,1200095,101070156,630,5799.41
2025-02,1200095,101070162,945,9006.93
2025-02,1200095,101070168,1827,16797.11
2025-02,1200100,101001911,27675,196132.71000000002
2025-02,1200100,101003648,2992,37420.71
2025-02,1200100,101004098,40032,380127.74
2025-02,1200100,101070163,8325,120190.68000000001
2025-02,1200100,101070166,7020,100302.97
2025-02,1200105,101002402,288,2286.72
2025-02,1200105,101003241,720,2988.0
2025-02,1200105,101070156,144,1143.36
2025-02,1200105,101070162,1584,12576.96
2025-02,1200105,101070165,864,6860.16
2025-02,1200105,101070168,1152,9146.88
2025-02,1200113,101002381,1275,14126.32
2025-02,1200113,101002612,1350,10571.36
2025-02,1200113,101002715,1600,12149.61
2025-02,1200113,101002717,160,969.09
2025-02,1200113,101003241,1155,5498.59
2025-02,1200113,101003347,384,3831.62
2025-02,1200113,101004224,3456,43025.9
2025-02,1200113,101004233,3168,29103.89
2025-02,1200113,101004257,2112,18101.31
2025-02,1200113,101004261,3096,71907.95999999999
2025-02,1200113,101070153,0,-0.28
2025-02,1200113,101070156,2709,24361.79
2025-02,1200113,101070158,1071,8219.74
2025-02,1200113,101070162,3024,23152.79
2025-02,1200113,101070165,2709,26558.079999999998
2025-02,1200113,101070168,2016,20854.260000000002
2025-02,1200119,101002381,300,4047.0
2025-02,1200119,101002612,600,4740.0
2025-02,1200119,101003346,216,2903.04
2025-02,1200119,101004224,216,2903.04
2025-02,1200119,101004261,486,9360.36
2025-02,1200119,101070153,144,1206.72
2025-02,1200119,101070154,144,1206.72
2025-02,1200119,101070156,432,3620.16
2025-02,1200119,101070158,288,2413.44
2025-02,1200119,101070162,720,6033.6
2025-02,1200119,101070165,288,2413.44
2025-02,1200119,101070168,1008,8447.04
2025-02,1200120,101002188,0,-288.0
2025-02,1200120,101002402,0,-288.0
2025-02,1200120,101004257,0,-192.0
2025-02,1200120,101070153,0,-144.0
2025-02,1200120,101070154,0,-288.0
2025-02,1200120,101070156,0,-432.0
2025-02,1200120,101070158,0,-432.0
2025-02,1200120,101070162,0,-720.0
2025-02,1200120,101070165,0,-432.0
2025-02,1200120,101070168,0,-720.0
2025-02,1200140,101002188,144,1304.64
2025-02,1200140,101002381,300,4380.0
2025-02,1200140,101002402,144,1304.64
2025-02,1200140,101002612,1500,12330.0
2025-02,1200140,101002715,360,3178.8
2025-02,1200140,101002859,1440,6624.0
2025-02,1200140,101003359,360,1656.0
2025-02,1200140,101003360,720,3312.0
2025-02,1200140,101004141,1944,24163.92
2025-02,1200140,101004174,360,1656.0
2025-02,1200140,101004229,162,3217.32
2025-02,1200140,101004230,162,3217.32
2025-02,1200140,101004233,384,4043.52
2025-02,1200140,101004245,216,3036.96
2025-02,1200140,101004257,384,3513.6
2025-02,1200140,101004261,648,12869.28
2025-02,1200140,101070153,288,2609.28
2025-02,1200140,101070154,288,2609.28
2025-02,1200140,101070156,288,2609.28
2025-02,1200140,101070158,288,2609.28
2025-02,1200140,101070162,2592,23483.52
2025-02,1200140,101070165,1152,10437.119999999999
2025-02,1200148,101002188,72,652.32
2025-02,1200148,101002612,300,2466.0
2025-02,1200148,101002715,720,6357.6
2025-02,1200148,101002716,324,3097.44
2025-02,1200148,101002717,180,1589.4
2025-02,1200148,101002859,360,1656.0
2025-02,1200148,101003241,3240,14904.0
2025-02,1200148,101003346,216,3036.96
2025-02,1200148,101003347,648,7290.0
2025-02,1200148,101003359,720,3312.0
2025-02,1200148,101003360,2520,11592.0
2025-02,1200148,101004141,1458,18122.94
2025-02,1200148,101004174,360,1656.0
2025-02,1200148,101004224,0,-10659.599999999999
2025-02,1200148,101004245,648,9110.88
2025-02,1200148,101004261,648,12869.28
2025-02,1200148,101070156,144,1304.64
2025-02,1200148,101070165,144,1304.64
2025-02,1200148,101070168,432,3913.92
2025-02,1200153,101002381,225,3106.5
2025-02,1200153,101002612,597,5659.0
2025-02,1200153,101002715,0,-9997.220000000001
2025-02,1200153,101002717,0,-242.64
2025-02,1200153,101003015,0,-2660.49
2025-02,1200153,101003241,0,-914.49
2025-02,1200153,101003347,0,-408.88
2025-02,1200153,101004174,0,-12.66
2025-02,1200153,101004224,0,-5574.4
2025-02,1200153,101004229,720,17563.21
2025-02,1200153,101004230,216,4871.17
2025-02,1200153,101004233,1344,13885.14
2025-02,1200153,101004257,0,-71.9
2025-02,1200153,101004261,0,-6919.76
2025-02,1200153,101005690,480,5007.9800000000005
2025-02,1200153,101070017,0,-40.54
2025-02,1200153,101070153,0,-449.96000000000004
2025-02,1200153,101070154,0,-232.09
2025-02,1200153,101070156,378,2893.51
2025-02,1200153,101070158,0,-116.05
2025-02,1200153,101070162,315,-6474.91
2025-02,1200153,101070165,252,-6255.619999999999
2025-02,1200153,101070168,126,563.0800000000002
2025-02,1200160,101002612,1650,15375.0
2025-02,1200160,101002859,2805,14229.6
2025-02,1200160,101003347,1560,19732.800000000003
2025-02,1200160,101004174,2310,11746.35
2025-02,1200160,101004224,2208,27989.760000000002
2025-02,1200160,101004261,1728,38534.4
2025-02,1200160,101070156,1638,15303.96
2025-02,1200160,101070162,1071,9628.29
2025-02,1200160,101070168,1827,17131.59
2025-02,1200173,101003346,96,1270.08
2025-02,1200173,101004141,216,3116.88
2025-02,1200173,101004224,384,5080.32
2025-02,1200173,101004261,144,3414.24
2025-02,1200173,101070156,252,2537.64
2025-02,1200173,101070158,252,2537.64
2025-02,1200173,101070162,315,3172.05
2025-02,1200173,101070165,189,1903.23
2025-02,1200173,101070168,252,2537.64
2025-02,1200176,101002402,108,1072.44
2025-02,1200176,101002859,300,1557.0
2025-02,1200176,101003241,300,1557.0
2025-02,1200176,101070153,108,1072.44
2025-02,1200176,101070154,216,2144.88
2025-02,1200176,101070156,216,2144.88
2025-02,1200176,101070158,216,2144.88
2025-02,1200176,101070162,216,2144.88
2025-02,1200176,101070165,108,1072.44
2025-02,1200176,101070168,432,4289.76
2025-02,1200180,101002188,432,4611.04
2025-02,1200180,101002402,288,3057.36
2025-02,1200180,101002715,360,2998.8
2025-02,1200180,101070153,432,4621.04
2025-02,1200180,101070154,1440,15421.8
2025-02,1200180,101070156,432,4611.04
2025-02,1200180,101070158,432,4601.04
2025-02,1200180,101070162,288,3057.36
2025-02,1200180,101070165,0,-20.0
2025-02,1200180,101070168,432,4601.04
2025-02,1200188,101002381,600,7854.0
2025-02,1200188,101002612,1050,10164.0
2025-02,1200188,101003241,1815,9528.75
2025-02,1200188,101004224,1056,13970.88
2025-02,1200188,101004261,648,15364.079999999998
2025-02,1200188,101070156,819,8247.33
2025-02,1200188,101070158,945,9516.15
2025-02,1200188,101070162,2898,29182.86
2025-02,1200197,101002381,450,5475.58
2025-02,1200197,101002612,1800,16427.56
2025-02,1200197,101002715,11360,86910.81
2025-02,1200197,101002717,640,4069.19
2025-02,1200197,101003015,4032,57076.61
2025-02,1200197,101003241,4125,16204.539999999997
2025-02,1200197,101003347,96,-442.89
2025-02,1200197,101003360,0,-27.939999999999998
2025-02,1200197,101004174,165,856.24
2025-02,1200197,101004224,5952,76313.08
2025-02,1200197,101004229,0,-51.66
2025-02,1200197,101004230,216,4896.94
2025-02,1200197,101004233,768,6686.34
2025-02,1200197,101004257,1728,13278.9
2025-02,1200197,101004261,6192,136316.73
2025-02,1200197,101070017,0,-29.86
2025-02,1200197,101070153,252,2230.08
2025-02,1200197,101070154,252,2280.08
2025-02,1200197,101070156,2961,24157.25
2025-02,1200197,101070158,441,5609.45
2025-02,1200197,101070162,4410,43557.46
2025-02,1200197,101070165,3402,34778.24
2025-02,1200197,101070168,1701,16255.69
2025-02,1200200,101002379,11068,120334.95
2025-02,1200200,101002612,10286,63782.88
2025-02,1200200,101002717,2160,6400.040000000001
2025-02,1200200,101002859,11700,37699.07
2025-02,1200200,101003241,6480,18223.77
2025-02,1200200,101003346,729,3396.63
2025-02,1200200,101003359,1027,2063.2700000000004
2025-02,1200200,101004141,0,-1022.1200000000001
2025-02,1200200,101004167,490,8002.74
2025-02,1200200,101004174,1620,4631.800000000001
2025-02,1200200,101004183,2173,7182.01
2025-02,1200200,101004224,172,-3343.63
2025-02,1200200,101004229,42,170.33000000000004
2025-02,1200200,101004230,0,-130.17
2025-02,1200200,101004233,5128,33487.7
2025-02,1200200,101004245,2,27.24
2025-02,1200200,101004261,123,2286.52
2025-02,1200200,101005690,897,1051.83
2025-02,1200200,101070154,378,2677.3
2025-02,1200200,101070155,556,1793.4899999999998
2025-02,1200200,101070156,2268,16267.03
2025-02,1200200,101070161,1286,3170.34
2025-02,1200200,101070162,4185,37027.98
2025-02,1200200,101070164,2248,6738.87
2025-02,1200200,101070165,504,4382.39
2025-02,1200200,101070168,2457,19738.870000000003
2025-02,1200236,101002381,150,1585.69
2025-02,1200236,101002612,2100,14858.78
2025-02,1200236,101002715,2160,14690.74
2025-02,1200236,101002859,720,2292.59
2025-02,1200236,101003241,1440,4582.93
2025-02,1200236,101003346,216,2857.68
2025-02,1200236,101003347,3024,29735.81
2025-02,1200236,101003359,720,2658.08
2025-02,1200236,101003360,360,780.5899999999999
2025-02,1200236,101004141,3078,32025.79
2025-02,1200236,101004174,720,2841.04
2025-02,1200236,101004183,360,1512.0
2025-02,1200236,101004224,11016,109209.37
2025-02,1200236,101004229,324,5774.46
2025-02,1200236,101004230,648,11548.92
2025-02,1200236,101004233,576,5345.6
2025-02,1200236,101004245,648,8573.039999999999
2025-02,1200236,101004257,576,4425.65
2025-02,1200236,101004261,1782,32322.67
2025-02,1200236,101005690,576,5345.599999999999
2025-02,1200236,101070017,0,-354.29
2025-02,1200236,101070152,576,2321.28
2025-02,1200236,101070155,288,1160.64
2025-02,1200236,101070156,432,3338.42
2025-02,1200236,101070158,576,4499.06
2025-02,1200236,101070161,2880,11606.4
2025-02,1200236,101070162,0,-1880.58
2025-02,1200236,101070165,1296,9577.220000000001
2025-02,1200236,101070167,2880,11606.4
2025-02,1200236,101070168,3168,23185.24
2025-02,1200255,101002188,432,4436.64
2025-02,1200255,101002402,288,2957.76
2025-02,1200255,101002715,360,2905.2
2025-02,1200255,101002859,180,937.8
2025-02,1200255,101003241,180,937.8
2025-02,1200255,101003347,108,1387.8
2025-02,1200255,101003360,180,937.8
2025-02,1200255,101004141,81,1151.01
2025-02,1200255,101004174,180,937.8
2025-02,1200255,101004224,864,10981.44
2025-02,1200255,101070017,96,936.0
2025-02,1200255,101070153,576,5915.52
2025-02,1200255,101070154,648,6654.960000000001
2025-02,1200255,101070156,1008,10352.16
2025-02,1200255,101070158,1368,14049.36
2025-02,1200255,101070162,1008,10352.16
2025-02,1200255,101070165,288,2957.76
2025-02,1200255,101070168,1800,18486.0
2025-02,1200256,101002715,1120,9968.0
2025-02,1200256,101002717,320,2848.0
2025-02,1200256,101002859,990,5761.8
2025-02,1200256,101003241,1815,10563.3
2025-02,1200256,101004224,2880,40665.6
2025-02,1200265,101002188,288,3263.08
2025-02,1200265,101002402,144,1622.25
2025-02,1200265,101002715,1800,14569.59
2025-02,1200265,101002717,0,-17.89
2025-02,1200265,101002859,360,2084.4
2025-02,1200265,101003015,576,8858.88
2025-02,1200265,101003241,0,-21.61
2025-02,1200265,101004174,360,2010.0300000000002
2025-02,1200265,101070153,0,-42.57
2025-02,1200265,101070154,864,9785.369999999999
2025-02,1200265,101070156,2736,31038.760000000002
2025-02,1200265,101070158,1296,14726.88
2025-02,1200265,101070162,4032,45775.73
2025-02,1200265,101070165,1872,21180.870000000003
2025-02,1200265,101070168,2592,29550.15
2025-02,1200273,101002381,240,3141.6
2025-02,1200273,101002402,648,5222.88
2025-02,1200273,101002612,855,6617.7
2025-02,1200273,101002715,480,3969.6
2025-02,1200273,101002859,600,2520.0
2025-02,1200273,101003346,360,4762.8
2025-02,1200273,101004174,600,2520.0
2025-02,1200273,101004224,360,4762.8
2025-02,1200273,101004233,480,4603.2
2025-02,1200273,101070153,216,1740.96
2025-02,1200273,101070156,432,3481.92
2025-02,1200273,101070158,324,2611.44
2025-02,1200273,101070162,2376,19150.559999999998
2025-02,1200273,101070165,1728,13927.68
2025-02,1200273,101070168,1512,12186.720000000001
2025-02,1200280,101002612,450,4324.5
2025-02,1200280,101003241,165,856.35
2025-02,1200280,101004257,96,777.6
2025-02,1200280,101070154,315,3127.9500000000003
2025-02,1200280,101070156,189,1876.77
2025-02,1200280,101070158,126,1251.18
2025-02,1200280,101070162,819,8132.67
2025-02,1200280,101070165,630,6255.900000000001
2025-02,1200280,101070168,315,3127.9500000000003
2025-02,1200288,101002188,432,3569.76
2025-02,1200288,101002402,288,2283.84
2025-02,1200288,101002612,900,7929.0
2025-02,1200288,101070153,1296,11429.28
2025-02,1200288,101070154,720,6285.6
2025-02,1200288,101070156,4176,35851.68
2025-02,1200288,101070158,1728,15143.04
2025-02,1200288,101070162,6480,54266.4
2025-02,1200288,101070165,1728,14423.04
2025-02,1200288,101070168,4320,36993.600000000006
2025-02,1200363,101002612,3000,26235.3
2025-02,1200363,101003241,360,-546.1599999999999
2025-02,1200363,101004224,648,-2226.249999999999
2025-02,1200363,101004230,2754,38894.79
2025-02,1200363,101004233,4176,36025.5
2025-02,1200363,101004261,4050,86904.09
2025-02,1200363,101070156,720,2874.4100000000008
2025-02,1200363,101070158,0,-1493.33
2025-02,1200363,101070162,432,2192.96
2025-02,1200363,101070165,576,3494.19
2025-02,1200363,101070168,0,-1493.33
2025-02,1200400,101002188,108,898.56
2025-02,1200400,101002402,0,-225.0
2025-02,1200400,101002612,142,1175.76
2025-02,1200400,101003241,150,667.5
2025-02,1200400,101004224,0,-90.0
2025-02,1200400,101004257,80,456.79999999999995
2025-02,1200400,101070153,0,-81.0
2025-02,1200400,101070154,108,898.56
2025-02,1200400,101070156,216,1203.12
2025-02,1200400,101070158,216,1266.12
2025-02,1200400,101070162,432,2838.24
2025-02,1200400,101070165,0,-450.0
2025-02,1200400,101070168,216,1284.12
2025-02,1200419,101002188,567,5978.07
2025-02,1200419,101002402,567,5937.12
2025-02,1200419,101002612,600,5898.0
2025-02,1200419,101002715,640,4716.8
2025-02,1200419,101002859,660,3491.4
2025-02,1200419,101003241,660,3491.4
2025-02,1200419,101003346,288,3490.56
2025-02,1200419,101003359,165,872.85
2025-02,1200419,101004141,72,764.6400000000001
2025-02,1200419,101004174,495,2618.55
2025-02,1200419,101004230,216,5108.4
2025-02,1200419,101004233,384,3110.4
2025-02,1200419,101004245,96,947.52
2025-02,1200419,101004261,432,9784.8
2025-02,1200419,101070153,630,6328.35
2025-02,1200419,101070154,882,8957.970000000001
2025-02,1200419,101070156,1197,12388.32
2025-02,1200419,101070162,567,5650.47
2025-02,1200419,101070165,756,7725.06
2025-02,1200424,101002188,0,-709.9399999999999
2025-02,1200424,101002381,0,-62.26
2025-02,1200424,101002402,0,-62.1
2025-02,1200424,101002715,0,-94.63
2025-02,1200424,101002859,0,-59.89
2025-02,1200424,101003015,0,-136.08
2025-02,1200424,101070153,0,-520.11
2025-02,1200424,101070154,0,-539.9300000000001
2025-02,1200424,101070156,0,-1979.63
2025-02,1200424,101070158,0,-1731.27
2025-02,1200424,101070162,0,-1995.8899999999999
2025-02,1200424,101070165,0,-458.02
2025-02,1200424,101070168,0,-1983.2
2025-02,1200441,101002188,483,4796.19
2025-02,1200441,101002381,300,3885.0
2025-02,1200441,101002402,126,1251.18
2025-02,1200441,101002612,165,1585.65
2025-02,1200441,101002715,360,2952.0
2025-02,1200441,101003241,180,934.2
2025-02,1200441,101003347,672,8823.36
2025-02,1200441,101004224,2088,27415.440000000002
2025-02,1200441,101004261,324,7639.92
2025-02,1200441,101070153,627,6226.11
2025-02,1200441,101070154,681,6762.33
2025-02,1200441,101070156,144,1429.92
2025-02,1200441,101070158,144,1429.92
2025-02,1200441,101070162,501,4974.93
2025-02,1200441,101070165,501,4974.93
2025-02,1200441,101070168,645,6404.85
2025-02,1200460,101002402,432,3589.92
2025-02,1200460,101002612,300,2361.0
2025-02,1200460,101003241,360,1548.0
2025-02,1200460,101003346,216,2903.04
2025-02,1200460,101003347,432,4644.0
2025-02,1200460,101003359,360,1548.0
2025-02,1200460,101003360,360,1548.0
2025-02,1200460,101004141,324,3816.72
2025-02,1200460,101004224,0,-6966.0
2025-02,1200460,101004233,192,1887.36
2025-02,1200460,101004245,216,2903.04
2025-02,1200460,101004261,324,6220.8
2025-02,1200460,101070156,144,1196.64
2025-02,1200460,101070158,288,2393.28
2025-02,1200460,101070162,432,3589.92
2025-02,1200460,101070165,432,3589.92
2025-02,1200460,101070168,576,4786.56
2025-02,1200473,101002188,0,-143.77
2025-02,1200473,101002402,0,-143.77
2025-02,1200473,101003241,0,-38.21
2025-02,1200473,101070153,0,-115.01
2025-02,1200473,101070154,0,-143.77
2025-02,1200473,101070156,0,-287.53
2025-02,1200473,101070158,0,-143.77
2025-02,1200473,101070162,0,-287.53
2025-02,1200473,101070165,0,-287.52
2025-02,1200473,101070168,0,-143.77
2025-02,1200514,101002381,1650,21588.97
2025-02,1200514,101002402,630,5907.450000000001
2025-02,1200514,101002715,640,5084.1
2025-02,1200514,101003346,864,10825.81
2025-02,1200514,101004224,3264,40782.79
2025-02,1200514,101004233,2880,26616.72
2025-02,1200514,101004257,3072,24940.71
2025-02,1200514,101070153,819,8181.530000000001
2025-02,1200514,101070154,378,4073.43
2025-02,1200514,101070156,1323,12971.1
2025-02,1200514,101070158,0,-49.010000000000005
2025-02,1200514,101070162,3087,32256.09
2025-02,1200514,101070165,2394,24147.31
2025-02,1200514,101070168,1701,17267.27
2025-02,1200518,101001911,300,-22918.42
2025-02,1200518,101003648,6776,88518.95
2025-02,1200518,101004098,49344,465442.24
2025-02,1200521,101002715,160,1347.2
2025-02,1200521,101003359,165,887.7
2025-02,1200521,101003360,330,1775.4
2025-02,1200521,101004174,495,2663.1
2025-02,1200521,101004196,0,-1790.0
2025-02,1200521,101004200,0,-286.0
2025-02,1200521,101070153,63,654.57
2025-02,1200521,101070154,252,2618.28
2025-02,1200521,101070156,315,2214.85
2025-02,1200521,101070162,252,2618.28
2025-02,1200521,101070163,720,10010.4
2025-02,1200521,101070166,855,12105.85
2025-02,1200548,101003346,1248,16447.78
2025-02,1200548,101004196,3168,29739.239999999998
2025-02,1200548,101004224,7872,97818.76999999999
2025-02,1200548,101070156,6993,68341.49
2025-02,1200548,101070162,7623,75200.45
2025-02,1200610,101002188,0,-10.71
2025-02,1200610,101002402,126,1244.92
2025-02,1200610,101002715,160,1158.3600000000001
2025-02,1200610,101002717,160,1251.8300000000002
2025-02,1200610,101003241,0,-52.77
2025-02,1200610,101004174,165,848.8000000000001
2025-02,1200610,101004224,96,1247.3300000000002
2025-02,1200610,101004230,72,1689.27
2025-02,1200610,101004261,72,1665.0
2025-02,1200610,101070153,63,622.46
2025-02,1200610,101070154,63,602.2800000000001
2025-02,1200610,101070156,126,1160.54
2025-02,1200610,101070158,0,-42.78
2025-02,1200610,101070162,0,-97.78
2025-02,1200610,101070165,0,-88.72
2025-02,1200610,101070168,441,4357.23
2025-02,1200611,101002188,63,622.46
2025-02,1200611,101002715,800,6527.200000000001
2025-02,1200611,101004141,144,2048.9
2025-02,1200611,101004174,165,852.07
2025-02,1200611,101004224,1440,18812.670000000002
2025-02,1200611,101004261,36,844.64
2025-02,1200611,101070153,63,622.46
2025-02,1200611,101070154,126,1244.92
2025-02,1200611,101070156,756,7469.55
2025-02,1200611,101070158,693,6847.08
2025-02,1200611,101070162,1512,14939.08
2025-02,1200611,101070165,189,1867.38
2025-02,1200611,101070168,945,9336.95
2025-02,1200649,101002188,288,2286.72
2025-02,1200649,101002381,75,971.25
2025-02,1200649,101002612,300,2307.0
2025-02,1200649,101003015,144,2122.56
2025-02,1200649,101003241,1440,5976.0
2025-02,1200649,101003346,108,1418.04
2025-02,1200649,101003347,216,2268.0
2025-02,1200649,101004141,81,926.64
2025-02,1200649,101004230,81,1527.66
2025-02,1200649,101004261,162,3055.32
2025-02,1200649,101070153,360,2858.4
2025-02,1200649,101070156,216,1715.04
2025-02,1200649,101070158,144,1143.36
2025-02,1200649,101070168,1512,12005.28
2025-02,1200654,101001911,14775,186195.32
2025-02,1200654,101003648,2904,-8300.68
2025-02,1200654,101004098,16800,158359.22
2025-02,1200654,101005699,0,-63292.75
2025-02,1200654,101070163,45,643.86
2025-02,1200657,101001911,150,2229.79
2025-02,1200657,101003648,5104,66679.09999999999
2025-02,1200657,101004098,27360,258075.91999999998
2025-02,1200659,101001911,3375,-195530.12
2025-02,1200659,101002622,40960,463863.73
2025-02,1200659,101003648,8448,110361.48
2025-02,1200659,101004098,21600,203744.18
2025-02,1200659,101004125,90,1269.82
2025-02,1200659,101070163,225,3219.31
2025-02,1200664,101002188,0,-179.86
2025-02,1200664,101002402,0,-179.86
2025-02,1200664,101002715,0,-201.46
2025-02,1200664,101003241,0,-673.78
2025-02,1200664,101004141,0,-78.6
2025-02,1200664,101004224,0,-1994.55
2025-02,1200664,101070153,0,-107.91
2025-02,1200664,101070154,0,-107.91
2025-02,1200664,101070156,0,-3234.7200000000003
2025-02,1200664,101070158,0,-3405.38
2025-02,1200664,101070162,0,-7365.54
2025-02,1200664,101070165,0,-179.86
2025-02,1200664,101070168,0,-3932.97
2025-02,1200671,101001911,75,1114.9
2025-02,1200671,101002622,80,1018.88
2025-02,1200671,101003648,7920,103750.97
2025-02,1200671,101004098,26496,250903.33000000002
2025-02,1200671,101004125,90,1269.82
2025-02,1200671,101070163,90,1287.73
2025-02,1200682,101001911,300,4459.6
2025-02,1200682,101002622,240,2856.4
2025-02,1200682,101003648,3872,50583.03
2025-02,1200682,101004098,15456,145790.26
2025-02,1200682,101004125,540,7618.92
2025-02,1200682,101004167,0,-58811.780000000006
2025-02,1200682,101070163,90,1287.72
2025-02,1200695,101002612,300,2883.0
2025-02,1200695,101003360,165,856.35
2025-02,1200698,101002381,300,3927.0
2025-02,1200698,101002402,432,3481.92
2025-02,1200698,101002612,1200,9288.0
2025-02,1200698,101002715,720,2379.5999999999995
2025-02,1200698,101002859,900,3780.0
2025-02,1200698,101003241,2160,9072.0
2025-02,1200698,101003346,864,11430.72
2025-02,1200698,101003347,864,9141.12
2025-02,1200698,101003359,360,1512.0
2025-02,1200698,101003360,360,1512.0
2025-02,1200698,101004141,1782,20564.28
2025-02,1200698,101004224,2592,10292.829999999998
2025-02,1200698,101004230,972,18438.84
2025-02,1200698,101004233,384,3682.56
2025-02,1200698,101004245,648,8573.039999999999
2025-02,1200698,101004261,1944,33804.87
2025-02,1200698,101070156,432,3481.92
2025-02,1200698,101070158,288,2321.28
2025-02,1200698,101070162,1728,13927.68
2025-02,1200698,101070165,1440,11606.400000000001
2025-02,1200698,101070168,1872,15088.32
2025-02,1200706,101002612,600,4644.0
2025-02,1200706,101003241,1440,6048.0
2025-02,1200706,101004224,648,8573.04
2025-02,1200706,101004261,810,15365.7
2025-02,1200711,101001911,26925,362600.29000000004
2025-02,1200711,101002622,1120,11608.27
2025-02,1200711,101003648,6600,85781.8
2025-02,1200711,101004098,45984,433190.89
2025-02,1200711,101004125,5895,82988.95
2025-02,1200711,101070163,10035,142353.16
2025-02,1200711,101070166,675,9620.16
2025-02,1200713,101002381,0,-88.89
2025-02,1200713,101002402,0,-65.58
2025-02,1200713,101003015,0,-178.78
2025-02,1200713,101003241,0,-83.28
2025-02,1200713,101003359,0,-83.28
2025-02,1200713,101003360,0,-83.28
2025-02,1200713,101004141,0,-202.56
2025-02,1200713,101004224,0,-610.9
2025-02,1200713,101004261,0,-161.76
2025-02,1200713,101070156,0,-65.58
2025-02,1200713,101070158,0,-65.58
2025-02,1200713,101070162,0,-131.16
2025-02,1200713,101070165,0,-65.58
2025-02,1200713,101070168,0,-131.16
2025-02,1200718,101002402,432,3944.16
2025-02,1200718,101002612,900,7434.0
2025-02,1200718,101002716,324,3110.4
2025-02,1200718,101002717,360,3193.2
2025-02,1200718,101002859,1800,8334.0
2025-02,1200718,101003241,4680,21668.4
2025-02,1200718,101003346,216,3049.92
2025-02,1200718,101003347,648,7322.4
2025-02,1200718,101003359,1080,5000.4
2025-02,1200718,101003360,4320,20001.6
2025-02,1200718,101004141,4941,61762.5
2025-02,1200718,101004174,720,3333.6
2025-02,1200718,101004183,2880,13334.4
2025-02,1200718,101004224,0,-54950.4
2025-02,1200718,101004230,162,3227.04
2025-02,1200718,101004245,648,9149.76
2025-02,1200718,101004257,576,5310.72
2025-02,1200718,101004261,810,16135.2
2025-02,1200718,101070017,192,1628.16
2025-02,1200718,101070153,432,3944.16
2025-02,1200718,101070154,432,3944.16
2025-02,1200718,101070156,432,3944.16
2025-02,1200718,101070158,288,2629.44
2025-02,1200718,101070162,1872,17091.36
2025-02,1200718,101070165,864,7888.32
2025-02,1200718,101070168,3024,27609.12
2025-02,1200719,101002381,150,2286.0
2025-02,1200719,101002715,0,-4806.0
2025-02,1200719,101002716,648,6220.8
2025-02,1200719,101002717,180,1596.6
2025-02,1200719,101002859,720,3333.6
2025-02,1200719,101003241,1440,6667.2
2025-02,1200719,101003346,216,3049.92
2025-02,1200719,101003347,1728,19526.4
2025-02,1200719,101003359,720,3333.6
2025-02,1200719,101003360,1080,5000.4
2025-02,1200719,101004141,1620,20250.0
2025-02,1200719,101004174,360,1666.8
2025-02,1200719,101004224,0,-18882.72
2025-02,1200719,101004229,162,3227.04
2025-02,1200719,101004230,243,4840.56
2025-02,1200719,101004245,216,3049.92
2025-02,1200719,101004257,96,885.12
2025-02,1200719,101004261,1701,33883.92
2025-02,1200719,101070152,576,2632.32
2025-02,1200719,101070155,576,2632.32
2025-02,1200719,101070156,720,6573.6
2025-02,1200719,101070158,576,5258.88
2025-02,1200719,101070161,864,3948.4800000000005
2025-02,1200719,101070162,3168,28923.84
2025-02,1200719,101070164,576,2632.32
2025-02,1200719,101070165,720,6573.6
2025-02,1200719,101070167,576,2632.32
2025-02,1200719,101070168,2880,26294.4
2025-02,1200720,101002381,150,2220.0
2025-02,1200720,101002402,144,1304.64
2025-02,1200720,101002612,600,4932.0
2025-02,1200720,101002716,972,9292.32
2025-02,1200720,101002859,180,828.0
2025-02,1200720,101003015,288,4443.84
2025-02,1200720,101003241,1800,8280.0
2025-02,1200720,101003346,216,3036.96
2025-02,1200720,101003347,216,2430.0
2025-02,1200720,101003360,720,3312.0
2025-02,1200720,101004174,360,1656.0
2025-02,1200720,101004224,0,-23083.920000000002
2025-02,1200720,101004229,162,3217.32
2025-02,1200720,101004230,162,3217.32
2025-02,1200720,101004245,216,3036.96
2025-02,1200720,101004257,192,1756.8
2025-02,1200720,101004261,648,12869.28
2025-02,1200720,101070017,96,808.32
2025-02,1200720,101070153,144,1304.64
2025-02,1200720,101070156,144,1304.64
2025-02,1200720,101070161,576,2609.28
2025-02,1200720,101070162,1080,9784.8
2025-02,1200720,101070165,144,1304.64
2025-02,1200720,101070167,288,1304.64
2025-02,1200720,101070168,1080,9784.8
2025-02,1200728,101002188,108,986.04
2025-02,1200728,101002612,1140,9416.4
2025-02,1200728,101002859,900,4167.0
2025-02,1200728,101003241,1500,6945.0
2025-02,1200728,101003347,240,2712.0
2025-02,1200728,101003359,300,1389.0
2025-02,1200728,101004141,180,2250.0
2025-02,1200728,101004174,600,2778.0
2025-02,1200728,101004229,90,1792.8
2025-02,1200728,101004230,90,1792.8
2025-02,1200728,101004233,320,3392.0
2025-02,1200728,101004261,180,3585.6
2025-02,1200728,101070153,34,310.42
2025-02,1200728,101070156,108,986.04
2025-02,1200728,101070158,108,986.04
2025-02,1200728,101070168,108,986.04
2025-02,1200742,101002612,2100,17195.3
2025-02,1200742,101002715,1800,12068.3
2025-02,1200742,101002717,360,-34.1099999999999
2025-02,1200742,101070153,0,-2716.7
2025-02,1200742,101070154,2016,15920.62
2025-02,1200742,101070156,1152,7195.07
2025-02,1200742,101070158,1008,5374.9800000000005
2025-02,1200742,101070162,1872,13924.269999999999
2025-02,1200742,101070165,720,4310.5
2025-02,1200753,101002402,144,1576.8
2025-02,1200753,101002859,720,3844.8
2025-02,1200753,101070153,432,4730.4
2025-02,1200753,101070154,432,4730.4
2025-02,1200753,101070156,864,9460.8
2025-02,1200753,101070158,720,7884.0
2025-02,1200753,101070162,864,9460.8
2025-02,1200753,101070165,288,3153.6
2025-02,1200753,101070168,288,3153.6
2025-02,1200763,101001911,552,8123.099999999999
2025-02,1200763,101002402,3577,32303.1
2025-02,1200763,101002612,24150,211954.59
2025-02,1200763,101002715,135,963.71
2025-02,1200763,101002859,665,3236.13
2025-02,1200763,101003241,28875,140475.18
2025-02,1200763,101003346,16352,188065.34
2025-02,1200763,101003347,7296,83894.54
2025-02,1200763,101003359,3636,17689.87
2025-02,1200763,101004141,4366,58474.36
2025-02,1200763,101004224,54336,625474.97
2025-02,1200763,101004229,8107,165143.23
2025-02,1200763,101004230,17583,363323.85
2025-02,1200763,101004233,9272,82280.63
2025-02,1200763,101004245,132,1518.02
2025-02,1200763,101004257,11712,76826.81999999999
2025-02,1200763,101004261,34416,711613.51
2025-02,1200763,101005690,5106,44450.520000000004
2025-02,1200763,101005693,0,-34.68
2025-02,1200763,101005699,0,-15.08
2025-02,1200763,101070153,16188,148949.82
2025-02,1200763,101070154,4682,43547.159999999996
2025-02,1200763,101070156,19776,183871.59
2025-02,1200763,101070158,617,5717.79
2025-02,1200763,101070161,49275,230043.61000000002
2025-02,1200763,101070162,13342,123988.06
2025-02,1200763,101070164,26390,123178.19
2025-02,1200763,101070165,6774,62513.48
2025-02,1200763,101070168,111,510.71000000000004
2025-02,1200769,101002381,900,12145.95
2025-02,1200769,101002612,4800,42703.32
2025-02,1200769,101002715,2520,19687.78
2025-02,1200769,101002716,972,8053.99
2025-02,1200769,101002717,1080,8232.84
2025-02,1200769,101002859,360,1455.69
2025-02,1200769,101003015,1440,20225.39
2025-02,1200769,101003241,1800,9300.86
2025-02,1200769,101003346,648,8569.15
2025-02,1200769,101003347,864,11141.06
2025-02,1200769,101004174,720,3216.77
2025-02,1200769,101004224,4104,52192.89
2025-02,1200769,101004229,648,14683.52
2025-02,1200769,101004230,648,14683.52
2025-02,1200769,101004233,1344,12904.67
2025-02,1200769,101004257,960,7952.26
2025-02,1200769,101004261,5184,115523.06999999999
2025-02,1200769,101070153,0,-51.54
2025-02,1200769,101070154,1584,16136.49
2025-02,1200769,101070156,720,6177.34
2025-02,1200769,101070158,0,-309.53
2025-02,1200769,101070162,3456,33051.52
2025-02,1200769,101070165,1584,14976.669999999998
2025-02,1200769,101070168,2880,27296.44
2025-02,1200771,101002188,9,101.7
2025-02,1200771,101002402,9,101.7
2025-02,1200771,101002612,750,7222.85
2025-02,1200771,101002715,1120,7811.120000000001
2025-02,1200771,101002717,256,2189.46
2025-02,1200771,101003241,495,2677.23
2025-02,1200771,101003346,288,3713.8099999999995
2025-02,1200771,101003347,336,2997.8799999999997
2025-02,1200771,101004224,1536,21080.66
2025-02,1200771,101004245,96,1064.08
2025-02,1200771,101070154,9,60.650000000000006
2025-02,1200771,101070156,441,3834.4700000000003
2025-02,1200771,101070158,0,-1072.5600000000002
2025-02,1200771,101070162,189,2073.79
2025-02,1200771,101070165,252,2752.66
2025-02,1200771,101070168,567,6258.46
2025-02,1200781,101002715,3040,22768.86
2025-02,1200781,101002717,480,2544.64
2025-02,1200781,101003241,495,2462.01
2025-02,1200781,101004174,0,-21.41
2025-02,1200781,101004261,720,16199.49
2025-02,1200781,101070156,1764,16771.920000000002
2025-02,1200781,101070158,63,625.59
2025-02,1200781,101070162,2205,21141.02
2025-02,1200781,101070165,693,6357.700000000001
2025-02,1200781,101070168,1386,13603.16
2025-02,1200784,101002188,288,2286.72
2025-02,1200784,101002612,600,4614.0
2025-02,1200784,101002859,180,747.0
2025-02,1200784,101003241,720,2988.0
2025-02,1200784,101003346,216,2836.08
2025-02,1200784,101003347,216,2268.0
2025-02,1200784,101003359,180,747.0
2025-02,1200784,101003360,180,747.0
2025-02,1200784,101004141,162,1853.28
2025-02,1200784,101004174,180,747.0
2025-02,1200784,101004224,432,5672.16
2025-02,1200784,101004229,81,1527.66
2025-02,1200784,101004230,81,1527.66
2025-02,1200784,101004233,192,1820.16
2025-02,1200784,101004257,192,1555.2
2025-02,1200784,101004261,324,6110.64
2025-02,1200784,101070017,96,910.08
2025-02,1200784,101070153,288,2286.72
2025-02,1200784,101070156,288,2286.72
2025-02,1200784,101070158,288,2286.72
2025-02,1200784,101070162,2880,22867.2
2025-02,1200784,101070165,432,3430.08
2025-02,1200784,101070168,1008,8003.52
2025-02,1200785,101002188,504,5494.719999999999
2025-02,1200785,101002402,504,5503.84
2025-02,1200785,101002612,150,1477.65
2025-02,1200785,101002715,1920,16551.8
2025-02,1200785,101002717,320,2735.49
2025-02,1200785,101002859,330,1855.56
2025-02,1200785,101003241,495,2751.9
2025-02,1200785,101004174,330,1868.44
2025-02,1200785,101070153,441,4773.139999999999
2025-02,1200785,101070154,756,8256.33
2025-02,1200785,101070156,1008,11045.84
2025-02,1200785,101070158,567,6177.57
2025-02,1200785,101070162,756,8284.220000000001
2025-02,1200785,101070165,882,9699.490000000002
2025-02,1200785,101070168,756,8131.03
2025-02,1200786,101002402,189,2120.5499999999997
2025-02,1200786,101002612,150,1534.0
2025-02,1200786,101002859,495,2856.5
2025-02,1200786,101003241,495,2856.5
2025-02,1200786,101003359,330,1901.15
2025-02,1200786,101004141,0,-11.25
2025-02,1200786,101004174,330,1901.15
2025-02,1200786,101004224,480,6655.59
2025-02,1200786,101004261,72,1756.94
2025-02,1200786,101070153,252,2832.19
2025-02,1200786,101070154,441,4981.490000000001
2025-02,1200786,101070156,441,4981.490000000001
2025-02,1200786,101070158,315,3572.59
2025-02,1200786,101070162,252,2846.57
2025-02,1200786,101070165,189,2127.74
2025-02,1200786,101070168,630,7137.9800000000005
2025-02,1200793,101002859,165,764.0600000000002
2025-02,1200793,101003241,165,1106.3700000000001
2025-02,1200793,101004174,495,3152.57
2025-02,1200793,101070153,126,1643.06
2025-02,1200793,101070154,378,4093.8799999999997
2025-02,1200793,101070158,315,4123.219999999999
2025-02,1200793,101070162,1197,15562.369999999999
2025-02,1200793,101070165,252,3269.5499999999997
2025-02,1200793,101070168,504,4935.7699999999995
2025-02,1200797,101002381,150,1942.5
2025-02,1200797,101002612,300,2307.0
2025-02,1200797,101002715,360,2700.0
2025-02,1200797,101002859,360,1494.0
2025-02,1200797,101003241,360,1494.0
2025-02,1200797,101004141,81,926.64
2025-02,1200797,101004174,360,1494.0
2025-02,1200797,101004224,1728,20736.0
2025-02,1200797,101004229,81,1527.66
2025-02,1200797,101004261,162,3055.32
2025-02,1200797,101070156,144,1143.36
2025-02,1200797,101070162,576,4573.44
2025-02,1200797,101070165,432,3430.08
2025-02,1200797,101070168,576,4573.44
2025-02,1200806,101002612,900,8352.0
2025-02,1200806,101003241,1440,7560.0
2025-02,1200806,101003347,864,11067.84
2025-02,1200806,101004224,2160,27669.6
2025-02,1200806,101004230,324,7393.68
2025-02,1200806,101004261,2268,51755.76
2025-02,1200806,101070154,576,6174.72
2025-02,1200806,101070156,576,6174.72
2025-02,1200806,101070158,432,4631.04
2025-02,1200806,101070162,864,9262.08
2025-02,1200806,101070165,432,4631.04
2025-02,1200821,101002715,1080,9579.6
2025-02,1200821,101003241,720,3333.6
2025-02,1200821,101003347,864,9763.2
2025-02,1200821,101004141,810,10125.0
2025-02,1200821,101004229,162,3227.04
2025-02,1200821,101004230,162,3227.04
2025-02,1200821,101004245,432,6099.84
2025-02,1200821,101004261,162,3227.04
2025-02,1200821,101070161,864,3948.48
2025-02,1200821,101070162,432,3944.16
2025-02,1200821,101070168,432,3944.16
2025-02,1200826,101002715,40,289.2
2025-02,1200826,101002859,50,235.5
2025-02,1200826,101003360,30,141.3
2025-02,1200826,101004257,100,736.0
2025-02,1200826,101070154,20,158.2
2025-02,1200826,101070165,20,158.2
2025-02,1200830,101004224,0,-1218.24
2025-02,1200839,101002188,432,3481.92
2025-02,1200839,101002402,432,3481.92
2025-02,1200839,101002612,600,4644.0
2025-02,1200839,101002859,720,3024.0
2025-02,1200839,101003241,360,1512.0
2025-02,1200839,101003346,432,5715.36
2025-02,1200839,101003359,720,3024.0
2025-02,1200839,101003360,720,3024.0
2025-02,1200839,101004174,720,3024.0
2025-02,1200839,101004183,360,1512.0
2025-02,1200839,101004224,648,8573.039999999999
2025-02,1200839,101004229,162,3073.14
2025-02,1200839,101004230,324,6146.28
2025-02,1200839,101004233,384,3682.56
2025-02,1200839,101004257,384,3152.64
2025-02,1200839,101004261,162,3073.14
2025-02,1200839,101070154,432,3481.92
2025-02,1200839,101070155,576,2321.28
2025-02,1200839,101070156,288,2321.28
2025-02,1200839,101070158,576,4642.56
2025-02,1200839,101070161,1152,4642.56
2025-02,1200839,101070164,864,3481.92
2025-02,1200839,101070165,288,2321.28
2025-02,1200839,101070167,864,3481.92
2025-02,1200841,101002381,4650,63230.66
2025-02,1200841,101002612,5400,47882.68
2025-02,1200841,101002859,11880,59423.86
2025-02,1200841,101003241,6840,36141.05
2025-02,1200841,101003347,4536,54486.63
2025-02,1200841,101004224,15768,191009.13999999998
2025-02,1200841,101004229,5508,110194.47
2025-02,1200841,101004230,7452,146357.15
2025-02,1200841,101004233,5760,52093.42999999999
2025-02,1200841,101004261,18468,367949.44
2025-02,1200841,101005690,4032,37212.14
2025-02,1200841,101005693,5184,94990.89
2025-02,1200841,101005699,0,-952.31
2025-02,1200841,101070017,2496,21594.64
2025-02,1200841,101070152,4608,18366.47
2025-02,1200841,101070155,7488,33439.81
2025-02,1200841,101070157,0,-20.61
2025-02,1200841,101070161,9792,42390.56
2025-02,1200841,101070164,6336,29428.58
2025-02,1200841,101070167,6336,29557.54
2025-02,1200854,101002715,0,-735.67
2025-02,1200854,101002716,0,-73.34
2025-02,1200854,101002717,0,-144.14
2025-02,1200854,101003241,0,-22.990000000000002
2025-02,1200854,101003347,0,-31.57
2025-02,1200854,101004141,0,-62.13
2025-02,1200854,101004224,0,-696.64
2025-02,1200854,101004245,0,-143.18
2025-02,1200854,101070153,0,-3.09
2025-02,1200854,101070156,0,-94.33
2025-02,1200854,101070158,0,-8.15
2025-02,1200854,101070162,0,-77.88999999999999
2025-02,1200854,101070165,0,-42.93
2025-02,1200854,101070168,0,-98.45
2025-02,1200872,101002715,0,-6872.4
2025-02,1200872,101003241,720,3024.0
2025-02,1200872,101003360,360,1512.0
2025-02,1200872,101004141,1620,18694.8
2025-02,1200872,101004224,0,-10270.8
2025-02,1200872,101004261,1620,25356.24
2025-02,1200877,101003346,321,1027.2
2025-02,1200887,101070153,1008,9371.7
2025-02,1200887,101070156,315,3030.3
2025-02,1200887,101070162,4851,44958.979999999996
2025-02,1200887,101070165,4473,40590.78
2025-02,1200887,101070168,693,6260.080000000001
2025-02,1200890,101003015,144,2220.48
2025-02,1200890,101004224,192,2695.68
2025-02,1200890,101004261,72,1785.6
2025-02,1200912,101003241,200,852.0
2025-02,1200912,101003360,100,426.0
2025-02,1200915,101002402,63,812.07
2025-02,1200915,101003241,660,4210.8
2025-02,1200915,101004174,165,1052.7
2025-02,1200915,101004257,192,2248.32
2025-02,1200915,101070153,252,3248.28
2025-02,1200915,101070156,504,6496.56
2025-02,1200915,101070158,126,1624.14
2025-02,1200915,101070162,378,4872.42
2025-02,1200915,101070165,126,1624.14
2025-02,1200915,101070168,315,4060.35
2025-02,1200918,101002188,108,1109.16
2025-02,1200918,101002402,162,1663.74
2025-02,1200918,101070153,324,3327.48
2025-02,1200918,101070154,270,2772.9
2025-02,1200918,101070156,756,7764.12
2025-02,1200918,101070158,324,3327.48
2025-02,1200918,101070162,756,7764.12
2025-02,1200918,101070165,216,2218.32
2025-02,1200918,101070168,324,3327.48
2025-02,1200929,101002612,900,6966.0
2025-02,1200929,101002715,0,-14850.0
2025-02,1200929,101002717,0,-2224.8
2025-02,1200929,101003241,1800,7560.0
2025-02,1200929,101003347,1080,9288.0
2025-02,1200929,101003359,1080,4536.0
2025-02,1200929,101003360,3240,13608.0
2025-02,1200929,101004141,4860,52585.200000000004
2025-02,1200929,101004224,0,-60004.799999999996
2025-02,1200929,101004229,324,6146.28
2025-02,1200929,101004230,324,6146.28
2025-02,1200929,101004245,0,-1782.0
2025-02,1200929,101004261,972,18438.84
2025-02,1200929,101070156,432,3481.92
2025-02,1200929,101070162,5184,41783.03999999999
2025-02,1200929,101070165,720,5803.2
2025-02,1200929,101070168,4752,38301.119999999995
2025-02,1200943,101002188,0,-14.61
2025-02,1200943,101002715,0,-28.63
2025-02,1200943,101002717,0,-2802.24
2025-02,1200943,101002859,360,2033.41
2025-02,1200943,101003241,720,4066.83
2025-02,1200943,101004174,360,2009.13
2025-02,1200943,101070154,144,1598.19
2025-02,1200943,101070156,288,3210.99
2025-02,1200943,101070158,144,1612.8
2025-02,1200943,101070162,144,1598.19
2025-02,1200943,101070165,144,1612.8
2025-02,1200948,101002188,144,1143.36
2025-02,1200948,101002381,75,971.25
2025-02,1200948,101002715,1800,13500.0
2025-02,1200948,101002716,324,2896.56
2025-02,1200948,101002859,180,747.0
2025-02,1200948,101003015,288,4245.12
2025-02,1200948,101003241,720,2988.0
2025-02,1200948,101003346,432,5672.16
2025-02,1200948,101003347,216,2268.0
2025-02,1200948,101003360,540,2241.0
2025-02,1200948,101004141,162,1853.28
2025-02,1200948,101004174,540,2241.0
2025-02,1200948,101004230,162,3055.32
2025-02,1200948,101004245,108,1418.04
2025-02,1200948,101004261,324,6110.64
2025-02,1200948,101070153,144,1143.36
2025-02,1200948,101070154,144,1143.36
2025-02,1200948,101070162,288,2286.72
2025-02,1200948,101070165,288,2286.72
2025-02,1200948,101070168,432,3430.08
2025-02,1200949,101002402,432,3913.92
2025-02,1200949,101002716,324,3097.44
2025-02,1200949,101003241,360,1656.0
2025-02,1200949,101003346,432,6073.92
2025-02,1200949,101004141,324,4027.32
2025-02,1200949,101004229,81,1608.66
2025-02,1200949,101004230,81,1608.66
2025-02,1200949,101004233,96,1010.88
2025-02,1200949,101004257,192,1756.8
2025-02,1200949,101004261,162,3217.32
2025-02,1200949,101070153,72,652.32
2025-02,1200949,101070156,432,3913.92
2025-02,1200949,101070158,288,2609.28
2025-02,1200949,101070162,576,5218.56
2025-02,1200949,101070168,720,6523.2
2025-02,1200956,101002188,144,1612.8
2025-02,1200956,101002402,63,705.6
2025-02,1200956,101002715,360,3160.8
2025-02,1200956,101002859,30,171.0
2025-02,1200956,101003241,360,2052.0
2025-02,1200956,101004224,216,3019.68
2025-02,1200956,101004257,192,1739.52
2025-02,1200956,101070153,63,705.6
2025-02,1200956,101070154,144,1612.8
2025-02,1200956,101070156,144,1612.8
2025-02,1200956,101070158,144,1612.8
2025-02,1200956,101070162,144,1612.8
2025-02,1200956,101070165,63,705.6
2025-02,1200956,101070168,288,3225.6
2025-02,1200969,101070156,324,3661.2
2025-02,1200969,101070162,432,4881.6
2025-02,1200969,101070165,216,2440.8
2025-02,1200969,101070168,324,3661.2
2025-02,1200973,101002188,0,-215.95
2025-02,1200973,101002715,160,791.47
2025-02,1200973,101002717,160,1029.27
2025-02,1200973,101002859,165,628.48
2025-02,1200973,101003241,0,-457.62
2025-02,1200973,101003359,165,681.22
2025-02,1200973,101004174,165,629.22
2025-02,1200973,101070153,63,143.72000000000003
2025-02,1200973,101070154,63,289.29
2025-02,1200973,101070156,189,1478.1799999999998
2025-02,1200973,101070158,63,379.49
2025-02,1200973,101070162,126,888.72
2025-02,1200973,101070165,189,1512.1699999999998
2025-02,1200973,101070168,252,1333.49
2025-02,1200976,101002612,150,1583.37
2025-02,1200976,101003241,165,1002.3
2025-02,1200976,101070154,0,-5.0
2025-02,1200976,101070162,0,-1.25
2025-02,1200976,101070165,126,1543.5
2025-02,1200976,101070168,378,4630.5
2025-02,1200978,101002188,0,-175.12
2025-02,1200978,101002402,144,1334.68
2025-02,1200978,101070153,144,1351.55
2025-02,1200978,101070154,288,2736.83
2025-02,1200978,101070156,720,6842.07
2025-02,1200978,101070158,288,2703.09
2025-02,1200978,101070162,1080,10355.87
2025-02,1200978,101070165,576,5473.84
2025-02,1200978,101070168,1080,10259.0
2025-02,1200984,101004224,6696,92940.48
2025-02,1200985,101001911,4200,29559.920000000002
2025-02,1200985,101002622,5360,48289.08
2025-02,1200985,101003648,1672,-4037.159999999998
2025-02,1200985,101004098,5088,42272.07
2025-02,1200985,101004125,3285,34808.83
2025-02,1200985,101005699,0,-395.13
2025-02,1200985,101070163,5265,61098.799999999996
2025-02,1200989,101001911,450,6723.0
2025-02,1200989,101003648,176,2310.88
2025-02,1200989,101004196,1440,13143.2
2025-02,1200989,101005699,0,16.0
2025-02,1200989,101070163,2700,37710.0
2025-02,1200989,101070166,5400,51230.0
2025-02,1200995,101002612,600,4956.0
2025-02,1200995,101002715,0,-1710.5500000000002
2025-02,1200995,101002716,648,5734.1900000000005
2025-02,1200995,101002717,1080,9080.039999999999
2025-02,1200995,101002859,720,3333.6
2025-02,1200995,101003015,288,4109.5
2025-02,1200995,101003241,2160,10000.8
2025-02,1200995,101003346,216,2811.35
2025-02,1200995,101003347,1296,14406.23
2025-02,1200995,101003359,1080,5000.4
2025-02,1200995,101003360,1800,8170.95
2025-02,1200995,101004141,2430,29979.12
2025-02,1200995,101004174,360,1666.8
2025-02,1200995,101004224,0,-5641.01
2025-02,1200995,101004229,162,2911.5
2025-02,1200995,101004230,0,-315.54
2025-02,1200995,101004233,0,-159.2
2025-02,1200995,101004245,864,11961.11
2025-02,1200995,101004261,1134,22273.74
2025-02,1200995,101070017,0,-159.2
2025-02,1200995,101070154,144,1186.2
2025-02,1200995,101070156,288,2629.44
2025-02,1200995,101070162,1872,17091.36
2025-02,1200995,101070165,720,6445.08
2025-02,1200995,101070168,1152,10517.76
2025-02,1200996,101070156,63,625.59
2025-02,1200996,101070162,189,1876.77
2025-02,1200998,101002188,216,1823.04
2025-02,1200998,101002402,360,3038.3999999999996
2025-02,1200998,101002612,150,1225.5
2025-02,1200998,101002859,180,793.8
2025-02,1200998,101003241,360,1587.6
2025-02,1200998,101003346,324,3402.0
2025-02,1200998,101003347,216,2268.0
2025-02,1200998,101003359,180,793.8
2025-02,1200998,101003360,180,793.8
2025-02,1200998,101004141,162,1853.28
2025-02,1200998,101004174,360,1587.6
2025-02,1200998,101004183,180,793.8
2025-02,1200998,101004224,540,5670.0
2025-02,1200998,101004229,162,3055.32
2025-02,1200998,101004230,162,3055.32
2025-02,1200998,101004233,96,773.76
2025-02,1200998,101004245,216,2268.0
2025-02,1200998,101004257,192,1282.56
2025-02,1200998,101004261,324,6110.64
2025-02,1200998,101070153,216,1823.04
2025-02,1200998,101070154,360,3038.3999999999996
2025-02,1200998,101070156,360,2858.3999999999996
2025-02,1200998,101070158,360,3038.3999999999996
2025-02,1200998,101070162,432,3430.08
2025-02,1200998,101070165,288,2286.72
2025-02,1200998,101070168,360,2858.3999999999996
2025-02,1201001,101002188,288,2629.44
2025-02,1201001,101002402,288,2629.44
2025-02,1201001,101002612,1200,9912.0
2025-02,1201001,101002715,2160,19159.2
2025-02,1201001,101002859,720,3333.6
2025-02,1201001,101003015,288,4458.24
2025-02,1201001,101003241,1800,8334.0
2025-02,1201001,101003346,1728,24399.36
2025-02,1201001,101003347,2160,24408.0
2025-02,1201001,101003359,720,3333.6
2025-02,1201001,101003360,360,1666.8
2025-02,1201001,101004141,972,12150.0
2025-02,1201001,101004174,720,3333.6
2025-02,1201001,101004224,3888,54898.56
2025-02,1201001,101004229,648,12908.16
2025-02,1201001,101004230,648,12908.16
2025-02,1201001,101004233,192,2035.2
2025-02,1201001,101004245,216,3049.92
2025-02,1201001,101004257,768,7080.96
2025-02,1201001,101004261,1620,32270.4
2025-02,1201001,101005690,192,2035.2
2025-02,1201001,101070153,432,3944.16
2025-02,1201001,101070154,432,3944.16
2025-02,1201001,101070156,576,5258.88
2025-02,1201001,101070158,576,5258.88
2025-02,1201001,101070162,576,5258.88
2025-02,1201001,101070165,288,2629.44
2025-02,1201001,101070168,288,2629.44
2025-02,1201002,101070156,432,3430.08
2025-02,1201002,101070158,432,3646.08
2025-02,1201002,101070162,1296,10290.24
2025-02,1201002,101070165,144,1143.36
2025-02,1201002,101070168,1296,10290.24
2025-02,1201012,101002188,144,856.8
2025-02,1201012,101002381,150,1942.5
2025-02,1201012,101002402,576,4000.3199999999997
2025-02,1201012,101002612,300,2307.0
2025-02,1201012,101002715,7200,53136.0
2025-02,1201012,101002859,720,2239.2
2025-02,1201012,101003241,1440,4852.8
2025-02,1201012,101003347,216,2268.0
2025-02,1201012,101003359,360,1494.0
2025-02,1201012,101004141,972,11119.68
2025-02,1201012,101004174,360,370.8000000000002
2025-02,1201012,101004183,0,-374.4
2025-02,1201012,101004224,0,-8488.8
2025-02,1201012,101004229,162,3055.32
2025-02,1201012,101004230,324,6110.64
2025-02,1201012,101004261,972,18331.920000000002
2025-02,1201012,101070153,432,2856.96
2025-02,1201012,101070154,144,856.8
2025-02,1201012,101070156,1008,7143.839999999999
2025-02,1201012,101070158,720,4857.12
2025-02,1201012,101070162,1872,12571.2
2025-02,1201012,101070165,1008,8003.5199999999995
2025-02,1201012,101070168,3888,28291.68
2025-02,1201016,101003241,495,3158.1
2025-02,1201016,101004174,495,3158.1
2025-02,1201016,101070153,315,4060.35
2025-02,1201016,101070156,441,5684.49
2025-02,1201016,101070158,126,1624.14
2025-02,1201016,101070162,378,4872.42
2025-02,1201016,101070165,126,1624.14
2025-02,1201016,101070168,126,1624.14
2025-02,1201020,101002715,0,-4482.0
2025-02,1201020,101004141,486,5671.62
2025-02,1201020,101004224,0,-4276.8
2025-02,1201020,101070162,1440,11822.4
2025-02,1201020,101070165,432,3546.72
2025-02,1201020,101070168,864,7093.44
2025-02,1201031,101002188,1296,10445.76
2025-02,1201031,101002612,600,4644.0
2025-02,1201031,101003360,360,1890.0
2025-02,1201031,101004141,162,2337.66
2025-02,1201031,101004224,5616,59417.28
2025-02,1201031,101004229,162,3073.14
2025-02,1201031,101004261,486,9219.42
2025-02,1201031,101070154,864,6963.84
2025-02,1201031,101070162,2160,17699.04
2025-02,1201031,101070165,144,1450.08
2025-02,1201031,101070168,1008,8124.48
2025-02,1201034,101003346,432,4536.0
2025-02,1201034,101003347,216,2268.0
2025-02,1201034,101004224,864,9072.0
2025-02,1201035,101002612,2700,27370.08
2025-02,1201035,101002715,160,1395.2
2025-02,1201035,101002859,495,2816.55
2025-02,1201035,101003241,165,899.91
2025-02,1201035,101004174,660,3765.3
2025-02,1201035,101070153,378,4192.02
2025-02,1201035,101070156,7560,84858.13
2025-02,1201035,101070158,693,7717.78
2025-02,1201035,101070162,8316,92170.06999999999
2025-02,1201035,101070165,2457,27304.600000000002
2025-02,1201035,101070168,9135,102168.19
2025-02,1201037,101002381,75,1074.75
2025-02,1201037,101004141,90,1285.2
2025-02,1201037,101004233,160,1580.8
2025-02,1201037,101004257,96,948.48
2025-02,1201037,101004261,72,1643.04
2025-02,1201037,101070158,63,669.06
2025-02,1201037,101070162,108,1146.96
2025-02,1201037,101070168,108,1146.96
2025-02,1201043,101002612,450,4576.5
2025-02,1201043,101002715,1760,15347.2
2025-02,1201043,101002716,144,1362.24
2025-02,1201043,101002717,480,4185.6
2025-02,1201043,101002859,330,1867.8
2025-02,1201043,101003241,495,2801.7
2025-02,1201043,101003359,330,1867.8
2025-02,1201043,101003360,165,933.9
2025-02,1201043,101004174,495,2801.7
2025-02,1201043,101070154,693,7685.37
2025-02,1201043,101070156,315,3493.35
2025-02,1201043,101070158,189,2096.01
2025-02,1201043,101070165,378,4192.02
2025-02,1201043,101070168,378,4192.02
2025-02,1201047,101004214,25920,244493.01
2025-02,1201050,101002381,600,7812.0
2025-02,1201050,101002402,1152,9123.84
2025-02,1201050,101002612,4500,31032.0
2025-02,1201050,101002715,1080,0.0
2025-02,1201050,101002859,1800,5156.5
2025-02,1201050,101003241,9360,36670.9
2025-02,1201050,101003347,1728,18239.04
2025-02,1201050,101003359,1440,6004.8
2025-02,1201050,101004174,360,1490.4
2025-02,1201050,101004200,17280,155116.8
2025-02,1201050,101004224,31320,376226.63999999996
2025-02,1201050,101004229,810,15365.7
2025-02,1201050,101004230,810,15365.7
2025-02,1201050,101004233,768,7322.88
2025-02,1201050,101004245,648,8573.04
2025-02,1201050,101004261,3078,58305.42
2025-02,1201050,101070017,576,4417.92
2025-02,1201050,101070154,576,4561.92
2025-02,1201050,101070156,288,2280.96
2025-02,1201050,101070158,720,5742.72
2025-02,1201050,101070162,15264,122362.56
2025-02,1201050,101070165,13248,106395.84
2025-02,1201050,101070168,14976,119980.79999999999
2025-02,1201059,101002715,7560,62521.2
2025-02,1201059,101003241,720,3780.0
2025-02,1201059,101003347,216,2857.68
2025-02,1201059,101004141,648,9350.64
2025-02,1201059,101004224,216,2857.68
2025-02,1201059,101004261,162,3841.02
2025-02,1201060,101002715,4320,38318.4
2025-02,1201060,101003241,825,4776.75
2025-02,1201060,101003346,192,2711.04
2025-02,1201060,101003347,672,9488.64
2025-02,1201060,101004141,432,6747.84
2025-02,1201060,101004224,384,5422.08
2025-02,1201060,101004245,96,1355.52
2025-02,1201060,101004261,576,14342.4
2025-02,1201061,101003241,1080,5270.4
2025-02,1201061,101003346,432,4851.36
2025-02,1201061,101003347,432,4851.36
2025-02,1201061,101003359,720,3513.6
2025-02,1201061,101003360,360,1756.8
2025-02,1201061,101004141,162,2012.04
2025-02,1201061,101004224,648,7277.04
2025-02,1201061,101004230,162,3214.08
2025-02,1201061,101004261,324,6428.16
2025-02,1201065,101002612,0,-307.5
2025-02,1201065,101004224,0,-9201.6
2025-02,1201071,101004200,5760,51033.6
2025-02,1201073,101002188,252,2505.82
2025-02,1201073,101002402,252,2512.98
2025-02,1201073,101002612,450,4319.6
2025-02,1201073,101002715,480,3936.19
2025-02,1201073,101002717,480,3939.5499999999997
2025-02,1201073,101002859,495,2565.11
2025-02,1201073,101003241,495,2574.9
2025-02,1201073,101004141,216,3079.03
2025-02,1201073,101004224,768,10072.97
2025-02,1201073,101004230,288,6781.379999999999
2025-02,1201073,101004233,960,6199.49
2025-02,1201073,101004257,480,934.7499999999998
2025-02,1201073,101004261,720,16972.75
2025-02,1201073,101070153,315,3145.81
2025-02,1201073,101070154,567,5669.11
2025-02,1201073,101070156,441,4404.32
2025-02,1201073,101070158,252,2512.98
2025-02,1201073,101070162,756,7564.47
2025-02,1201073,101070165,378,3780.2200000000003
2025-02,1201073,101070168,756,7566.04
2025-02,1201090,101002381,0,-1322.1200000000001
2025-02,1201090,101004141,0,-1351.16
2025-02,1201090,101004224,0,-2848.54
2025-02,1201090,101004233,0,-2856.11
2025-02,1201090,101004261,0,-2215.92
2025-02,1201090,101005690,0,-1126.8899999999999
2025-02,1201090,101070158,0,-2094.98
2025-02,1201090,101070162,0,-2834.08
2025-02,1205005,101002612,300,2925.0
2025-02,1205005,101002859,660,3504.6
2025-02,1205005,101003241,660,3504.6
2025-02,1205005,101004224,384,5114.88
2025-02,1205005,101004257,288,2396.16
2025-02,1205005,101070158,693,7082.46
2025-02,1205005,101070162,756,7726.32
2025-02,1205005,101070165,252,2575.44
2025-02,1205007,101004224,0,-2611.01
2025-02,1205007,101004230,0,-3398.11
2025-02,1205007,101004261,0,-3398.11
2025-02,1205009,101002715,160,1312.0
2025-02,1205009,101003015,144,2122.56
2025-02,1205009,101004141,0,93.6
2025-02,1205009,101004224,96,1260.48
2025-02,1205013,101002715,360,3178.8
2025-02,1205013,101004224,648,9110.88
2025-02,1205013,101004261,162,3252.96
2025-02,1205013,101070156,144,1340.64
2025-02,1205013,101070158,288,2681.28
2025-02,1205013,101070162,1584,14747.04
2025-02,1205013,101070165,1296,12065.76
2025-02,1205013,101070168,288,2681.28
2025-02,1205017,101002716,324,2316.6
2025-02,1205017,101004233,1344,10832.64
2025-02,1205017,101004257,192,1282.56
2025-02,1205017,101070162,144,1143.36
2025-02,1205023,101003359,0,-56.0
2025-02,1205026,101002715,21240,143628.94
2025-02,1205026,101002717,2520,10595.84
2025-02,1205026,101003241,25560,115774.81999999999
2025-02,1205026,101003359,5400,19727.530000000002
2025-02,1205033,101002381,30,420.6
2025-02,1205033,101004224,240,3033.6
2025-02,1205033,101004230,90,2008.8
2025-02,1205033,101004261,90,2008.8
2025-02,1205038,101002188,216,2013.12
2025-02,1205038,101002402,288,2711.52
2025-02,1205038,101002612,750,6351.0
2025-02,1205038,101002715,0,-4806.0
2025-02,1205038,101003241,1080,5000.4
2025-02,1205038,101003347,324,3888.0
2025-02,1205038,101003359,540,2500.2
2025-02,1205038,101004141,243,3037.5
2025-02,1205038,101004224,0,-4568.4
2025-02,1205038,101004261,162,3227.04
2025-02,1205038,101070017,192,1628.16
2025-02,1205038,101070153,144,1314.72
2025-02,1205038,101070154,216,2013.12
2025-02,1205038,101070155,1440,7565.76
2025-02,1205038,101070156,1152,10764.0
2025-02,1205038,101070158,576,5587.2
2025-02,1205038,101070161,1152,6249.599999999999
2025-02,1205038,101070162,1224,11503.439999999999
2025-02,1205038,101070164,576,2960.6400000000003
2025-02,1205038,101070165,648,6121.4400000000005
2025-02,1205038,101070167,1152,5921.280000000001
2025-02,1205038,101070168,288,2793.6
2025-02,1205041,101002188,0,-163.8
2025-02,1205041,101003347,0,-72.0
2025-02,1205044,101002188,144,1527.84
2025-02,1205044,101002402,1152,12222.72
2025-02,1205044,101004261,162,3670.92
2025-02,1205044,101070153,144,1527.84
2025-02,1205044,101070154,432,4583.52
2025-02,1205044,101070156,432,4583.52
2025-02,1205044,101070158,144,1527.84
2025-02,1205044,101070162,576,6111.36
2025-02,1205044,101070168,1152,12222.72
2025-02,1205047,101070156,1008,9135.36
2025-02,1205047,101070162,1008,9135.36
2025-02,1205047,101070165,1584,14330.88
2025-02,1205047,101070168,2448,22106.88
2025-02,1205051,101002188,576,5258.88
2025-02,1205051,101002402,576,5258.88
2025-02,1205051,101002612,900,7434.0
2025-02,1205051,101002715,0,-9622.259999999998
2025-02,1205051,101002716,324,3110.4
2025-02,1205051,101002717,360,3193.2
2025-02,1205051,101002859,2520,11667.6
2025-02,1205051,101003241,7920,36669.6
2025-02,1205051,101003360,1080,5000.4
2025-02,1205051,101004174,1800,8334.0
2025-02,1205051,101004183,360,1666.8
2025-02,1205051,101004224,0,-9175.68
2025-02,1205051,101004261,7776,154897.91999999998
2025-02,1205051,101070153,576,5258.88
2025-02,1205051,101070154,576,5258.88
2025-02,1205051,101070156,1008,9203.04
2025-02,1205051,101070158,1008,9203.04
2025-02,1205051,101070162,2304,21035.52
2025-02,1205051,101070165,1440,13147.2
2025-02,1205051,101070168,4752,43385.76
2025-02,1205052,101070017,0,-101.76
2025-02,C5800,101002613,7200,44974.8
2025-02,C5800,101003028,18000,60723.0
2025-02,C5800,101003118,26280,88655.58
2025-02,C5800,101003119,32760,110515.86
2025-02,C5800,101003122,36000,121446.0
2025-02,C5800,101003207,36720,195717.6
2025-02,C5800,101003236,2160,7286.76
2025-02,C5800,101003242,46080,155450.88
2025-02,C5800,101003449,14400,48578.4
2025-02,C5800,101004148,85056,524115.05
2025-02,C5800,101004189,59400,506949.3
2025-02,C5800,101004190,6197,20905.58
2025-02,C5800,101004226,26730,409690.71
2025-02,C5800,101004246,14256,121667.84
2025-02,C5800,101004262,8856,75581.53
2025-02,C5800,101070173,30816,198901.87999999998
2025-02,C5800,101070175,27504,177524.56
2025-02,C5800,101070176,21600,139417.19999999998
2025-02,C5800,101070179,26864,173393.69
2025-02,NCASH510,101003359,50,210.0
2025-02,NCASH510,101004257,50,325.0
2025-02,NCASH510,101070165,100,800.0
2025-02,NCASH510,101070168,100,800.0
2025-03,1200002,101002612,300,2469.0
2025-03,1200002,101002859,360,1605.6
2025-03,1200002,101003241,1080,4774.71
2025-03,1200002,101003346,216,2857.68
2025-03,1200002,101003347,216,2387.57
2025-03,1200002,101003359,360,1591.57
2025-03,1200002,101003360,360,1591.57
2025-03,1200002,101004141,1296,15780.45
2025-03,1200002,101004174,360,1605.6
2025-03,1200002,101004224,0,-25725.6
2025-03,1200002,101004229,162,3264.3
2025-03,1200002,101004230,162,3264.3
2025-03,1200002,101004245,216,2430.0
2025-03,1200002,101004261,0,-114.06
2025-03,1200002,101070017,0,-13.67
2025-03,1200002,101070162,432,3676.39
2025-03,1200002,101070168,432,3633.33
2025-03,1200007,101002402,72,616.32
2025-03,1200007,101003241,1080,4816.8
2025-03,1200007,101004183,360,1605.6
2025-03,1200007,101004224,216,2430.0
2025-03,1200007,101004229,81,1632.15
2025-03,1200007,101004230,81,1632.15
2025-03,1200007,101004257,288,2364.48
2025-03,1200007,101004261,162,3264.3
2025-03,1200007,101005690,192,1841.28
2025-03,1200007,101070156,72,616.32
2025-03,1200007,101070158,72,616.32
2025-03,1200007,101070162,144,1232.64
2025-03,1200007,101070165,144,1232.64
2025-03,1200007,101070168,144,1232.64
2025-03,1200008,101003241,360,1587.6
2025-03,1200008,101070153,144,1215.36
2025-03,1200008,101070156,144,1215.36
2025-03,1200008,101070162,2160,18230.4
2025-03,1200008,101070165,1584,13368.96
2025-03,1200008,101070168,144,1215.36
2025-03,1200010,101002612,600,5790.0
2025-03,1200010,101003347,192,2478.72
2025-03,1200010,101004141,144,2054.88
2025-03,1200010,101004183,165,889.35
2025-03,1200010,101004230,72,1642.32
2025-03,1200010,101004233,192,1895.04
2025-03,1200010,101005690,192,1895.04
2025-03,1200010,101070017,192,1895.04
2025-03,1200015,101002381,300,3885.0
2025-03,1200015,101002402,144,1215.36
2025-03,1200015,101002612,1200,9804.0
2025-03,1200015,101002859,360,1587.6
2025-03,1200015,101003241,2520,11113.2
2025-03,1200015,101003346,216,2836.08
2025-03,1200015,101003347,432,4821.12
2025-03,1200015,101003359,360,1587.6
2025-03,1200015,101004141,324,3936.6
2025-03,1200015,101004174,1080,4762.799999999999
2025-03,1200015,101004224,2160,24105.6
2025-03,1200015,101004229,162,3246.48
2025-03,1200015,101004230,162,3246.48
2025-03,1200015,101004233,384,3640.32
2025-03,1200015,101004257,192,1555.2
2025-03,1200015,101004261,648,12985.92
2025-03,1200015,101070017,192,1455.36
2025-03,1200015,101070153,432,3646.08
2025-03,1200015,101070156,144,1215.36
2025-03,1200015,101070158,144,1215.36
2025-03,1200015,101070162,2160,18230.4
2025-03,1200015,101070165,1296,10938.24
2025-03,1200015,101070168,1440,12153.599999999999
2025-03,1200016,101002381,150,1942.5
2025-03,1200016,101002402,432,3646.08
2025-03,1200016,101002716,972,8689.68
2025-03,1200016,101003241,2880,12700.800000000001
2025-03,1200016,101003346,216,2836.08
2025-03,1200016,101003347,216,2410.56
2025-03,1200016,101004141,972,11809.8
2025-03,1200016,101004224,1080,12052.8
2025-03,1200016,101004233,192,1820.16
2025-03,1200016,101004261,324,6492.96
2025-03,1200016,101070153,432,3646.08
2025-03,1200016,101070156,432,3646.08
2025-03,1200016,101070158,432,3646.08
2025-03,1200016,101070162,1296,10938.24
2025-03,1200016,101070168,720,6076.8
2025-03,1200017,101002859,1080,4935.6
2025-03,1200017,101004224,3456,39467.52
2025-03,1200017,101004257,192,1622.4
2025-03,1200017,101004261,324,6609.6
2025-03,1200017,101070165,288,2543.04
2025-03,1200018,101002381,450,5890.5
2025-03,1200018,101002612,1500,12345.0
2025-03,1200018,101003347,864,9720.0
2025-03,1200018,101003359,360,1605.6
2025-03,1200018,101003360,1800,8028.0
2025-03,1200018,101004141,648,7950.96
2025-03,1200018,101004174,360,1605.6
2025-03,1200018,101004183,360,1605.6
2025-03,1200018,101004233,576,5523.84
2025-03,1200018,101004245,648,7290.0
2025-03,1200018,101004261,3668,73910.2
2025-03,1200018,101070156,720,6163.200000000001
2025-03,1200018,101070158,288,2465.28
2025-03,1200018,101070162,576,4930.56
2025-03,1200018,101070165,720,6163.200000000001
2025-03,1200018,101070168,720,6163.200000000001
2025-03,1200019,101003241,720,3520.8
2025-03,1200019,101003347,216,2581.2
2025-03,1200019,101003359,180,880.2
2025-03,1200019,101003360,180,880.2
2025-03,1200019,101004141,405,5350.05
2025-03,1200019,101004224,216,2581.2
2025-03,1200019,101070154,144,1385.28
2025-03,1200019,101070158,144,1385.28
2025-03,1200019,101070162,1872,18008.64
2025-03,1200019,101070165,864,8311.68
2025-03,1200020,101002188,432,3918.24
2025-03,1200020,101002402,576,5224.32
2025-03,1200020,101002715,360,2977.2
2025-03,1200020,101002749,0,-6351.84
2025-03,1200020,101003133,0,-817.74
2025-03,1200020,101004219,0,-891.0
2025-03,1200020,101004233,192,1649.28
2025-03,1200020,101004257,96,692.16
2025-03,1200020,101070153,432,3918.24
2025-03,1200020,101070154,432,3918.24
2025-03,1200020,101070156,864,7836.48
2025-03,1200020,101070158,1008,9142.56
2025-03,1200020,101070162,1944,17632.08
2025-03,1200020,101070165,432,3918.24
2025-03,1200020,101070168,1584,14366.88
2025-03,1200023,101002381,150,1963.5
2025-03,1200023,101002859,360,1605.6
2025-03,1200023,101003241,360,1605.6
2025-03,1200023,101003347,432,4860.0
2025-03,1200023,101004141,648,7950.96
2025-03,1200023,101004174,360,1605.6
2025-03,1200023,101004224,648,7290.0
2025-03,1200023,101004229,324,6528.6
2025-03,1200023,101004230,162,3264.3
2025-03,1200023,101004233,192,1841.28
2025-03,1200023,101004245,216,2430.0
2025-03,1200023,101004257,192,1576.32
2025-03,1200023,101004261,162,3264.3
2025-03,1200023,101070162,576,4930.56
2025-03,1200023,101070165,288,2465.28
2025-03,1200027,101002188,540,4508.93
2025-03,1200027,101002402,324,2588.69
2025-03,1200027,101002859,300,1404.0
2025-03,1200027,101004233,160,1412.8
2025-03,1200027,101004257,320,2384.0
2025-03,1200027,101070153,648,5469.05
2025-03,1200027,101070154,648,5469.05
2025-03,1200027,101070156,864,7097.63
2025-03,1200027,101070158,540,4217.28
2025-03,1200027,101070162,972,8057.75
2025-03,1200027,101070165,756,6429.17
2025-03,1200027,101070168,756,6429.17
2025-03,1200029,101002188,144,1215.36
2025-03,1200029,101002402,360,3038.4
2025-03,1200029,101003241,360,1587.6
2025-03,1200029,101003359,360,1587.6
2025-03,1200029,101003360,360,1587.6
2025-03,1200029,101004141,81,984.15
2025-03,1200029,101004224,216,2410.56
2025-03,1200029,101004257,96,777.6
2025-03,1200029,101070017,96,727.68
2025-03,1200029,101070153,144,1215.36
2025-03,1200029,101070154,72,607.68
2025-03,1200029,101070156,72,607.68
2025-03,1200029,101070158,144,1215.36
2025-03,1200029,101070162,576,4861.44
2025-03,1200029,101070165,576,4861.44
2025-03,1200029,101070168,144,1215.36
2025-03,1200031,101002612,300,2634.0
2025-03,1200031,101002859,360,1771.2
2025-03,1200031,101003241,1080,5313.6
2025-03,1200031,101003347,216,2592.0
2025-03,1200031,101003359,300,1461.0
2025-03,1200031,101003360,300,1461.0
2025-03,1200031,101004141,810,10756.8
2025-03,1200031,101004174,360,1771.2
2025-03,1200031,101004183,360,1771.2
2025-03,1200031,101004229,162,3427.92
2025-03,1200031,101004230,162,3427.92
2025-03,1200031,101004233,384,4070.4
2025-03,1200031,101004245,216,2592.0
2025-03,1200031,101004257,384,3540.48
2025-03,1200031,101004261,648,13711.68
2025-03,1200031,101005690,192,2035.2
2025-03,1200035,101002188,576,5587.2
2025-03,1200035,101002381,150,2286.0
2025-03,1200035,101002402,432,4190.4
2025-03,1200035,101002612,1200,10536.0
2025-03,1200035,101002715,0,-13777.2
2025-03,1200035,101002717,360,3193.2
2025-03,1200035,101002859,720,3542.4
2025-03,1200035,101003015,576,8916.48
2025-03,1200035,101003241,3240,15940.8
2025-03,1200035,101003346,432,6099.84
2025-03,1200035,101003347,864,10368.0
2025-03,1200035,101003359,1080,5313.6
2025-03,1200035,101003360,1440,7084.8
2025-03,1200035,101004141,648,8605.44
2025-03,1200035,101004174,360,1771.2
2025-03,1200035,101004183,720,3542.4
2025-03,1200035,101004224,1512,5047.92
2025-03,1200035,101004230,324,6855.84
2025-03,1200035,101004233,960,10176.0
2025-03,1200035,101004245,216,2592.0
2025-03,1200035,101004257,1152,10621.44
2025-03,1200035,101004261,2430,50445.14
2025-03,1200035,101070153,576,5587.2
2025-03,1200035,101070154,720,6984.0
2025-03,1200035,101070156,576,5587.2
2025-03,1200035,101070158,288,2793.6
2025-03,1200035,101070162,1872,18158.4
2025-03,1200035,101070165,1872,18158.4
2025-03,1200035,101070168,1296,12571.2
2025-03,1200036,101002402,72,698.4
2025-03,1200036,101002612,450,3951.0
2025-03,1200036,101002859,540,2656.8
2025-03,1200036,101003241,1440,7084.8
2025-03,1200036,101003346,216,3049.92
2025-03,1200036,101003347,108,1296.0
2025-03,1200036,101003359,180,885.6
2025-03,1200036,101003360,360,1771.2
2025-03,1200036,101004141,162,2151.36
2025-03,1200036,101004229,81,1713.96
2025-03,1200036,101004230,81,1713.96
2025-03,1200036,101004233,384,4070.4
2025-03,1200036,101004257,192,1770.24
2025-03,1200036,101004261,119,2518.04
2025-03,1200036,101070153,72,698.4
2025-03,1200036,101070154,72,698.4
2025-03,1200036,101070156,144,1396.8
2025-03,1200036,101070158,72,698.4
2025-03,1200036,101070162,432,4190.4
2025-03,1200036,101070165,288,2793.6
2025-03,1200036,101070168,432,4190.4
2025-03,1200037,101003241,0,-748.8
2025-03,1200037,101003347,0,-568.08
2025-03,1200037,101004141,0,-463.32
2025-03,1200037,101070153,0,-573.12
2025-03,1200037,101070156,0,-286.56
2025-03,1200037,101070162,0,-2005.92
2025-03,1200037,101070165,0,-1719.36
2025-03,1200039,101003347,216,2592.0
2025-03,1200039,101004141,648,8605.44
2025-03,1200039,101004224,3240,38880.0
2025-03,1200039,101004261,1458,30851.28
2025-03,1200039,101070153,144,1396.8
2025-03,1200047,101002188,288,2900.16
2025-03,1200047,101004141,27,89.61000000000001
2025-03,1200047,101004224,48,635.04
2025-03,1200047,101070156,288,2900.16
2025-03,1200047,101070158,288,2900.16
2025-03,1200047,101070162,720,7250.4
2025-03,1200047,101070165,288,2900.16
2025-03,1200047,101070168,144,1450.08
2025-03,1200048,101002402,720,7495.2
2025-03,1200048,101003241,360,1872.0
2025-03,1200048,101004224,216,3170.88
2025-03,1200048,101004233,192,2154.24
2025-03,1200048,101004257,192,1914.24
2025-03,1200048,101070156,432,4497.12
2025-03,1200048,101070158,432,4497.12
2025-03,1200048,101070162,432,4497.12
2025-03,1200048,101070165,864,8994.24
2025-03,1200055,101002381,150,2286.0
2025-03,1200055,101002402,72,698.4
2025-03,1200055,101002715,180,1596.6
2025-03,1200055,101002859,180,868.23
2025-03,1200055,101003241,900,4428.0
2025-03,1200055,101003346,216,2894.6
2025-03,1200055,101003347,216,2592.0
2025-03,1200055,101003359,180,885.6
2025-03,1200055,101003360,180,885.6
2025-03,1200055,101004141,324,4302.72
2025-03,1200055,101004174,180,868.23
2025-03,1200055,101004224,2808,33696.0
2025-03,1200055,101004230,162,3427.92
2025-03,1200055,101004233,96,1017.6
2025-03,1200055,101004261,810,16367.7
2025-03,1200055,101070156,432,4190.4
2025-03,1200055,101070162,864,8380.8
2025-03,1200055,101070165,288,2793.6
2025-03,1200055,101070168,2520,24444.0
2025-03,1200056,101002188,567,5751.27
2025-03,1200056,101002402,378,3791.34
2025-03,1200056,101002715,3040,24731.739999999998
2025-03,1200056,101002859,495,2674.01
2025-03,1200056,101003241,990,5732.1
2025-03,1200056,101003359,495,2866.05
2025-03,1200056,101004174,165,955.35
2025-03,1200056,101004233,288,2380.8
2025-03,1200056,101004257,864,7102.08
2025-03,1200056,101070153,441,4712.4
2025-03,1200056,101070154,1008,10784.970000000001
2025-03,1200056,101070156,1008,10795.68
2025-03,1200056,101070158,504,5205.0599999999995
2025-03,1200056,101070162,1197,12621.69
2025-03,1200056,101070165,819,8493.03
2025-03,1200056,101070168,2520,26753.58
2025-03,1200064,101002188,0,-104.93
2025-03,1200064,101002402,0,-104.93
2025-03,1200064,101002715,0,-108.59
2025-03,1200064,101070153,0,-104.93
2025-03,1200064,101070154,0,-104.93
2025-03,1200064,101070156,0,-209.85
2025-03,1200064,101070158,0,-104.93
2025-03,1200064,101070162,0,-104.93
2025-03,1200064,101070165,0,-104.93
2025-03,1200064,101070168,0,-209.85
2025-03,1200067,101002188,72,692.64
2025-03,1200067,101002612,300,2622.0
2025-03,1200067,101002715,0,-7000.0
2025-03,1200067,101002716,648,6194.88
2025-03,1200067,101002717,360,3178.8
2025-03,1200067,101002859,180,880.2
2025-03,1200067,101003241,1440,7041.6
2025-03,1200067,101003346,216,3036.96
2025-03,1200067,101003347,432,5162.4
2025-03,1200067,101003360,720,3520.8
2025-03,1200067,101004141,486,6420.0599999999995
2025-03,1200067,101004183,360,1760.4
2025-03,1200067,101004224,1728,20649.6
2025-03,1200067,101004229,162,3418.2
2025-03,1200067,101004230,162,3418.2
2025-03,1200067,101004233,96,1010.88
2025-03,1200067,101004245,216,2581.2
2025-03,1200067,101004261,486,10254.599999999999
2025-03,1200067,101005690,192,2021.76
2025-03,1200067,101070158,72,692.64
2025-03,1200067,101070162,864,8311.68
2025-03,1200067,101070165,144,1385.28
2025-03,1200067,101070168,576,5541.12
2025-03,1200077,101001911,750,10731.93
2025-03,1200077,101002622,56880,581564.35
2025-03,1200077,101003648,16720,155384.54
2025-03,1200077,101004125,5220,69851.73
2025-03,1200077,101004196,12960,116040.5
2025-03,1200077,101004225,672,5794.1900000000005
2025-03,1200077,101070156,2268,21266.62
2025-03,1200077,101070163,58095,798385.78
2025-03,1200077,101070166,4725,64803.58
2025-03,1200095,101002381,375,5256.77
2025-03,1200095,101002612,3900,38949.18
2025-03,1200095,101002715,0,-1031.6
2025-03,1200095,101002859,3630,20124.04
2025-03,1200095,101003241,3960,21954.649999999998
2025-03,1200095,101003346,2016,25609.88
2025-03,1200095,101003347,960,12213.5
2025-03,1200095,101003360,0,-7.74
2025-03,1200095,101004174,2640,14572.85
2025-03,1200095,101004224,8448,107746.7
2025-03,1200095,101004229,504,12028.640000000001
2025-03,1200095,101004230,2592,62720.3
2025-03,1200095,101004233,2304,22668.22
2025-03,1200095,101004245,768,9731.77
2025-03,1200095,101004257,4608,40410.35
2025-03,1200095,101004261,5400,125345.38
2025-03,1200095,101005690,1536,15583.26
2025-03,1200095,101070156,1323,13240.69
2025-03,1200095,101070162,1197,11958.91
2025-03,1200095,101070168,2394,23946.04
2025-03,1200100,101001911,13050,128558.73999999999
2025-03,1200100,101003648,9152,120586.84
2025-03,1200100,101004098,57024,543581.62
2025-03,1200100,101070163,12870,185714.4
2025-03,1200100,101070166,8640,122212.15
2025-03,1200105,101002715,0,-604.8
2025-03,1200105,101002717,0,-50.4
2025-03,1200113,101002381,2325,30674.41
2025-03,1200113,101002612,2100,20742.07
2025-03,1200113,101002715,1440,9430.78
2025-03,1200113,101002717,480,3594.31
2025-03,1200113,101003015,0,-0.23
2025-03,1200113,101003241,330,842.7600000000001
2025-03,1200113,101003346,0,-6.87
2025-03,1200113,101003347,576,6404.64
2025-03,1200113,101003359,0,-2.09
2025-03,1200113,101003360,0,-3.1
2025-03,1200113,101004141,0,-0.54
2025-03,1200113,101004174,0,-1.42
2025-03,1200113,101004224,2784,31942.239999999998
2025-03,1200113,101004233,2592,21408.46
2025-03,1200113,101004257,2016,16075.83
2025-03,1200113,101004261,2808,57625.18
2025-03,1200113,101070153,0,-1.49
2025-03,1200113,101070156,2394,20870.56
2025-03,1200113,101070158,441,3556.04
2025-03,1200113,101070162,2898,23050.170000000002
2025-03,1200113,101070165,1449,11227.61
2025-03,1200113,101070168,1953,20506.73
2025-03,1200117,101002188,432,4155.84
2025-03,1200117,101002402,288,2770.56
2025-03,1200117,101002715,720,6357.6
2025-03,1200117,101004257,425,3888.75
2025-03,1200117,101070154,288,2770.56
2025-03,1200117,101070156,432,4155.84
2025-03,1200117,101070158,432,4155.84
2025-03,1200117,101070162,576,5541.12
2025-03,1200117,101070165,288,2770.56
2025-03,1200117,101070168,864,8311.68
2025-03,1200119,101002612,600,5016.0
2025-03,1200119,101003241,360,1645.2
2025-03,1200119,101003346,216,2903.04
2025-03,1200119,101003347,432,4933.44
2025-03,1200119,101004224,648,7400.16
2025-03,1200119,101004233,192,1887.36
2025-03,1200119,101004261,810,16524.0
2025-03,1200119,101070153,432,3814.56
2025-03,1200119,101070154,432,3814.56
2025-03,1200119,101070156,432,3814.56
2025-03,1200119,101070158,576,5086.08
2025-03,1200119,101070162,1872,16529.760000000002
2025-03,1200119,101070165,1584,13986.720000000001
2025-03,1200119,101070168,1152,10172.16
2025-03,1200140,101002188,144,1385.28
2025-03,1200140,101002402,144,1385.28
2025-03,1200140,101002859,1080,5281.2
2025-03,1200140,101003241,2520,12322.8
2025-03,1200140,101003346,216,3036.96
2025-03,1200140,101003347,1728,20649.6
2025-03,1200140,101003359,720,3520.8
2025-03,1200140,101003360,360,1760.4
2025-03,1200140,101004141,1782,23540.22
2025-03,1200140,101004174,720,3520.8
2025-03,1200140,101004183,360,1760.4
2025-03,1200140,101004224,5832,69692.4
2025-03,1200140,101004229,162,3418.2
2025-03,1200140,101004230,324,6836.4
2025-03,1200140,101004245,648,7743.6
2025-03,1200140,101004261,1296,27345.6
2025-03,1200140,101070153,288,2770.56
2025-03,1200140,101070154,288,2770.56
2025-03,1200140,101070156,288,2770.56
2025-03,1200140,101070162,1728,16623.36
2025-03,1200140,101070165,1008,9696.96
2025-03,1200148,101002188,144,1385.28
2025-03,1200148,101002612,150,1311.0
2025-03,1200148,101002715,0,-564.5
2025-03,1200148,101003346,108,1518.48
2025-03,1200148,101004141,1620,21400.2
2025-03,1200148,101004224,0,-898.85
2025-03,1200148,101004261,162,3418.2
2025-03,1200148,101070162,0,-964.9200000000001
2025-03,1200148,101070165,144,1385.28
2025-03,1200148,101070168,0,-1157.9099999999999
2025-03,1200153,101002381,600,8507.99
2025-03,1200153,101002612,900,8918.68
2025-03,1200153,101002715,0,-1562.6000000000001
2025-03,1200153,101002717,0,-363.44
2025-03,1200153,101003015,0,-2945.41
2025-03,1200153,101003241,825,-970.2600000000002
2025-03,1200153,101003347,0,-1136.66
2025-03,1200153,101004174,0,-2.74
2025-03,1200153,101004224,0,-2548.32
2025-03,1200153,101004229,936,21906.03
2025-03,1200153,101004230,1080,24717.32
2025-03,1200153,101004233,1344,13628.18
2025-03,1200153,101004257,0,-83.12
2025-03,1200153,101004261,0,-3911.7
2025-03,1200153,101005690,960,9975.390000000001
2025-03,1200153,101070017,192,1966.69
2025-03,1200153,101070153,189,1464.1599999999999
2025-03,1200153,101070154,0,-232.10000000000002
2025-03,1200153,101070156,504,3903.0600000000004
2025-03,1200153,101070158,0,-504.25
2025-03,1200153,101070162,504,4399.540000000001
2025-03,1200153,101070165,315,317.6200000000001
2025-03,1200153,101070168,126,-4345.3
2025-03,1200160,101002612,2550,23763.0
2025-03,1200160,101002859,2970,14947.35
2025-03,1200160,101003347,1560,19756.08
2025-03,1200160,101004174,3300,16557.75
2025-03,1200160,101004224,2400,30361.92
2025-03,1200160,101004261,2880,64506.24
2025-03,1200160,101070156,2268,21036.96
2025-03,1200160,101070162,1953,18116.91
2025-03,1200160,101070168,2268,21212.1
2025-03,1200173,101002612,150,1448.92
2025-03,1200173,101003346,0,-5.38
2025-03,1200173,101003347,192,2534.7799999999997
2025-03,1200173,101004141,0,-6.6
2025-03,1200173,101004224,192,2515.95
2025-03,1200173,101004230,144,3407.0099999999998
2025-03,1200173,101004261,144,3388.93
2025-03,1200173,101005690,192,1837.3799999999999
2025-03,1200173,101070156,189,1889.79
2025-03,1200173,101070158,189,1888.45
2025-03,1200173,101070162,315,3149.21
2025-03,1200173,101070165,126,1259.4199999999998
2025-03,1200173,101070168,189,1887.1100000000001
2025-03,1200176,101002402,216,2144.88
2025-03,1200176,101004257,160,1296.0
2025-03,1200176,101070153,216,2144.88
2025-03,1200176,101070154,216,2144.88
2025-03,1200176,101070156,324,3217.32
2025-03,1200176,101070158,216,2144.88
2025-03,1200176,101070162,324,3217.32
2025-03,1200176,101070165,216,2144.88
2025-03,1200176,101070168,540,5362.2
2025-03,1200180,101002188,144,1543.68
2025-03,1200180,101002402,720,7718.4
2025-03,1200180,101002715,360,2998.8
2025-03,1200180,101070156,432,4631.04
2025-03,1200180,101070158,288,3087.36
2025-03,1200180,101070162,720,7718.4
2025-03,1200180,101070165,432,4631.04
2025-03,1200180,101070168,1440,15436.8
2025-03,1200187,101003241,720,3463.2
2025-03,1200187,101003346,216,3002.4
2025-03,1200187,101004224,216,2550.96
2025-03,1200187,101004229,162,3389.04
2025-03,1200187,101004230,162,3389.04
2025-03,1200187,101070017,192,1589.76
2025-03,1200187,101070158,144,1357.92
2025-03,1200187,101070162,1296,12221.28
2025-03,1200187,101070165,576,5431.68
2025-03,1200187,101070168,432,4073.76
2025-03,1200188,101002381,150,1963.5
2025-03,1200188,101002612,450,4356.0
2025-03,1200188,101003241,660,3465.0
2025-03,1200188,101004224,576,7620.48
2025-03,1200188,101004261,144,3414.24
2025-03,1200188,101070156,567,5709.6900000000005
2025-03,1200188,101070158,630,6344.1
2025-03,1200188,101070162,5292,53290.44
2025-03,1200197,101002381,150,1141.3
2025-03,1200197,101002612,1050,8263.07
2025-03,1200197,101002715,2720,16538.88
2025-03,1200197,101002717,160,827.2900000000001
2025-03,1200197,101003015,432,3413.5299999999997
2025-03,1200197,101003241,2805,12975.269999999999
2025-03,1200197,101003347,0,-559.62
2025-03,1200197,101003360,0,-8.81
2025-03,1200197,101004174,0,-50.980000000000004
2025-03,1200197,101004224,4416,51488.79
2025-03,1200197,101004229,72,1641.3300000000002
2025-03,1200197,101004230,216,4874.09
2025-03,1200197,101004233,1536,13393.939999999999
2025-03,1200197,101004257,768,5029.53
2025-03,1200197,101004261,3096,65251.36000000001
2025-03,1200197,101070153,504,4470.34
2025-03,1200197,101070154,126,-1700.7400000000002
2025-03,1200197,101070156,1638,14063.890000000001
2025-03,1200197,101070158,252,882.9100000000001
2025-03,1200197,101070162,2205,16884.93
2025-03,1200197,101070165,2079,14741.44
2025-03,1200197,101070168,630,4550.89
2025-03,1200200,101002379,6854,54759.6
2025-03,1200200,101002612,11723,90208.53
2025-03,1200200,101002717,3420,26198.98
2025-03,1200200,101002859,14940,67513.64
2025-03,1200200,101003241,11520,57611.880000000005
2025-03,1200200,101003346,187,-1082.0299999999997
2025-03,1200200,101003359,3104,17094.09
2025-03,1200200,101004167,256,1538.4299999999998
2025-03,1200200,101004174,2520,12160.160000000002
2025-03,1200200,101004183,2454,10540.77
2025-03,1200200,101004224,949,14005.6
2025-03,1200200,101004229,108,2639.56
2025-03,1200200,101004233,5117,36126.6
2025-03,1200200,101004245,4,51.989999999999995
2025-03,1200200,101004261,537,13976.36
2025-03,1200200,101005690,1471,13160.130000000001
2025-03,1200200,101070154,441,3676.5700000000006
2025-03,1200200,101070155,658,2754.93
2025-03,1200200,101070156,2520,20557.500000000004
2025-03,1200200,101070161,3708,19379.18
2025-03,1200200,101070162,10045,102241.87999999999
2025-03,1200200,101070164,4202,20311.13
2025-03,1200200,101070165,360,2184.33
2025-03,1200200,101070168,10584,115890.3
2025-03,1200209,101002612,300,2820.65
2025-03,1200209,101002715,320,2666.1000000000004
2025-03,1200209,101002859,330,1824.25
2025-03,1200209,101003241,330,1688.6999999999998
2025-03,1200209,101070153,315,3342.95
2025-03,1200209,101070156,252,2636.5
2025-03,1200209,101070158,126,1215.85
2025-03,1200209,101070162,315,3431.25
2025-03,1200209,101070168,378,3944.25
2025-03,1200236,101002381,0,-9796.5
2025-03,1200236,101002612,900,1723.46
2025-03,1200236,101002715,720,5954.4
2025-03,1200236,101002859,720,1978.1999999999998
2025-03,1200236,101003241,3240,14450.4
2025-03,1200236,101003346,216,708.5099999999998
2025-03,1200236,101003347,3888,36230.130000000005
2025-03,1200236,101003359,360,1605.6
2025-03,1200236,101003360,720,3211.2
2025-03,1200236,101004141,2592,19260.15
2025-03,1200236,101004174,720,3211.2
2025-03,1200236,101004183,720,3211.2
2025-03,1200236,101004224,7992,89910.0
2025-03,1200236,101004229,162,3264.3
2025-03,1200236,101004230,162,3264.3
2025-03,1200236,101004233,768,6000.610000000001
2025-03,1200236,101004245,432,3053.75
2025-03,1200236,101004257,576,3563.55
2025-03,1200236,101004261,2754,50481.49
2025-03,1200236,101005690,192,1841.28
2025-03,1200236,101070017,0,0.0
2025-03,1200236,101070152,576,2465.28
2025-03,1200236,101070155,288,1232.64
2025-03,1200236,101070156,576,2679.38
2025-03,1200236,101070158,720,3868.8199999999997
2025-03,1200236,101070161,6048,25885.440000000002
2025-03,1200236,101070162,2592,21815.170000000002
2025-03,1200236,101070165,864,4016.4300000000007
2025-03,1200236,101070167,7488,32048.64
2025-03,1200236,101070168,2304,9588.25
2025-03,1200255,101002188,288,2744.6400000000003
2025-03,1200255,101002381,75,1040.25
2025-03,1200255,101002402,504,4962.96
2025-03,1200255,101002612,300,2790.0
2025-03,1200255,101002715,180,1332.0
2025-03,1200255,101002717,360,2928.6
2025-03,1200255,101002859,360,1875.6
2025-03,1200255,101003241,540,2705.3999999999996
2025-03,1200255,101003347,108,1387.8
2025-03,1200255,101003359,180,937.8
2025-03,1200255,101003360,180,937.8
2025-03,1200255,101004141,162,2195.1
2025-03,1200255,101004174,180,937.8
2025-03,1200255,101004224,216,2531.52
2025-03,1200255,101004257,96,814.08
2025-03,1200255,101004261,162,3564.0
2025-03,1200255,101070153,432,4330.08
2025-03,1200255,101070154,720,6968.16
2025-03,1200255,101070156,2304,22596.48
2025-03,1200255,101070158,576,5489.280000000001
2025-03,1200255,101070162,2880,28725.12
2025-03,1200255,101070165,1872,18159.84
2025-03,1200255,101070168,1728,16467.84
2025-03,1200256,101002715,1280,11392.0
2025-03,1200256,101002717,320,2848.0
2025-03,1200256,101002859,495,2880.9
2025-03,1200256,101003241,1320,7682.4
2025-03,1200256,101004224,2784,39310.08
2025-03,1200265,101002188,576,6156.87
2025-03,1200265,101002402,288,3162.85
2025-03,1200265,101002715,1440,12320.8
2025-03,1200265,101002717,0,-61.95
2025-03,1200265,101003015,0,-300.75
2025-03,1200265,101003241,0,-372.53000000000003
2025-03,1200265,101004174,0,-62.55
2025-03,1200265,101004224,0,-3346.65
2025-03,1200265,101004261,0,-5207.339999999999
2025-03,1200265,101070153,288,3162.85
2025-03,1200265,101070154,864,8788.26
2025-03,1200265,101070156,1728,17833.22
2025-03,1200265,101070158,720,7450.19
2025-03,1200265,101070162,1728,18929.17
2025-03,1200265,101070165,864,8680.56
2025-03,1200265,101070168,1008,10202.970000000001
2025-03,1200280,101002612,600,5766.0
2025-03,1200280,101002715,160,1312.0
2025-03,1200280,101002859,330,1712.7
2025-03,1200280,101003241,165,856.35
2025-03,1200280,101004174,165,856.35
2025-03,1200280,101004257,192,1555.2
2025-03,1200280,101070154,189,1876.77
2025-03,1200280,101070156,441,4379.13
2025-03,1200280,101070158,189,1876.77
2025-03,1200280,101070162,1512,15014.16
2025-03,1200280,101070165,1323,13137.39
2025-03,1200280,101070168,189,1876.77
2025-03,1200288,101002188,144,1285.92
2025-03,1200288,101002612,600,4926.0
2025-03,1200288,101004174,360,1580.4
2025-03,1200288,101070153,288,2571.84
2025-03,1200288,101070154,288,2571.84
2025-03,1200288,101070156,2448,21860.64
2025-03,1200288,101070158,576,5143.68
2025-03,1200288,101070162,4896,43721.28
2025-03,1200288,101070165,1152,10287.36
2025-03,1200288,101070168,2736,24432.480000000003
2025-03,1200363,101002612,900,7870.59
2025-03,1200363,101003241,2880,14427.51
2025-03,1200363,101004224,864,10323.33
2025-03,1200363,101004230,2106,45875.630000000005
2025-03,1200363,101004233,1152,10766.25
2025-03,1200363,101004261,5103,112035.51999999999
2025-03,1200363,101070156,0,0.0
2025-03,1200363,101070158,0,0.0
2025-03,1200363,101070162,288,2875.02
2025-03,1200363,101070168,0,0.0
2025-03,1200400,101003457,0,-172.5
2025-03,1200419,101002188,693,7456.68
2025-03,1200419,101002402,567,6100.92
2025-03,1200419,101002612,600,5898.0
2025-03,1200419,101002715,960,7786.3
2025-03,1200419,101002859,825,4364.25
2025-03,1200419,101003241,1155,6109.95
2025-03,1200419,101003346,480,6177.6
2025-03,1200419,101003359,495,2618.55
2025-03,1200419,101004141,216,3103.92
2025-03,1200419,101004174,825,4364.25
2025-03,1200419,101004230,432,10216.8
2025-03,1200419,101004233,576,5529.6
2025-03,1200419,101004245,288,3706.56
2025-03,1200419,101004261,720,17028.0
2025-03,1200419,101070153,945,10156.8
2025-03,1200419,101070154,1575,16924.2
2025-03,1200419,101070156,2016,21657.96
2025-03,1200419,101070162,1071,11512.56
2025-03,1200419,101070165,504,5411.64
2025-03,1200424,101002188,288,2571.84
2025-03,1200424,101002381,150,1942.5
2025-03,1200424,101002402,432,3857.76
2025-03,1200424,101002612,300,2463.0
2025-03,1200424,101002859,1080,4741.200000000001
2025-03,1200424,101003241,2160,9482.4
2025-03,1200424,101004257,192,1363.2
2025-03,1200424,101070153,288,2571.84
2025-03,1200424,101070154,432,3857.76
2025-03,1200424,101070156,864,7715.52
2025-03,1200424,101070158,864,7715.52
2025-03,1200424,101070162,1728,15431.04
2025-03,1200424,101070165,576,5143.68
2025-03,1200424,101070168,1152,10287.36
2025-03,1200441,101002381,300,3885.0
2025-03,1200441,101002402,117,1161.81
2025-03,1200441,101002612,165,1585.65
2025-03,1200441,101003241,540,2802.6000000000004
2025-03,1200441,101003347,120,1575.6
2025-03,1200441,101004224,432,5672.16
2025-03,1200441,101004261,486,11459.880000000001
2025-03,1200441,101070153,144,1429.92
2025-03,1200441,101070154,189,1876.77
2025-03,1200441,101070156,144,1429.92
2025-03,1200441,101070162,288,2859.84
2025-03,1200441,101070165,288,2859.84
2025-03,1200441,101070168,288,2949.21
2025-03,1200460,101002402,144,1271.52
2025-03,1200460,101002612,600,5016.0
2025-03,1200460,101003241,720,3290.4
2025-03,1200460,101003347,1296,14800.32
2025-03,1200460,101003360,360,1645.2
2025-03,1200460,101004233,192,1887.36
2025-03,1200460,101004261,648,13219.2
2025-03,1200460,101070017,192,1509.12
2025-03,1200460,101070156,288,2543.04
2025-03,1200460,101070158,288,2543.04
2025-03,1200460,101070162,432,3814.56
2025-03,1200460,101070165,144,1271.52
2025-03,1200460,101070168,432,3814.56
2025-03,1200505,101070153,864,7292.16
2025-03,1200505,101070162,1296,10290.24
2025-03,1200505,101070165,576,4573.44
2025-03,1200505,101070168,1440,11433.6
2025-03,1200514,101002381,2625,34671.01
2025-03,1200514,101002402,3654,36084.6
2025-03,1200514,101002715,2560,21027.98
2025-03,1200514,101003346,3552,45512.590000000004
2025-03,1200514,101004224,9024,115750.57
2025-03,1200514,101004233,5472,52616.65
2025-03,1200514,101004257,4704,39162.46
2025-03,1200514,101070153,3087,30309.129999999997
2025-03,1200514,101070154,504,4564.8099999999995
2025-03,1200514,101070156,5670,55673.869999999995
2025-03,1200514,101070158,0,-509.17
2025-03,1200514,101070162,14616,144128.12
2025-03,1200514,101070165,9135,91137.16
2025-03,1200514,101070168,4662,45144.78
2025-03,1200518,101001911,1725,25171.12
2025-03,1200518,101003648,8536,111517.29000000001
2025-03,1200518,101004098,59904,494389.2
2025-03,1200521,101002715,320,2694.4
2025-03,1200521,101003241,495,2663.1
2025-03,1200521,101003359,330,1775.4
2025-03,1200521,101003360,165,887.7
2025-03,1200521,101004174,495,2663.1
2025-03,1200521,101004196,0,-596.0
2025-03,1200521,101004200,0,-8.0
2025-03,1200521,101070153,567,5891.13
2025-03,1200521,101070154,378,3927.42
2025-03,1200521,101070156,630,6545.7
2025-03,1200521,101070162,441,4581.99
2025-03,1200521,101070163,405,6184.35
2025-03,1200548,101003346,384,484.77999999999986
2025-03,1200548,101004174,7425,42990.75
2025-03,1200548,101004196,1440,5688.719999999999
2025-03,1200548,101004224,18432,215661.66999999998
2025-03,1200548,101070156,4788,25006.200000000004
2025-03,1200548,101070162,5544,38472.07
2025-03,1200610,101002188,0,-115.86
2025-03,1200610,101002402,63,457.78000000000003
2025-03,1200610,101002715,320,2300.19
2025-03,1200610,101002717,0,-59.949999999999996
2025-03,1200610,101003241,0,-290.82
2025-03,1200610,101003347,0,-45.41
2025-03,1200610,101004141,0,-25.74
2025-03,1200610,101004174,0,-116.56
2025-03,1200610,101004224,96,966.2300000000001
2025-03,1200610,101004233,0,-22.76
2025-03,1200610,101004257,0,-75.2
2025-03,1200610,101004261,0,-42.44
2025-03,1200610,101005690,0,-47.71
2025-03,1200610,101070153,126,924.47
2025-03,1200610,101070154,126,1088.31
2025-03,1200610,101070156,630,5478.41
2025-03,1200610,101070158,252,2427.29
2025-03,1200610,101070162,819,7436.6900000000005
2025-03,1200610,101070165,567,4704.45
2025-03,1200610,101070168,441,3971.4000000000005
2025-03,1200611,101002188,63,575.5400000000001
2025-03,1200611,101002402,63,606.82
2025-03,1200611,101002612,75,717.15
2025-03,1200611,101002715,640,5221.76
2025-03,1200611,101002717,0,-32.8
2025-03,1200611,101003241,165,316.85
2025-03,1200611,101004141,0,-25.74
2025-03,1200611,101004174,165,787.84
2025-03,1200611,101004224,1440,13531.0
2025-03,1200611,101004233,0,-136.5
2025-03,1200611,101004257,48,386.86
2025-03,1200611,101004261,144,3378.53
2025-03,1200611,101005690,0,-273.03
2025-03,1200611,101070153,0,-31.28
2025-03,1200611,101070154,0,-62.56
2025-03,1200611,101070156,756,6953.43
2025-03,1200611,101070158,630,5755.42
2025-03,1200611,101070162,1638,15292.54
2025-03,1200611,101070165,63,524.8100000000001
2025-03,1200611,101070168,630,5395.71
2025-03,1200649,101002188,360,3027.9500000000003
2025-03,1200649,101002402,288,2430.72
2025-03,1200649,101002612,450,3676.5
2025-03,1200649,101002715,0,-118.68
2025-03,1200649,101002859,180,786.9699999999999
2025-03,1200649,101003015,0,-15.52
2025-03,1200649,101003241,540,2367.7400000000002
2025-03,1200649,101003346,216,2825.71
2025-03,1200649,101003347,108,1184.55
2025-03,1200649,101004141,243,2946.4100000000003
2025-03,1200649,101004224,0,-114.02
2025-03,1200649,101004261,648,12958.0
2025-03,1200649,101070040,119,963.9
2025-03,1200649,101070153,288,2430.72
2025-03,1200649,101070154,72,607.68
2025-03,1200649,101070156,0,-5.23
2025-03,1200649,101070162,0,-52.26
2025-03,1200649,101070165,0,-36.58
2025-03,1200649,101070168,1296,10906.88
2025-03,1200654,101001911,10650,127215.93
2025-03,1200654,101002622,320,4075.52
2025-03,1200654,101003648,13288,143701.5
2025-03,1200654,101004098,32928,310395.24
2025-03,1200654,101004125,180,2539.64
2025-03,1200654,101070163,180,2575.44
2025-03,1200657,101001911,18000,267575.4
2025-03,1200657,101003648,14256,186245.37
2025-03,1200657,101004098,28800,271640.01
2025-03,1200659,101001911,6900,102570.59
2025-03,1200659,101002622,47040,402267.55
2025-03,1200659,101003648,15312,200041.33
2025-03,1200659,101004098,48384,349686.91
2025-03,1200659,101004125,225,3174.5499999999997
2025-03,1200659,101070163,270,3863.16
2025-03,1200664,101002188,252,2502.36
2025-03,1200664,101002402,126,1251.18
2025-03,1200664,101002715,0,-1.09
2025-03,1200664,101003241,0,-7.61
2025-03,1200664,101004224,0,-3191.45
2025-03,1200664,101070153,189,1876.77
2025-03,1200664,101070154,315,3127.95
2025-03,1200664,101070156,315,2682.43
2025-03,1200664,101070158,189,1462.3600000000001
2025-03,1200664,101070162,1071,9637.91
2025-03,1200664,101070165,252,2502.36
2025-03,1200664,101070168,1071,10162.58
2025-03,1200671,101001911,525,7804.300000000001
2025-03,1200671,101002622,720,9169.92
2025-03,1200671,101003648,15048,197128.21000000002
2025-03,1200671,101004098,55584,526602.72
2025-03,1200671,101004125,675,9523.65
2025-03,1200671,101070163,1440,20603.65
2025-03,1200682,101001911,2025,30102.24
2025-03,1200682,101002622,480,5513.11
2025-03,1200682,101003648,13728,179347.4
2025-03,1200682,101004098,48192,454575.87
2025-03,1200682,101004125,180,2539.64
2025-03,1200682,101004167,0,-35621.02
2025-03,1200682,101070163,180,2575.44
2025-03,1200695,101002381,300,3885.0
2025-03,1200695,101002612,150,1441.5
2025-03,1200695,101003241,330,1712.7
2025-03,1200695,101003360,330,1712.7
2025-03,1200695,101004174,330,1712.7
2025-03,1200695,101004233,288,2730.24
2025-03,1200695,101005690,288,2730.24
2025-03,1200698,101002381,150,1963.5
2025-03,1200698,101002612,300,2469.0
2025-03,1200698,101003241,720,3211.2
2025-03,1200698,101003347,432,4860.0
2025-03,1200698,101003360,180,802.8
2025-03,1200698,101004141,162,1987.74
2025-03,1200698,101004224,25920,291600.0
2025-03,1200698,101004261,2268,45700.200000000004
2025-03,1200698,101070156,576,4930.56
2025-03,1200698,101070158,216,1848.96
2025-03,1200698,101070162,2304,19722.239999999998
2025-03,1200698,101070165,1152,9861.12
2025-03,1200698,101070168,1008,8628.48
2025-03,1200711,101001911,11400,132806.5
2025-03,1200711,101002622,800,7235.15
2025-03,1200711,101003648,15400,201073.94999999998
2025-03,1200711,101004098,36480,343698.39
2025-03,1200711,101004125,3060,42961.18
2025-03,1200711,101070163,17415,248325.09
2025-03,1200711,101070166,810,11589.52
2025-03,1200713,101002612,300,2622.0
2025-03,1200713,101002715,720,6357.6
2025-03,1200713,101002716,324,3097.44
2025-03,1200713,101002859,360,1760.4
2025-03,1200713,101003347,432,5162.4
2025-03,1200713,101003359,720,3520.8
2025-03,1200713,101004141,972,12840.12
2025-03,1200713,101004224,648,7743.6
2025-03,1200713,101004245,216,2581.2
2025-03,1200713,101004257,192,1756.8
2025-03,1200713,101004261,324,6836.4
2025-03,1200713,101070152,288,1385.28
2025-03,1200713,101070155,288,1385.28
2025-03,1200713,101070167,288,1385.28
2025-03,1200718,101002402,144,1396.8
2025-03,1200718,101002612,300,2254.5299999999997
2025-03,1200718,101002715,360,2792.29
2025-03,1200718,101002716,1944,18281.53
2025-03,1200718,101002717,1440,12505.53
2025-03,1200718,101002859,2160,10393.8
2025-03,1200718,101003241,5400,26101.2
2025-03,1200718,101003346,1080,14866.68
2025-03,1200718,101003347,6676,77041.82
2025-03,1200718,101003359,1440,6851.4
2025-03,1200718,101003360,3600,17245.2
2025-03,1200718,101004141,5655,73211.83
2025-03,1200718,101004174,720,3309.0
2025-03,1200718,101004224,54000,644715.98
2025-03,1200718,101004229,486,9633.4
2025-03,1200718,101004230,486,9491.29
2025-03,1200718,101004245,3951,46773.8
2025-03,1200718,101004257,0,-227.24
2025-03,1200718,101004261,1944,36225.01
2025-03,1200718,101070017,192,1628.16
2025-03,1200718,101070153,144,1396.8
2025-03,1200718,101070156,0,-275.97
2025-03,1200718,101070158,144,1290.47
2025-03,1200718,101070162,576,4851.28
2025-03,1200718,101070164,288,1644.48
2025-03,1200718,101070165,144,936.8499999999999
2025-03,1200718,101070168,2592,25036.07
2025-03,1200719,101002402,576,5587.2
2025-03,1200719,101002612,600,5268.0
2025-03,1200719,101002715,0,-1627.26
2025-03,1200719,101002716,648,6220.8
2025-03,1200719,101002859,540,2656.8
2025-03,1200719,101003241,1440,6989.900000000001
2025-03,1200719,101003359,540,2656.8
2025-03,1200719,101003360,1080,5218.7
2025-03,1200719,101004141,1620,21283.18
2025-03,1200719,101004174,180,885.6
2025-03,1200719,101004183,180,885.6
2025-03,1200719,101004224,1728,17958.73
2025-03,1200719,101004230,162,3427.92
2025-03,1200719,101004245,216,2592.0
2025-03,1200719,101004261,810,17139.6
2025-03,1200719,101070153,576,5587.2
2025-03,1200719,101070154,576,5587.2
2025-03,1200719,101070156,720,6853.37
2025-03,1200719,101070158,144,1266.17
2025-03,1200719,101070162,1296,12142.479999999998
2025-03,1200719,101070165,864,8269.16
2025-03,1200719,101070168,1152,10689.859999999999
2025-03,1200720,101002381,450,6660.0
2025-03,1200720,101002402,144,1385.28
2025-03,1200720,101002612,300,2622.0
2025-03,1200720,101002715,0,-498.17
2025-03,1200720,101002716,324,3009.18
2025-03,1200720,101002717,0,-90.58
2025-03,1200720,101003015,288,4443.84
2025-03,1200720,101003241,360,1760.4
2025-03,1200720,101003346,216,3036.96
2025-03,1200720,101003347,216,2421.2899999999995
2025-03,1200720,101003359,360,1760.4
2025-03,1200720,101003360,360,1701.42
2025-03,1200720,101004141,810,10180.81
2025-03,1200720,101004174,0,-414.0
2025-03,1200720,101004183,360,1760.4
2025-03,1200720,101004224,0,-2293.21
2025-03,1200720,101004229,162,3246.35
2025-03,1200720,101004230,162,3206.5
2025-03,1200720,101004233,384,3985.91
2025-03,1200720,101004245,648,7743.6
2025-03,1200720,101004257,192,1706.74
2025-03,1200720,101004261,486,10254.6
2025-03,1200720,101070152,288,1385.28
2025-03,1200720,101070155,288,1385.28
2025-03,1200720,101070158,144,1385.28
2025-03,1200720,101070161,576,2770.56
2025-03,1200720,101070162,144,1315.61
2025-03,1200720,101070164,576,2770.56
2025-03,1200720,101070165,144,1362.06
2025-03,1200720,101070167,576,2770.56
2025-03,1200720,101070168,144,1315.61
2025-03,1200742,101002612,2700,25675.0
2025-03,1200742,101002715,3960,32186.0
2025-03,1200742,101002717,720,5660.0
2025-03,1200742,101070153,1296,12621.16
2025-03,1200742,101070154,3456,33652.76
2025-03,1200742,101070156,3168,30812.28
2025-03,1200742,101070158,1584,14748.41
2025-03,1200742,101070162,3456,33484.76
2025-03,1200742,101070165,1152,11240.92
2025-03,1200753,101002188,432,4730.4
2025-03,1200753,101002402,288,3153.6
2025-03,1200753,101002859,1080,5767.200000000001
2025-03,1200753,101070153,1296,14191.2
2025-03,1200753,101070154,432,4730.4
2025-03,1200753,101070156,1296,14191.2
2025-03,1200753,101070158,1296,14191.2
2025-03,1200753,101070162,1152,12614.4
2025-03,1200753,101070165,1008,11037.599999999999
2025-03,1200753,101070168,1008,11037.599999999999
2025-03,1200761,101002402,432,4497.12
2025-03,1200761,101002715,270,2494.8
2025-03,1200761,101002717,180,1663.2
2025-03,1200761,101070152,504,2620.8
2025-03,1200761,101070158,288,2998.08
2025-03,1200761,101070162,720,7495.2
2025-03,1200761,101070165,1080,11242.8
2025-03,1200761,101070168,360,3747.6
2025-03,1200763,101001911,423,6226.18
2025-03,1200763,101002227,0,-22.67
2025-03,1200763,101002402,2264,21037.52
2025-03,1200763,101002612,20850,183656.08000000002
2025-03,1200763,101002715,179,1287.5
2025-03,1200763,101002859,855,4161.3
2025-03,1200763,101003241,24028,116924.07
2025-03,1200763,101003346,14264,164122.08
2025-03,1200763,101003347,10848,124813.65999999999
2025-03,1200763,101003359,1942,9448.31
2025-03,1200763,101004141,4652,62325.689999999995
2025-03,1200763,101004224,50208,578164.63
2025-03,1200763,101004229,7835,162094.43
2025-03,1200763,101004230,16403,339321.08999999997
2025-03,1200763,101004233,8391,74478.1
2025-03,1200763,101004245,122,1403.59
2025-03,1200763,101004257,5264,34526.95
2025-03,1200763,101004261,34340,710355.2000000001
2025-03,1200763,101005690,5995,53153.77
2025-03,1200763,101005699,0,-3.18
2025-03,1200763,101070153,24825,230895.96
2025-03,1200763,101070154,1560,14507.35
2025-03,1200763,101070156,26405,245571.84
2025-03,1200763,101070158,190,1765.78
2025-03,1200763,101070161,62940,293920.0
2025-03,1200763,101070162,2643,24565.39
2025-03,1200763,101070164,42117,196659.88
2025-03,1200763,101070165,4305,40033.34
2025-03,1200763,101070168,4262,39641.3
2025-03,1200769,101002612,2400,22404.6
2025-03,1200769,101002715,3600,29218.33
2025-03,1200769,101002716,1944,17303.55
2025-03,1200769,101002717,2880,23350.68
2025-03,1200769,101002859,720,3920.4
2025-03,1200769,101003015,1152,15984.869999999999
2025-03,1200769,101003241,1440,7497.360000000001
2025-03,1200769,101003346,432,5657.04
2025-03,1200769,101003347,432,5657.04
2025-03,1200769,101004174,720,3745.44
2025-03,1200769,101004224,2376,30625.769999999997
2025-03,1200769,101004229,648,14623.74
2025-03,1200769,101004230,810,18421.83
2025-03,1200769,101004233,576,5655.75
2025-03,1200769,101004257,576,5054.4
2025-03,1200769,101004261,2106,47112.32
2025-03,1200769,101070154,1584,16647.12
2025-03,1200769,101070156,2304,24670.66
2025-03,1200769,101070158,1008,10965.46
2025-03,1200769,101070162,3312,35159.19
2025-03,1200769,101070165,3312,34490.44
2025-03,1200769,101070168,2304,23747.91
2025-03,1200771,101002188,0,-0.98
2025-03,1200771,101002402,9,100.72
2025-03,1200771,101002612,750,7541.81
2025-03,1200771,101002715,1280,11083.33
2025-03,1200771,101002717,160,1380.63
2025-03,1200771,101003241,660,3746.36
2025-03,1200771,101003346,96,1292.12
2025-03,1200771,101003347,384,5312.41
2025-03,1200771,101004224,1248,17217.69
2025-03,1200771,101004245,216,2859.62
2025-03,1200771,101070153,9,101.7
2025-03,1200771,101070154,9,100.72
2025-03,1200771,101070156,378,4205.32
2025-03,1200771,101070158,189,2108.12
2025-03,1200771,101070162,315,3539.95
2025-03,1200771,101070165,252,2820.67
2025-03,1200771,101070168,315,3499.83
2025-03,1200781,101002715,2400,18964.1
2025-03,1200781,101002717,800,6477.3
2025-03,1200781,101003241,330,1668.38
2025-03,1200781,101003346,0,-2217.12
2025-03,1200781,101004174,0,-51.82
2025-03,1200781,101004261,576,13369.859999999999
2025-03,1200781,101070156,1512,14616.33
2025-03,1200781,101070162,1638,15787.98
2025-03,1200781,101070165,819,7157.370000000001
2025-03,1200781,101070168,1197,11447.970000000001
2025-03,1200785,101002188,252,1900.27
2025-03,1200785,101002402,315,2049.4700000000003
2025-03,1200785,101002612,150,1089.22
2025-03,1200785,101002715,160,-587.67
2025-03,1200785,101002717,0,-279.27
2025-03,1200785,101002859,0,-313.43
2025-03,1200785,101003241,330,1399.48
2025-03,1200785,101004174,165,706.1600000000001
2025-03,1200785,101070153,189,1061.7899999999997
2025-03,1200785,101070154,441,2997.8300000000004
2025-03,1200785,101070156,567,3367.6700000000005
2025-03,1200785,101070158,378,2479.3499999999995
2025-03,1200785,101070162,315,1460.86
2025-03,1200785,101070165,315,1593.3999999999999
2025-03,1200785,101070168,693,5638.259999999999
2025-03,1200786,101002402,819,8641.33
2025-03,1200786,101002612,300,2723.7200000000003
2025-03,1200786,101002859,825,4399.78
2025-03,1200786,101003241,1485,8086.5
2025-03,1200786,101003359,495,2626.29
2025-03,1200786,101004141,162,2185.37
2025-03,1200786,101004174,825,4409.33
2025-03,1200786,101004224,1248,15203.98
2025-03,1200786,101004261,360,8033.01
2025-03,1200786,101070153,756,7930.93
2025-03,1200786,101070154,1386,14807.62
2025-03,1200786,101070156,1323,13991.93
2025-03,1200786,101070158,882,9468.28
2025-03,1200786,101070162,945,10138.65
2025-03,1200786,101070165,693,7334.62
2025-03,1200786,101070168,1764,18885.62
2025-03,1200793,101002859,330,2379.3
2025-03,1200793,101003241,330,2379.3
2025-03,1200793,101004174,660,4758.6
2025-03,1200793,101070154,756,11014.92
2025-03,1200793,101070156,126,1835.82
2025-03,1200793,101070158,252,3671.64
2025-03,1200793,101070162,882,12850.74
2025-03,1200793,101070165,126,1821.25
2025-03,1200793,101070168,693,10097.009999999998
2025-03,1200821,101002715,0,-120.71
2025-03,1200821,101003241,0,-52.53
2025-03,1200821,101003347,0,-153.73
2025-03,1200821,101004141,0,-159.44
2025-03,1200821,101004229,0,-50.83
2025-03,1200821,101004230,0,-50.83
2025-03,1200821,101004245,0,-76.87
2025-03,1200821,101004261,0,-50.83
2025-03,1200821,101070161,0,-62.17
2025-03,1200821,101070162,0,-62.11
2025-03,1200821,101070168,0,-62.11
2025-03,1200826,101002715,40,289.2
2025-03,1200826,101002859,50,235.5
2025-03,1200826,101003360,30,141.3
2025-03,1200826,101070154,20,158.2
2025-03,1200826,101070165,20,158.2
2025-03,1200839,101002188,0,-98.08
2025-03,1200839,101002402,0,-98.08
2025-03,1200839,101002612,0,-196.42
2025-03,1200839,101002859,0,-63.92
2025-03,1200839,101003241,0,-127.84
2025-03,1200839,101003346,0,-386.62
2025-03,1200839,101003359,0,-63.92
2025-03,1200839,101003360,0,-63.92
2025-03,1200839,101004174,0,-63.92
2025-03,1200839,101004183,0,-63.92
2025-03,1200839,101004224,0,-386.58
2025-03,1200839,101004229,0,-129.9
2025-03,1200839,101004230,0,-129.9
2025-03,1200839,101004233,0,-124.54
2025-03,1200839,101004257,0,-106.62
2025-03,1200839,101004261,0,-129.9
2025-03,1200839,101005690,0,-62.27
2025-03,1200839,101070017,0,-124.54
2025-03,1200839,101070153,0,-147.12
2025-03,1200839,101070156,0,-147.12
2025-03,1200839,101070158,0,-147.12
2025-03,1200839,101070162,0,-147.12
2025-03,1200839,101070165,0,-147.12
2025-03,1200839,101070168,0,-147.12
2025-03,1200841,101002381,5550,72330.0
2025-03,1200841,101002612,6600,55556.54
2025-03,1200841,101002859,15480,78677.33
2025-03,1200841,101003241,6480,33721.76
2025-03,1200841,101003347,6588,74120.72
2025-03,1200841,101004224,29376,344058.2
2025-03,1200841,101004229,2430,37540.78
2025-03,1200841,101004230,3888,55773.399999999994
2025-03,1200841,101004233,7296,60638.1
2025-03,1200841,101004261,12636,201104.89
2025-03,1200841,101005690,4800,40165.909999999996
2025-03,1200841,101005693,1620,5331.880000000001
2025-03,1200841,101005699,0,-1935.36
2025-03,1200841,101070017,3840,34221.92
2025-03,1200841,101070026,68,47563.97
2025-03,1200841,101070152,6624,28375.18
2025-03,1200841,101070155,10368,44064.66
2025-03,1200841,101070157,0,-254.75
2025-03,1200841,101070161,13536,60665.14
2025-03,1200841,101070164,6912,27255.88
2025-03,1200841,101070167,8928,34098.16
2025-03,1200854,101002715,1800,11898.0
2025-03,1200854,101002716,324,2624.4
2025-03,1200854,101002717,360,2473.2
2025-03,1200854,101003241,720,3898.8
2025-03,1200854,101004224,2160,24775.2
2025-03,1200854,101004245,216,2779.92
2025-03,1200854,101070153,0,-100.8
2025-03,1200854,101070156,288,2090.88
2025-03,1200854,101070162,432,3892.3199999999997
2025-03,1200854,101070165,144,1196.6399999999999
2025-03,1200854,101070168,576,5189.76
2025-03,1200872,101002715,0,4.547473508864641e-13
2025-03,1200872,101003241,720,3211.2
2025-03,1200872,101003347,864,9720.0
2025-03,1200872,101003359,360,1605.6
2025-03,1200872,101003360,360,1605.6
2025-03,1200872,101004141,648,7950.96
2025-03,1200872,101004224,0,0.0
2025-03,1200872,101004245,1080,12150.0
2025-03,1200872,101070162,432,3697.92
2025-03,1200872,101070165,144,1232.64
2025-03,1200872,101070168,144,1232.64
2025-03,1200887,101070153,504,4848.48
2025-03,1200887,101070156,252,2424.24
2025-03,1200887,101070162,1512,14545.44
2025-03,1200887,101070165,441,4242.42
2025-03,1200887,101070168,1071,10303.02
2025-03,1200890,101002717,160,1411.2
2025-03,1200890,101003241,165,947.1
2025-03,1200915,101002402,63,812.07
2025-03,1200915,101003241,330,2105.4
2025-03,1200915,101004174,660,4210.8
2025-03,1200915,101004257,96,991.68
2025-03,1200915,101070153,252,3248.28
2025-03,1200915,101070156,315,4060.35
2025-03,1200915,101070158,63,812.07
2025-03,1200915,101070162,315,4060.35
2025-03,1200915,101070165,252,3248.28
2025-03,1200915,101070168,252,3248.28
2025-03,1200918,101002188,162,1663.74
2025-03,1200918,101002402,216,2218.32
2025-03,1200918,101070153,324,3327.48
2025-03,1200918,101070154,324,3327.48
2025-03,1200918,101070156,810,8318.7
2025-03,1200918,101070162,756,7764.12
2025-03,1200918,101070165,324,3327.48
2025-03,1200918,101070168,324,3327.48
2025-03,1200927,101002612,300,2451.0
2025-03,1200927,101003133,1080,7084.8
2025-03,1200927,101003347,216,2268.0
2025-03,1200927,101003457,720,3175.2
2025-03,1200927,101004219,648,4633.2
2025-03,1200927,101004233,192,1547.52
2025-03,1200927,101004261,324,6110.64
2025-03,1200929,101003346,648,8573.04
2025-03,1200929,101004141,810,9938.7
2025-03,1200929,101004245,1080,12150.0
2025-03,1200933,101002612,300,2451.0
2025-03,1200933,101002715,720,5904.0
2025-03,1200933,101002717,360,2952.0
2025-03,1200933,101002859,180,793.8
2025-03,1200933,101003015,288,4245.12
2025-03,1200933,101003241,360,1587.6
2025-03,1200933,101003346,432,5672.16
2025-03,1200933,101004174,180,793.8
2025-03,1200933,101004224,216,2410.56
2025-03,1200933,101004261,162,3246.48
2025-03,1200933,101070040,238,1927.8
2025-03,1200933,101070156,288,2430.72
2025-03,1200933,101070162,576,4861.44
2025-03,1200933,101070165,576,4861.44
2025-03,1200933,101070168,432,3646.08
2025-03,1200943,101002859,360,2052.0
2025-03,1200943,101003241,720,4104.0
2025-03,1200943,101004174,360,2052.0
2025-03,1200943,101070154,288,3225.6
2025-03,1200943,101070156,144,1612.8
2025-03,1200943,101070162,288,3225.6
2025-03,1200943,101070165,144,1612.8
2025-03,1200948,101002381,150,1942.5
2025-03,1200948,101002859,180,793.8
2025-03,1200948,101003347,432,5188.32
2025-03,1200948,101003359,180,793.8
2025-03,1200948,101004141,648,7879.68
2025-03,1200948,101004174,180,793.8
2025-03,1200948,101004183,180,793.8
2025-03,1200948,101004224,1080,12052.8
2025-03,1200948,101004229,162,3246.48
2025-03,1200948,101004230,162,3222.9
2025-03,1200948,101004245,216,2410.56
2025-03,1200948,101004261,486,9739.44
2025-03,1200948,101070040,238,1927.8
2025-03,1200949,101002381,75,1104.75
2025-03,1200949,101002402,0,-302.9
2025-03,1200949,101002612,0,-160.68
2025-03,1200949,101002716,0,-191.86
2025-03,1200949,101002859,0,-123.85
2025-03,1200949,101003241,0,-375.91999999999996
2025-03,1200949,101003346,216,2502.51
2025-03,1200949,101003347,0,-498.15999999999997
2025-03,1200949,101003360,0,-53.93
2025-03,1200949,101004141,486,5826.410000000001
2025-03,1200949,101004174,0,-53.93
2025-03,1200949,101004183,0,-53.93
2025-03,1200949,101004224,0,-3012.45
2025-03,1200949,101004229,0,-124.53
2025-03,1200949,101004230,0,-124.53
2025-03,1200949,101004233,0,-115.28
2025-03,1200949,101004257,0,-108.82
2025-03,1200949,101004261,0,-668.03
2025-03,1200949,101005690,0,-60.48
2025-03,1200949,101070153,72,599.6999999999999
2025-03,1200949,101070156,288,2272.6
2025-03,1200949,101070158,0,-396.99
2025-03,1200949,101070162,576,4797.53
2025-03,1200949,101070165,432,4070.9100000000003
2025-03,1200949,101070168,1728,14803.53
2025-03,1200969,101070156,108,1220.4
2025-03,1200969,101070162,324,3661.2
2025-03,1200969,101070165,432,4881.6
2025-03,1200969,101070168,432,4881.6
2025-03,1200973,101002188,126,1397.34
2025-03,1200973,101002715,160,1395.2
2025-03,1200973,101002717,160,1395.2
2025-03,1200973,101002859,165,933.9
2025-03,1200973,101003241,330,1867.8
2025-03,1200973,101003359,165,933.9
2025-03,1200973,101004174,165,933.9
2025-03,1200973,101070153,126,1397.34
2025-03,1200973,101070154,126,1397.34
2025-03,1200973,101070156,63,698.67
2025-03,1200973,101070158,63,698.67
2025-03,1200973,101070162,126,1397.34
2025-03,1200973,101070165,126,1397.34
2025-03,1200973,101070168,441,4890.69
2025-03,1200976,101002612,150,1551.53
2025-03,1200976,101003241,330,1995.8799999999999
2025-03,1200976,101070153,63,473.02000000000004
2025-03,1200976,101070154,63,309.62
2025-03,1200976,101070156,189,2122.0899999999997
2025-03,1200976,101070162,63,319.30999999999995
2025-03,1200976,101070165,63,353.37000000000006
2025-03,1200976,101070168,0,-685.25
2025-03,1200978,101002402,0,-1.39
2025-03,1200978,101070158,0,-4.17
2025-03,1200978,101070162,0,-2.78
2025-03,1200978,101070165,0,-15.29
2025-03,1200984,101004224,14472,195039.36
2025-03,1200985,101001911,2100,21056.47
2025-03,1200985,101002622,4400,27474.560000000005
2025-03,1200985,101003648,1848,21196.46
2025-03,1200985,101004098,5952,49069.29
2025-03,1200985,101004125,3825,47578.729999999996
2025-03,1200985,101070163,4815,58348.03
2025-03,1200989,101001911,1800,26892.0
2025-03,1200989,101004196,2784,26396.32
2025-03,1200989,101070163,3375,45490.5
2025-03,1200989,101070166,4860,61975.8
2025-03,1200995,101002188,144,1396.8
2025-03,1200995,101002402,144,1396.8
2025-03,1200995,101002715,1080,9579.6
2025-03,1200995,101002716,648,6220.8
2025-03,1200995,101002717,0,-295.38
2025-03,1200995,101002859,360,1771.2
2025-03,1200995,101003346,216,3049.92
2025-03,1200995,101003347,216,1745.62
2025-03,1200995,101003360,360,1771.2
2025-03,1200995,101004141,162,981.0000000000002
2025-03,1200995,101004174,360,1771.2
2025-03,1200995,101004183,360,1771.2
2025-03,1200995,101004224,648,7776.0
2025-03,1200995,101004229,162,3054.78
2025-03,1200995,101004230,162,3427.92
2025-03,1200995,101004233,192,2035.2
2025-03,1200995,101004245,0,-846.38
2025-03,1200995,101004257,192,1770.24
2025-03,1200995,101004261,0,-1492.54
2025-03,1200995,101070153,144,1396.8
2025-03,1200995,101070154,144,1244.81
2025-03,1200995,101070156,144,1244.81
2025-03,1200995,101070162,576,4979.26
2025-03,1200995,101070165,144,940.8399999999999
2025-03,1200995,101070168,0,-607.94
2025-03,1200996,101070162,63,625.59
2025-03,1200996,101070165,63,625.59
2025-03,1201001,101002612,0,-2022.77
2025-03,1201001,101004224,0,-8246.08
2025-03,1201001,101004230,0,-597.6
2025-03,1201001,101004261,0,-5180.4
2025-03,1201002,101070156,144,1143.36
2025-03,1201002,101070158,72,607.68
2025-03,1201002,101070162,2160,17150.4
2025-03,1201002,101070165,1008,8003.52
2025-03,1201002,101070168,360,2858.4
2025-03,1201009,101003241,360,1406.9299999999998
2025-03,1201009,101003346,108,996.88
2025-03,1201009,101003347,108,996.88
2025-03,1201009,101003359,180,703.4599999999999
2025-03,1201009,101003360,180,703.4599999999999
2025-03,1201009,101004224,216,1993.75
2025-03,1201009,101004245,216,1993.75
2025-03,1201009,101004257,192,1132.17
2025-03,1201009,101004261,162,2685.9300000000003
2025-03,1201012,101002188,576,4861.44
2025-03,1201012,101002381,150,1942.5
2025-03,1201012,101002402,288,2430.72
2025-03,1201012,101002612,1500,12255.0
2025-03,1201012,101002715,360,-8856.0
2025-03,1201012,101002859,720,3175.2
2025-03,1201012,101003241,1440,6350.4
2025-03,1201012,101003346,648,8508.24
2025-03,1201012,101003347,432,4821.12
2025-03,1201012,101003360,720,3175.2
2025-03,1201012,101004141,162,1968.3
2025-03,1201012,101004183,360,1587.6
2025-03,1201012,101004224,864,9642.24
2025-03,1201012,101004229,162,3246.48
2025-03,1201012,101004230,324,6492.96
2025-03,1201012,101004233,384,3640.32
2025-03,1201012,101004245,864,9642.24
2025-03,1201012,101004257,192,1555.2
2025-03,1201012,101004261,324,6492.96
2025-03,1201012,101005690,192,1820.16
2025-03,1201012,101070153,144,1215.36
2025-03,1201012,101070154,864,7292.16
2025-03,1201012,101070156,432,3646.08
2025-03,1201012,101070158,432,3646.08
2025-03,1201012,101070162,864,7292.16
2025-03,1201012,101070165,720,6076.799999999999
2025-03,1201012,101070168,1008,8507.52
2025-03,1201014,101003241,300,1431.0
2025-03,1201014,101003347,120,1411.2
2025-03,1201014,101003359,150,715.5
2025-03,1201014,101003360,150,715.5
2025-03,1201014,101004141,270,3427.2
2025-03,1201014,101004224,480,5644.8
2025-03,1201014,101004230,23,451.03
2025-03,1201014,101004257,80,711.2
2025-03,1201016,101002402,0,-324.83
2025-03,1201016,101003241,0,-789.53
2025-03,1201016,101004174,0,-526.35
2025-03,1201016,101004257,0,-112.42
2025-03,1201016,101070153,0,-812.07
2025-03,1201016,101070156,0,-730.86
2025-03,1201016,101070158,0,-284.22
2025-03,1201016,101070162,0,-730.86
2025-03,1201016,101070165,0,-487.24
2025-03,1201016,101070168,0,-487.24
2025-03,1201020,101003241,1440,6422.4
2025-03,1201020,101003347,216,2430.0
2025-03,1201020,101003359,360,1605.6
2025-03,1201020,101003360,720,3211.2
2025-03,1201020,101004141,324,3975.48
2025-03,1201020,101004224,0,-4276.8
2025-03,1201020,101004257,384,3152.64
2025-03,1201020,101070162,864,7395.84
2025-03,1201020,101070165,288,2465.28
2025-03,1201020,101070168,432,3697.92
2025-03,1201029,101002188,288,2282.41
2025-03,1201029,101003133,1080,6630.64
2025-03,1201029,101003241,0,-290.68
2025-03,1201029,101003346,432,4241.85
2025-03,1201029,101003347,0,-147.08
2025-03,1201029,101003456,1008,7469.51
2025-03,1201029,101003457,648,2857.68
2025-03,1201029,101004141,0,-120.14
2025-03,1201029,101004245,216,1973.85
2025-03,1201029,101070156,0,-74.15
2025-03,1201029,101070158,288,2430.72
2025-03,1201029,101070168,0,-111.23
2025-03,1201031,101002381,300,3927.0
2025-03,1201031,101002612,300,2469.0
2025-03,1201031,101003241,720,3211.2
2025-03,1201031,101004141,486,5900.04
2025-03,1201031,101004230,162,3264.3
2025-03,1201031,101004233,384,3682.56
2025-03,1201031,101004245,432,4860.0
2025-03,1201031,101004257,192,1576.32
2025-03,1201031,101004261,324,6528.6
2025-03,1201031,101070156,864,7395.84
2025-03,1201031,101070158,864,7395.84
2025-03,1201031,101070162,576,4930.56
2025-03,1201031,101070165,288,2465.28
2025-03,1201031,101070168,576,4930.56
2025-03,1201033,101002188,216,1823.04
2025-03,1201033,101002859,540,2381.4
2025-03,1201033,101003359,540,2381.4
2025-03,1201033,101003360,540,2381.4
2025-03,1201033,101004174,360,1587.6
2025-03,1201033,101004183,360,1587.6
2025-03,1201033,101004219,4860,34749.0
2025-03,1201033,101004233,384,3095.04
2025-03,1201033,101005739,216,1823.04
2025-03,1201033,101070154,288,2430.72
2025-03,1201034,101003346,108,1134.0
2025-03,1201034,101004224,1404,14742.0
2025-03,1201034,101004245,108,1134.0
2025-03,1201034,101004261,81,1527.66
2025-03,1201035,101002612,1200,9754.44
2025-03,1201035,101002715,0,-439.8
2025-03,1201035,101002859,330,1559.52
2025-03,1201035,101003241,165,354.63
2025-03,1201035,101004174,165,639.32
2025-03,1201035,101070153,252,2793.5499999999997
2025-03,1201035,101070156,6741,75282.67
2025-03,1201035,101070158,315,3092.99
2025-03,1201035,101070162,7812,85729.45999999999
2025-03,1201035,101070165,1386,12545.09
2025-03,1201035,101070168,5418,54865.509999999995
2025-03,1201037,101002381,120,1719.6
2025-03,1201037,101002402,108,1146.96
2025-03,1201037,101002859,300,1620.0
2025-03,1201037,101003241,300,1620.0
2025-03,1201037,101003359,300,1620.0
2025-03,1201037,101003360,300,1620.0
2025-03,1201037,101004229,90,2053.8
2025-03,1201037,101004230,90,2053.8
2025-03,1201037,101004261,90,2053.8
2025-03,1201037,101070156,108,1146.96
2025-03,1201037,101070158,108,1146.96
2025-03,1201037,101070165,108,1146.96
2025-03,1201043,101002612,0,-34.6
2025-03,1201043,101002715,0,-540.9000000000001
2025-03,1201043,101002716,0,-8.42
2025-03,1201043,101002717,0,-102.92
2025-03,1201043,101002859,0,-11.94
2025-03,1201043,101003015,0,-6.91
2025-03,1201043,101003241,0,-30.06
2025-03,1201043,101003359,0,-15.23
2025-03,1201043,101003360,0,-8.65
2025-03,1201043,101004174,0,-15.23
2025-03,1201043,101070154,0,-277.25
2025-03,1201043,101070156,0,-416.85
2025-03,1201043,101070158,0,-330.90999999999997
2025-03,1201043,101070162,0,-529.22
2025-03,1201043,101070165,0,-164.85000000000002
2025-03,1201043,101070168,0,-741.31
2025-03,1201047,101004214,28800,270825.69
2025-03,1201050,101002381,300,3927.0
2025-03,1201050,101002402,864,7395.84
2025-03,1201050,101002859,4320,19267.2
2025-03,1201050,101003241,2880,12844.8
2025-03,1201050,101004141,324,3975.48
2025-03,1201050,101004200,5760,51436.8
2025-03,1201050,101004224,864,9720.0
2025-03,1201050,101004261,2916,58757.4
2025-03,1201050,101070017,0,-2211.84
2025-03,1201050,101070156,864,7395.84
2025-03,1201050,101070158,864,7395.84
2025-03,1201050,101070162,6912,59425.92
2025-03,1201050,101070165,1152,9904.32
2025-03,1201050,101070168,6912,59425.92
2025-03,1201054,101002188,126,1251.18
2025-03,1201054,101002402,63,625.59
2025-03,1201054,101070153,126,1251.18
2025-03,1201054,101070154,126,1251.18
2025-03,1201054,101070156,441,4379.13
2025-03,1201054,101070158,252,2502.36
2025-03,1201054,101070162,1575,15639.75
2025-03,1201054,101070165,756,7507.080000000001
2025-03,1201054,101070168,252,2502.36
2025-03,1201058,101002188,144,1370.88
2025-03,1201058,101002715,180,1580.4
2025-03,1201058,101003241,360,1746.0
2025-03,1201058,101004224,108,1283.04
2025-03,1201058,101004233,32,334.08
2025-03,1201058,101004257,96,869.76
2025-03,1201058,101005690,32,334.08
2025-03,1201058,101070156,144,1370.88
2025-03,1201058,101070158,144,1370.88
2025-03,1201058,101070162,144,1370.88
2025-03,1201058,101070168,144,1370.88
2025-03,1201059,101002715,2160,17863.2
2025-03,1201059,101003241,1440,7560.0
2025-03,1201059,101003346,216,2857.68
2025-03,1201059,101004141,1134,16363.62
2025-03,1201059,101004224,864,11430.72
2025-03,1201059,101004245,216,2857.68
2025-03,1201059,101004261,810,19205.1
2025-03,1201060,101002715,3360,24528.0
2025-03,1201060,101003241,660,3821.4
2025-03,1201060,101003346,96,1355.52
2025-03,1201060,101003347,384,5422.08
2025-03,1201060,101004141,648,10121.76
2025-03,1201060,101004224,672,9488.64
2025-03,1201060,101004245,96,1355.52
2025-03,1201060,101004261,576,14342.4
2025-03,1201061,101003241,1440,7027.2
2025-03,1201061,101004141,324,4024.08
2025-03,1201061,101004174,360,1756.8
2025-03,1201061,101004230,162,3214.08
2025-03,1201061,101004261,486,9642.24
2025-03,1201061,101070154,432,4147.2
2025-03,1201061,101070156,288,2603.52
2025-03,1201061,101070158,288,2764.8
2025-03,1201061,101070162,144,1301.76
2025-03,1201061,101070165,144,1301.76
2025-03,1201068,101003241,30,145.5
2025-03,1201068,101003347,36,427.68
2025-03,1201068,101004141,27,354.51
2025-03,1201068,101004174,15,72.75
2025-03,1201068,101004224,36,427.68
2025-03,1201068,101004229,27,567.27
2025-03,1201068,101004230,36,756.36
2025-03,1201068,101004233,32,334.08
2025-03,1201068,101004257,32,289.92
2025-03,1201068,101004261,27,567.27
2025-03,1201068,101005690,32,334.08
2025-03,1201068,101070153,9,85.68
2025-03,1201068,101070168,9,85.68
2025-03,1201071,101002402,288,2430.72
2025-03,1201071,101002612,1200,9804.0
2025-03,1201071,101002859,1440,6350.4
2025-03,1201071,101003241,1440,6350.4
2025-03,1201071,101003347,432,4821.12
2025-03,1201071,101003360,720,3175.2
2025-03,1201071,101004141,324,3936.6
2025-03,1201071,101004174,720,3175.2
2025-03,1201071,101004183,720,3175.2
2025-03,1201071,101004224,12960,144633.6
2025-03,1201071,101004230,324,6492.96
2025-03,1201071,101004245,648,7231.68
2025-03,1201071,101070162,576,4861.44
2025-03,1201071,101070165,576,4861.44
2025-03,1201071,101070168,576,4861.44
2025-03,1201073,101002188,252,2529.75
2025-03,1201073,101002402,315,3162.6
2025-03,1201073,101002612,450,4338.0
2025-03,1201073,101002715,480,3952.8
2025-03,1201073,101002717,0,-10.08
2025-03,1201073,101002859,825,4318.37
2025-03,1201073,101003241,495,2590.16
2025-03,1201073,101004141,360,5179.25
2025-03,1201073,101004224,864,11389.539999999999
2025-03,1201073,101004230,288,6802.98
2025-03,1201073,101004233,768,7332.86
2025-03,1201073,101004257,384,3138.5299999999997
2025-03,1201073,101004261,720,17003.23
2025-03,1201073,101070153,378,3793.85
2025-03,1201073,101070154,441,4421.96
2025-03,1201073,101070156,504,5059.52
2025-03,1201073,101070158,252,2529.76
2025-03,1201073,101070162,756,7581.42
2025-03,1201073,101070165,378,3792.27
2025-03,1201073,101070168,630,6315.75
2025-03,1201076,101002859,180,873.0
2025-03,1201076,101003241,180,873.0
2025-03,1201076,101003347,108,1283.04
2025-03,1201076,101003359,180,873.0
2025-03,1201076,101004174,180,873.0
2025-03,1201076,101004230,63,1323.63
2025-03,1201076,101004245,48,570.24
2025-03,1201076,101004257,96,869.76
2025-03,1201076,101005690,96,1002.24
2025-03,1201076,101070158,144,1370.88
2025-03,1201087,101002402,0,-38.22
2025-03,1201087,101004141,0,-59.03
2025-03,1201087,101004233,0,-47.41
2025-03,1201087,101070153,0,-57.33
2025-03,1201087,101070154,0,-38.22
2025-03,1201087,101070156,0,-38.22
2025-03,1201087,101070162,0,-38.22
2025-03,1201087,101070165,0,-57.33
2025-03,1201090,101002381,150,1794.82
2025-03,1201090,101004141,0,-97.14
2025-03,1201090,101004224,288,3300.62
2025-03,1201090,101004233,288,2539.59
2025-03,1201090,101004261,216,4531.87
2025-03,1201090,101005690,192,1672.01
2025-03,1201090,101070158,0,-220.25
2025-03,1201090,101070162,252,2211.12
2025-03,1205005,101002612,150,1462.5
2025-03,1205005,101002752,0,-12688.2
2025-03,1205005,101003241,165,876.15
2025-03,1205005,101003347,96,1278.72
2025-03,1205005,101004224,192,2557.44
2025-03,1205005,101004257,192,1597.44
2025-03,1205005,101005690,96,931.2
2025-03,1205005,101070156,126,1287.72
2025-03,1205005,101070158,189,1931.58
2025-03,1205005,101070162,504,5150.88
2025-03,1205009,101002716,144,1287.36
2025-03,1205009,101003241,165,724.35
2025-03,1205009,101004141,144,1749.6
2025-03,1205009,101004224,192,2136.96
2025-03,1205013,101003347,216,3036.96
2025-03,1205013,101004224,432,6073.92
2025-03,1205013,101004261,486,12062.52
2025-03,1205013,101070156,432,4890.24
2025-03,1205013,101070162,1728,19560.96
2025-03,1205013,101070165,1152,13040.64
2025-03,1205013,101070168,144,1630.08
2025-03,1205019,101004224,6480,77500.8
2025-03,1205021,101002859,1440,9086.4
2025-03,1205026,101002715,9000,51337.79
2025-03,1205026,101002717,3240,13277.83
2025-03,1205026,101003241,14400,57341.87
2025-03,1205026,101003359,0,-10400.59
2025-03,1205027,101004167,768,3840.0
2025-03,1205027,101004225,2880,10368.0
2025-03,1205032,101070153,288,2793.6
2025-03,1205032,101070156,1008,9777.6
2025-03,1205032,101070158,288,2793.6
2025-03,1205032,101070162,1296,12571.2
2025-03,1205032,101070165,720,6984.0
2025-03,1205032,101070168,720,6984.0
2025-03,1205033,101003347,30,379.2
2025-03,1205033,101004257,120,1080.0
2025-03,1205033,101070153,30,312.0
2025-03,1205033,101070154,11,114.4
2025-03,1205034,101002715,320,2624.0
2025-03,1205034,101002716,144,1287.36
2025-03,1205034,101003241,165,856.35
2025-03,1205034,101004224,480,6302.4
2025-03,1205034,101004233,384,3640.32
2025-03,1205034,101004257,384,3110.4
2025-03,1205034,101005690,192,1820.16
2025-03,1205034,101070156,126,1251.18
2025-03,1205034,101070158,126,1251.18
2025-03,1205034,101070162,252,2502.36
2025-03,1205034,101070168,189,1876.77
2025-03,1205038,101002715,0,-4165.2
2025-03,1205038,101004224,0,-4568.4
2025-03,1205044,101002188,0,-15.9
2025-03,1205044,101002402,0,-127.17
2025-03,1205044,101004261,0,-39.03
2025-03,1205044,101070153,720,7623.3
2025-03,1205044,101070154,864,9119.35
2025-03,1205044,101070156,1008,10647.189999999999
2025-03,1205044,101070158,720,7623.3
2025-03,1205044,101070162,0,-63.58
2025-03,1205044,101070165,576,6111.36
2025-03,1205044,101070168,432,4456.38
2025-03,1205046,101002612,600,5184.0
2025-03,1205046,101002715,4680,40809.6
2025-03,1205046,101002716,324,3065.04
2025-03,1205046,101002859,360,1731.6
2025-03,1205046,101003241,1080,5194.8
2025-03,1205046,101003346,432,6004.8
2025-03,1205046,101003360,360,1731.6
2025-03,1205046,101004141,2106,27441.18
2025-03,1205046,101004183,360,1731.6
2025-03,1205046,101004224,2160,25509.6
2025-03,1205046,101004229,162,3389.04
2025-03,1205046,101004230,162,3389.04
2025-03,1205046,101004245,648,7652.88
2025-03,1205046,101004257,192,1722.24
2025-03,1205046,101004261,1134,23723.28
2025-03,1205046,101070158,144,1357.92
2025-03,1205046,101070162,1296,12221.28
2025-03,1205046,101070165,1008,9505.44
2025-03,1205046,101070168,1728,16295.04
2025-03,1205049,101002188,144,1545.12
2025-03,1205049,101002402,144,1545.12
2025-03,1205049,101070153,144,1545.12
2025-03,1205049,101070154,144,1545.12
2025-03,1205049,101070156,864,9270.72
2025-03,1205049,101070158,864,9270.72
2025-03,1205049,101070162,1584,16996.32
2025-03,1205049,101070165,288,3090.24
2025-03,1205049,101070168,144,1545.12
2025-03,1205051,101002612,300,2634.0
2025-03,1205051,101003346,216,3049.92
2025-03,1205051,101003347,864,9758.02
2025-03,1205051,101003359,360,1771.2
2025-03,1205051,101004141,486,6454.08
2025-03,1205051,101004224,11880,133548.05
2025-03,1205051,101004233,384,4070.4
2025-03,1205051,101004257,384,3540.48
2025-03,1205051,101004261,3402,71986.32
2025-03,C5800,101002613,12600,78705.9
2025-03,C5800,101003028,3600,12144.6
2025-03,C5800,101003118,8280,27932.58
2025-03,C5800,101003119,19440,65580.84
2025-03,C5800,101003122,11880,40077.18000000001
2025-03,C5800,101003207,19800,105534.0
2025-03,C5800,101003242,36000,121446.00000000001
2025-03,C5800,101003449,9720,32790.42
2025-03,C5800,101004148,138528,853609.51
2025-03,C5800,101004189,38095,325121.77999999997
2025-03,C5800,101004226,6318,96835.98000000001
2025-03,C5800,101004246,5616,47929.75
2025-03,C5800,101004262,24840,211996.97999999998
2025-03,C5800,101070173,8352,53907.979999999996
2025-03,C5800,101070175,11664,75285.29
2025-03,C5800,101070176,6768,43684.06
2025-03,C5800,101070179,21312,137558.31
2025-04,1200002,101002612,0,-21.98
2025-04,1200002,101002715,360,2977.2
2025-04,1200002,101002859,0,-14.31
2025-04,1200002,101003241,0,-42.92
2025-04,1200002,101003346,216,2836.0499999999997
2025-04,1200002,101003347,216,2836.0499999999997
2025-04,1200002,101003359,0,-14.31
2025-04,1200002,101003360,0,-14.31
2025-04,1200002,101004141,0,-141.55
2025-04,1200002,101004174,0,-14.31
2025-04,1200002,101004229,0,-29.08
2025-04,1200002,101004230,0,-29.08
2025-04,1200002,101004245,216,2836.0499999999997
2025-04,1200002,101004257,192,1576.32
2025-04,1200002,101004261,486,10371.24
2025-04,1200002,101070154,144,1450.08
2025-04,1200002,101070162,864,7794.91
2025-04,1200002,101070165,432,3913.92
2025-04,1200002,101070168,720,6490.2699999999995
2025-04,1200006,101002715,360,3031.2
2025-04,1200006,101002717,360,3031.2
2025-04,1200006,101003241,1800,9684.0
2025-04,1200006,101003359,360,1936.8
2025-04,1200006,101004183,720,3873.6
2025-04,1200006,101004224,648,8709.12
2025-04,1200006,101004261,648,13996.8
2025-04,1200006,101070153,144,1496.16
2025-04,1200006,101070154,144,1496.16
2025-04,1200006,101070156,144,1496.16
2025-04,1200006,101070158,144,1496.16
2025-04,1200006,101070162,288,2692.8
2025-04,1200006,101070165,432,4039.2
2025-04,1200006,101070168,432,4039.2
2025-04,1200008,101002402,144,1429.92
2025-04,1200008,101004141,162,2316.6
2025-04,1200008,101004261,162,3437.64
2025-04,1200008,101070156,144,1429.92
2025-04,1200008,101070158,144,1429.92
2025-04,1200008,101070162,2448,21885.12
2025-04,1200008,101070165,720,6436.8
2025-04,1200008,101070168,432,3862.08
2025-04,1200010,101003241,165,889.35
2025-04,1200010,101003359,165,889.35
2025-04,1200010,101004141,72,1027.44
2025-04,1200010,101004183,165,889.35
2025-04,1200010,101004230,72,1642.32
2025-04,1200010,101004233,384,3790.08
2025-04,1200010,101004261,216,4926.96
2025-04,1200010,101070162,63,669.06
2025-04,1200010,101070165,63,669.06
2025-04,1200010,101070168,189,2007.18
2025-04,1200015,101002381,0,-141.55
2025-04,1200015,101002402,0,-42.15
2025-04,1200015,101002612,0,-459.35
2025-04,1200015,101002859,0,-55.08
2025-04,1200015,101003241,0,-553.61
2025-04,1200015,101003346,0,-83.6
2025-04,1200015,101003347,0,-284.67
2025-04,1200015,101003359,0,-93.77
2025-04,1200015,101004141,0,-216.78
2025-04,1200015,101004174,0,-229.92
2025-04,1200015,101004224,17280,182911.05
2025-04,1200015,101004229,0,-165.75
2025-04,1200015,101004230,0,-112.61
2025-04,1200015,101004233,0,-132.64
2025-04,1200015,101004257,0,-45.85
2025-04,1200015,101004261,1620,26015.07
2025-04,1200015,101070017,0,-53.66
2025-04,1200015,101070153,0,-205.57999999999998
2025-04,1200015,101070156,0,-62.05
2025-04,1200015,101070158,0,-42.15
2025-04,1200015,101070162,0,-731.74
2025-04,1200015,101070165,0,-597.29
2025-04,1200015,101070168,0,-639.89
2025-04,1200016,101002612,900,7353.0
2025-04,1200016,101002715,3240,26568.0
2025-04,1200016,101002859,360,1587.6
2025-04,1200016,101003359,360,1587.6
2025-04,1200016,101003360,360,1587.6
2025-04,1200016,101004141,1620,19683.0
2025-04,1200016,101004183,360,1587.6
2025-04,1200016,101004224,11664,153148.32
2025-04,1200016,101004230,324,6492.96
2025-04,1200016,101004261,4374,92816.28
2025-04,1200016,101070040,714,5083.68
2025-04,1200016,101070168,576,4861.44
2025-04,1200017,101002859,1080,5810.4
2025-04,1200017,101003241,1800,9684.0
2025-04,1200017,101003346,432,5806.08
2025-04,1200017,101003347,648,8709.12
2025-04,1200017,101003359,360,1936.8
2025-04,1200017,101003360,360,1936.8
2025-04,1200017,101004141,1458,21461.760000000002
2025-04,1200017,101004174,360,1936.8
2025-04,1200017,101004224,12960,174182.4
2025-04,1200017,101004229,162,3499.2
2025-04,1200017,101004230,162,3499.2
2025-04,1200017,101004261,648,13996.8
2025-04,1200017,101070040,952,6387.92
2025-04,1200017,101070156,144,1496.16
2025-04,1200017,101070158,144,1496.16
2025-04,1200017,101070162,144,1346.4
2025-04,1200017,101070165,1296,12117.6
2025-04,1200017,101070168,144,1346.4
2025-04,1200018,101002402,144,1450.08
2025-04,1200018,101002715,1143,9452.61
2025-04,1200018,101002716,324,2919.24
2025-04,1200018,101002717,627,5185.29
2025-04,1200018,101002859,1897,9959.25
2025-04,1200018,101003015,288,4265.28
2025-04,1200018,101003241,2255,11838.75
2025-04,1200018,101003346,216,2857.68
2025-04,1200018,101004141,1134,16363.62
2025-04,1200018,101004224,12960,171460.8
2025-04,1200018,101004245,216,2857.68
2025-04,1200018,101004257,740,6075.4
2025-04,1200018,101004261,4860,100831.62999999999
2025-04,1200018,101005690,725,6952.75
2025-04,1200018,101070040,476,3117.8
2025-04,1200018,101070153,753,7582.71
2025-04,1200018,101070154,144,1450.08
2025-04,1200019,101002402,0,-400.32
2025-04,1200019,101003360,0,-100.8
2025-04,1200019,101004174,0,-201.6
2025-04,1200019,101004224,0,-3197.88
2025-04,1200019,101004229,0,-398.52
2025-04,1200019,101004230,0,-199.26
2025-04,1200019,101004257,0,-99.84
2025-04,1200019,101004261,0,-797.04
2025-04,1200019,101070156,0,-163.01
2025-04,1200019,101070162,0,-2779.49
2025-04,1200019,101070165,0,-1615.6799999999998
2025-04,1200019,101070168,0,-1015.1999999999999
2025-04,1200020,101002188,288,2900.16
2025-04,1200020,101002402,288,2900.16
2025-04,1200020,101002715,360,2977.2
2025-04,1200020,101004233,192,1841.28
2025-04,1200020,101070040,238,1949.22
2025-04,1200020,101070153,288,2900.16
2025-04,1200020,101070154,576,5800.32
2025-04,1200020,101070158,288,2900.16
2025-04,1200020,101070162,720,7250.4
2025-04,1200020,101070165,576,5800.32
2025-04,1200020,101070168,576,5800.32
2025-04,1200023,101002612,600,5808.0
2025-04,1200023,101002859,360,1890.0
2025-04,1200023,101003241,360,1890.0
2025-04,1200023,101003346,216,2857.68
2025-04,1200023,101003347,432,5715.36
2025-04,1200023,101003360,360,1890.0
2025-04,1200023,101004141,648,9350.64
2025-04,1200023,101004224,648,8573.04
2025-04,1200023,101004261,162,3457.08
2025-04,1200023,101070162,432,3913.92
2025-04,1200023,101070165,288,2609.28
2025-04,1200023,101070168,432,3913.92
2025-04,1200027,101002188,324,2880.36
2025-04,1200027,101002402,216,1920.24
2025-04,1200027,101004233,160,1412.8
2025-04,1200027,101070153,216,1920.24
2025-04,1200027,101070154,216,1920.24
2025-04,1200027,101070156,432,3840.48
2025-04,1200027,101070158,432,3840.48
2025-04,1200027,101070162,432,3840.48
2025-04,1200027,101070165,432,3840.48
2025-04,1200027,101070168,432,3840.48
2025-04,1200029,101002188,72,714.96
2025-04,1200029,101002402,144,1429.92
2025-04,1200029,101002612,150,1441.5
2025-04,1200029,101002717,180,1476.0
2025-04,1200029,101003241,1080,5605.2
2025-04,1200029,101003346,108,1418.04
2025-04,1200029,101003347,216,2836.08
2025-04,1200029,101003360,180,934.2
2025-04,1200029,101004141,81,1158.3
2025-04,1200029,101004224,108,1418.04
2025-04,1200029,101004257,192,1555.2
2025-04,1200029,101070153,216,2144.88
2025-04,1200029,101070154,72,714.96
2025-04,1200029,101070156,144,1429.92
2025-04,1200029,101070158,72,714.96
2025-04,1200029,101070162,288,2574.72
2025-04,1200029,101070165,576,5149.44
2025-04,1200029,101070168,576,5149.44
2025-04,1200031,101002612,300,3099.0
2025-04,1200031,101002715,720,6278.4
2025-04,1200031,101002716,648,6175.4400000000005
2025-04,1200031,101002717,720,6332.4
2025-04,1200031,101002859,360,2084.4
2025-04,1200031,101003015,288,4412.16
2025-04,1200031,101003241,1080,6206.4
2025-04,1200031,101003346,432,6052.32
2025-04,1200031,101003347,648,8186.4
2025-04,1200031,101003359,360,2084.4
2025-04,1200031,101003360,1080,6206.4
2025-04,1200031,101004141,891,12496.68
2025-04,1200031,101004174,360,2084.4
2025-04,1200031,101004224,648,9007.2
2025-04,1200031,101004229,162,4033.8
2025-04,1200031,101004230,324,7617.24
2025-04,1200031,101004233,384,4022.4
2025-04,1200031,101004245,216,3002.4
2025-04,1200031,101004257,192,1770.24
2025-04,1200031,101004261,1053,25365.96
2025-04,1200031,101005690,192,2035.2
2025-04,1200031,101070162,864,8642.880000000001
2025-04,1200031,101070165,432,4262.4
2025-04,1200031,101070168,720,7092.0
2025-04,1200032,101002612,600,5700.0
2025-04,1200032,101002859,360,1918.8
2025-04,1200032,101003241,720,3837.6
2025-04,1200032,101003346,216,2622.24
2025-04,1200032,101003347,432,5244.48
2025-04,1200032,101003359,360,1918.8
2025-04,1200032,101004141,324,4351.32
2025-04,1200032,101004174,360,1918.8
2025-04,1200032,101004224,1512,18355.68
2025-04,1200032,101004229,162,3468.42
2025-04,1200032,101004233,384,3744.0
2025-04,1200032,101004257,576,4884.48
2025-04,1200032,101004261,648,13873.68
2025-04,1200032,101070040,119,985.32
2025-04,1200035,101002188,144,1579.97
2025-04,1200035,101002381,450,6814.13
2025-04,1200035,101002402,144,1643.04
2025-04,1200035,101002612,300,3099.0
2025-04,1200035,101002715,3600,31932.0
2025-04,1200035,101002716,324,3110.4
2025-04,1200035,101002859,1080,6253.200000000001
2025-04,1200035,101003015,0,-171.13
2025-04,1200035,101003241,720,4168.8
2025-04,1200035,101003346,648,9149.76
2025-04,1200035,101003347,1080,15191.07
2025-04,1200035,101003359,720,4128.8
2025-04,1200035,101003360,1440,8297.6
2025-04,1200035,101004141,1296,20243.52
2025-04,1200035,101004174,360,2084.4
2025-04,1200035,101004183,0,-40.0
2025-04,1200035,101004224,2808,39648.96
2025-04,1200035,101004229,486,10891.26
2025-04,1200035,101004230,486,10891.26
2025-04,1200035,101004233,768,8062.68
2025-04,1200035,101004245,432,6099.84
2025-04,1200035,101004257,384,3472.53
2025-04,1200035,101004261,810,17687.58
2025-04,1200035,101070153,288,3286.08
2025-04,1200035,101070154,288,3223.0099999999998
2025-04,1200035,101070156,1728,19621.88
2025-04,1200035,101070158,864,9858.24
2025-04,1200035,101070162,4896,50281.92
2025-04,1200035,101070165,864,8747.150000000001
2025-04,1200035,101070168,2448,25140.96
2025-04,1200037,101002402,288,2859.84
2025-04,1200037,101003241,720,3736.8
2025-04,1200037,101003347,216,2836.08
2025-04,1200037,101004141,243,3474.9
2025-04,1200037,101070156,288,2859.84
2025-04,1200037,101070158,144,1429.92
2025-04,1200037,101070162,1008,9011.52
2025-04,1200037,101070165,936,8367.84
2025-04,1200037,101070168,1008,9011.52
2025-04,1200039,101002715,10800,95796.0
2025-04,1200039,101003347,0,0.0
2025-04,1200039,101004141,0,0.0
2025-04,1200039,101004224,11880,167745.6
2025-04,1200039,101004230,0,0.0
2025-04,1200039,101004257,0,0.0
2025-04,1200039,101004261,810,18152.1
2025-04,1200043,101002612,0,-413.2
2025-04,1200043,101003241,0,-353.19
2025-04,1200043,101003347,0,-1002.52
2025-04,1200043,101004224,0,-9175.68
2025-04,1200043,101004261,0,-4008.9
2025-04,1200048,101002402,432,5292.0
2025-04,1200048,101002859,360,2203.2
2025-04,1200048,101004257,384,3828.48
2025-04,1200048,101070153,432,5292.0
2025-04,1200048,101070154,432,5292.0
2025-04,1200048,101070162,864,9521.28
2025-04,1200048,101070168,864,9521.28
2025-04,1200055,101002381,150,2286.0
2025-04,1200055,101002402,0,-16.71
2025-04,1200055,101002715,180,1596.6
2025-04,1200055,101002859,180,1021.5200000000001
2025-04,1200055,101003241,540,3022.0099999999998
2025-04,1200055,101003346,216,3049.92
2025-04,1200055,101003347,108,1465.3400000000001
2025-04,1200055,101003359,0,-20.68
2025-04,1200055,101003360,0,-21.28
2025-04,1200055,101004141,162,2431.63
2025-04,1200055,101004174,180,1021.5200000000001
2025-04,1200055,101004224,1080,14463.39
2025-04,1200055,101004229,162,3630.42
2025-04,1200055,101004230,81,1737.6200000000001
2025-04,1200055,101004257,192,1770.24
2025-04,1200055,101004261,0,-391.30999999999995
2025-04,1200055,101070040,357,2570.4
2025-04,1200055,101070156,0,-100.25
2025-04,1200055,101070162,720,7193.9
2025-04,1200055,101070165,144,1411.0700000000002
2025-04,1200055,101070168,144,885.7900000000001
2025-04,1200056,101070168,3780,17570.6
2025-04,1200064,101002715,160,1412.8
2025-04,1200064,101003241,165,948.75
2025-04,1200064,101070153,288,3260.16
2025-04,1200064,101070154,288,3260.16
2025-04,1200064,101070156,144,1630.08
2025-04,1200064,101070158,144,1630.08
2025-04,1200064,101070162,144,1630.08
2025-04,1200064,101070165,144,1630.08
2025-04,1200064,101070168,144,1630.08
2025-04,1200067,101002381,150,1332.0
2025-04,1200067,101002715,9000,79290.0
2025-04,1200067,101003359,360,2070.0
2025-04,1200067,101004141,324,5034.96
2025-04,1200067,101004174,0,-207.0
2025-04,1200067,101004183,0,-207.0
2025-04,1200067,101004233,96,1010.88
2025-04,1200067,101004261,324,7238.16
2025-04,1200067,101070040,238,1704.08
2025-04,1200067,101070156,72,815.04
2025-04,1200067,101070165,288,2934.72
2025-04,1200077,101001911,225,2654.22
2025-04,1200077,101002622,6720,42156.65
2025-04,1200077,101003648,17776,209487.69
2025-04,1200077,101004125,5805,72842.18000000001
2025-04,1200077,101004196,13344,112145.43000000001
2025-04,1200077,101004225,687,5758.360000000001
2025-04,1200077,101070156,2079,18174.68
2025-04,1200077,101070163,69300,890570.67
2025-04,1200077,101070166,5085,65010.11
2025-04,1200095,101002381,300,4056.24
2025-04,1200095,101002612,3150,30729.41
2025-04,1200095,101002715,3840,32472.270000000004
2025-04,1200095,101002859,2310,12530.68
2025-04,1200095,101003241,2640,14073.76
2025-04,1200095,101003346,1152,14056.63
2025-04,1200095,101003347,384,4615.78
2025-04,1200095,101003360,0,-32.25
2025-04,1200095,101004174,2310,12662.15
2025-04,1200095,101004224,5760,71277.52
2025-04,1200095,101004229,216,5211.66
2025-04,1200095,101004230,1080,24184.13
2025-04,1200095,101004233,1824,17140.09
2025-04,1200095,101004245,384,4488.77
2025-04,1200095,101004257,2400,19256.64
2025-04,1200095,101004261,2952,67447.95
2025-04,1200095,101005690,1152,11005.24
2025-04,1200095,101070156,756,7262.780000000001
2025-04,1200095,101070162,756,6998.84
2025-04,1200095,101070168,1701,16868.19
2025-04,1200100,101001911,21150,316681.0
2025-04,1200100,101002622,0,-400.27
2025-04,1200100,101003648,19008,249888.09
2025-04,1200100,101004098,77184,529679.55
2025-04,1200100,101070163,10440,151218.75
2025-04,1200100,101070166,15480,222191.52000000002
2025-04,1200105,101004233,192,1820.16
2025-04,1200105,101070158,144,1429.92
2025-04,1200105,101070162,1584,14160.96
2025-04,1200105,101070165,1152,10298.88
2025-04,1200105,101070168,1296,11586.24
2025-04,1200113,101002381,1350,18377.75
2025-04,1200113,101002612,4995,50057.95
2025-04,1200113,101002715,17,-627.0100000000002
2025-04,1200113,101002717,-307,-2529.1299999999997
2025-04,1200113,101002859,-817,-4317.72
2025-04,1200113,101003241,1990,10112.57
2025-04,1200113,101003347,480,5679.71
2025-04,1200113,101004224,2016,26539.89
2025-04,1200113,101004233,4032,36886.56
2025-04,1200113,101004257,508,3245.2700000000013
2025-04,1200113,101004261,3456,83211.09999999999
2025-04,1200113,101005690,-725,-7001.17
2025-04,1200113,101070153,-753,-7635.97
2025-04,1200113,101070156,3150,31600.38
2025-04,1200113,101070158,1701,16943.4
2025-04,1200113,101070162,4473,44384.51
2025-04,1200113,101070165,3024,30650.26
2025-04,1200113,101070168,2772,28813.71
2025-04,1200117,101002612,0,-950.9
2025-04,1200140,101002715,720,6357.6
2025-04,1200140,101004224,12312,173106.72
2025-04,1200140,101004261,5022,112191.48
2025-04,1200148,101002612,300,3084.0
2025-04,1200148,101002859,360,2070.0
2025-04,1200148,101003241,360,2070.0
2025-04,1200148,101003347,216,3036.96
2025-04,1200148,101003359,360,2070.0
2025-04,1200148,101004141,486,7552.44
2025-04,1200148,101004174,360,2070.0
2025-04,1200148,101004261,486,10857.24
2025-04,1200148,101070040,238,1704.08
2025-04,1200148,101070156,144,1630.08
2025-04,1200148,101070162,288,2934.72
2025-04,1200148,101070165,144,1467.36
2025-04,1200153,101002381,375,5242.01
2025-04,1200153,101002612,750,6022.389999999999
2025-04,1200153,101002715,0,-13899.1
2025-04,1200153,101002717,0,-499.93
2025-04,1200153,101003015,0,-2062.52
2025-04,1200153,101003241,495,2299.3199999999997
2025-04,1200153,101003347,0,-65.51
2025-04,1200153,101004224,0,-1058.6200000000001
2025-04,1200153,101004229,0,-478.90999999999997
2025-04,1200153,101004230,0,-2576.74
2025-04,1200153,101004233,1152,11606.93
2025-04,1200153,101004257,0,-135.51
2025-04,1200153,101004261,0,-1642.75
2025-04,1200153,101005690,960,9934.85
2025-04,1200153,101070017,96,936.19
2025-04,1200153,101070153,0,-122.04
2025-04,1200153,101070154,0,-45.78
2025-04,1200153,101070156,378,3689.67
2025-04,1200153,101070158,0,-239.79000000000002
2025-04,1200153,101070162,0,-1178.47
2025-04,1200153,101070165,63,97.1400000000001
2025-04,1200153,101070168,0,-354.14
2025-04,1200160,101002612,3150,29046.0
2025-04,1200160,101002859,5280,26276.25
2025-04,1200160,101003347,2688,33914.88
2025-04,1200160,101004174,4455,21976.35
2025-04,1200160,101004224,4032,50485.44
2025-04,1200160,101004261,3024,66634.56
2025-04,1200160,101070156,3717,34008.03
2025-04,1200160,101070162,3465,31946.67
2025-04,1200160,101070168,3402,30854.25
2025-04,1200173,101002612,300,2904.0
2025-04,1200173,101003346,96,1270.08
2025-04,1200173,101004224,288,3810.24
2025-04,1200173,101004230,72,1707.12
2025-04,1200173,101004233,96,920.64
2025-04,1200173,101004261,72,1707.12
2025-04,1200173,101005690,192,1841.28
2025-04,1200173,101070156,126,1268.82
2025-04,1200173,101070158,126,1268.82
2025-04,1200173,101070162,315,3172.05
2025-04,1200173,101070165,63,634.41
2025-04,1200173,101070168,252,2537.64
2025-04,1200176,101002859,300,1557.0
2025-04,1200176,101070154,216,2144.88
2025-04,1200176,101070156,324,3217.32
2025-04,1200176,101070158,108,1072.44
2025-04,1200176,101070162,216,2144.88
2025-04,1200176,101070165,216,2144.88
2025-04,1200176,101070168,432,4289.76
2025-04,1200188,101002381,900,11781.0
2025-04,1200188,101002612,2100,20328.0
2025-04,1200188,101003241,2640,13860.0
2025-04,1200188,101004224,6336,83825.28
2025-04,1200188,101004261,792,18778.32
2025-04,1200188,101070156,882,8881.74
2025-04,1200188,101070158,882,8881.74
2025-04,1200188,101070162,2079,20935.53
2025-04,1200197,101002381,225,2866.9
2025-04,1200197,101002612,1800,14389.34
2025-04,1200197,101002715,8160,65941.84
2025-04,1200197,101002717,320,2368.96
2025-04,1200197,101003015,1152,16790.52
2025-04,1200197,101003241,3795,19086.96
2025-04,1200197,101003347,288,3766.5099999999998
2025-04,1200197,101004224,4032,51489.829999999994
2025-04,1200197,101004229,72,1595.97
2025-04,1200197,101004230,360,8297.3
2025-04,1200197,101004233,1152,10511.4
2025-04,1200197,101004257,768,6005.67
2025-04,1200197,101004261,3672,84602.40000000001
2025-04,1200197,101070017,96,901.6
2025-04,1200197,101070153,0,-63.32000000000001
2025-04,1200197,101070154,189,1862.6000000000001
2025-04,1200197,101070156,1071,10219.470000000001
2025-04,1200197,101070158,126,1182.64
2025-04,1200197,101070162,2331,22570.260000000002
2025-04,1200197,101070165,1071,10156.5
2025-04,1200197,101070168,945,9167.550000000001
2025-04,1200200,101002379,8145,118631.86
2025-04,1200200,101002612,8545,57570.100000000006
2025-04,1200200,101002717,5580,45167.92
2025-04,1200200,101002859,20700,102024.29999999999
2025-04,1200200,101003241,4500,7264.530000000001
2025-04,1200200,101003346,2431,37459.66
2025-04,1200200,101003359,2580,10476.91
2025-04,1200200,101004141,807,14873.01
2025-04,1200200,101004167,0,-1354.32
2025-04,1200200,101004174,1620,5549.06
2025-04,1200200,101004183,0,-4424.54
2025-04,1200200,101004224,3337,48262.71
2025-04,1200200,101004229,101,1973.76
2025-04,1200200,101004230,1,28.3
2025-04,1200200,101004233,14799,147754.0
2025-04,1200200,101004245,12,170.86
2025-04,1200200,101004261,97,-1653.02
2025-04,1200200,101005690,3033,29670.91
2025-04,1200200,101070154,504,4486.35
2025-04,1200200,101070155,776,3484.16
2025-04,1200200,101070156,2331,19092.260000000002
2025-04,1200200,101070161,1114,243.27999999999992
2025-04,1200200,101070162,270,-31433.89
2025-04,1200200,101070164,2804,9448.13
2025-04,1200200,101070165,576,5624.03
2025-04,1200200,101070168,5229,25817.990000000005
2025-04,1200236,101002381,300,3927.0
2025-04,1200236,101002612,900,7934.23
2025-04,1200236,101002715,0,0.0
2025-04,1200236,101002859,360,1890.0
2025-04,1200236,101003241,720,3780.0
2025-04,1200236,101003346,216,2857.68
2025-04,1200236,101003347,0,0.0
2025-04,1200236,101003359,360,1636.9
2025-04,1200236,101004141,2268,31245.370000000003
2025-04,1200236,101004174,360,1636.9
2025-04,1200236,101004224,4752,18913.390000000003
2025-04,1200236,101004229,162,3457.08
2025-04,1200236,101004230,162,2942.72
2025-04,1200236,101004233,384,3168.3
2025-04,1200236,101004245,216,2857.68
2025-04,1200236,101004257,0,-21.12
2025-04,1200236,101004261,1296,26627.91
2025-04,1200236,101005690,192,1594.71
2025-04,1200236,101070040,4760,31178.0
2025-04,1200236,101070152,576,2175.83
2025-04,1200236,101070155,576,2175.83
2025-04,1200236,101070156,144,1240.27
2025-04,1200236,101070158,0,-166.60999999999999
2025-04,1200236,101070161,0,-4848.08
2025-04,1200236,101070162,1872,2763.070000000001
2025-04,1200236,101070164,0,-1939.23
2025-04,1200236,101070165,576,4928.540000000001
2025-04,1200236,101070167,0,-5332.889999999999
2025-04,1200236,101070168,1584,13190.98
2025-04,1200255,101002188,144,1478.88
2025-04,1200255,101002402,144,1478.88
2025-04,1200255,101002612,150,1410.0
2025-04,1200255,101002859,180,948.6
2025-04,1200255,101003241,360,1897.2
2025-04,1200255,101003347,108,1387.8
2025-04,1200255,101004174,180,1042.2
2025-04,1200255,101004257,96,814.08
2025-04,1200255,101070153,144,1478.88
2025-04,1200255,101070154,144,1478.88
2025-04,1200255,101070156,864,8873.28
2025-04,1200255,101070158,432,4436.64
2025-04,1200255,101070162,1080,11091.6
2025-04,1200255,101070165,432,4436.64
2025-04,1200255,101070168,432,4436.64
2025-04,1200256,101002715,1280,10500.56
2025-04,1200256,101002717,480,4260.71
2025-04,1200256,101002859,825,4554.49
2025-04,1200256,101003241,2805,13366.77
2025-04,1200256,101004224,4032,54408.85
2025-04,1200265,101002188,432,4811.34
2025-04,1200265,101002402,288,3220.46
2025-04,1200265,101002715,1080,3928.49
2025-04,1200265,101002717,0,-19.8
2025-04,1200265,101002859,360,2084.4
2025-04,1200265,101003015,0,-8813.24
2025-04,1200265,101003241,720,3990.0
2025-04,1200265,101004174,0,-8.56
2025-04,1200265,101004261,0,-1905.09
2025-04,1200265,101070153,288,3274.47
2025-04,1200265,101070154,432,4757.67
2025-04,1200265,101070156,864,9743.78
2025-04,1200265,101070158,432,4819.76
2025-04,1200265,101070162,720,8046.72
2025-04,1200265,101070165,576,6471.68
2025-04,1200265,101070168,576,6442.93
2025-04,1200273,101070162,1404,12720.24
2025-04,1200273,101070165,756,6849.36
2025-04,1200273,101070168,1080,9784.8
2025-04,1200280,101002188,63,625.59
2025-04,1200280,101002612,150,1441.5
2025-04,1200280,101003241,330,1707.51
2025-04,1200280,101004257,96,777.6
2025-04,1200280,101070154,441,4379.13
2025-04,1200280,101070156,378,3753.54
2025-04,1200280,101070158,189,1876.77
2025-04,1200280,101070162,504,5004.72
2025-04,1200280,101070165,315,3127.95
2025-04,1200280,101070168,126,1251.18
2025-04,1200288,101002188,144,1285.92
2025-04,1200288,101002402,288,2571.84
2025-04,1200288,101002612,900,8199.0
2025-04,1200288,101002715,360,2952.0
2025-04,1200288,101004174,360,1688.4
2025-04,1200288,101070153,576,5143.68
2025-04,1200288,101070154,288,2571.84
2025-04,1200288,101070156,1728,15431.04
2025-04,1200288,101070158,576,5143.68
2025-04,1200288,101070162,4464,39863.520000000004
2025-04,1200288,101070165,2304,20574.72
2025-04,1200288,101070168,1872,16716.96
2025-04,1200363,101002381,150,1767.68
2025-04,1200363,101002402,144,1301.23
2025-04,1200363,101002612,2100,18364.71
2025-04,1200363,101002859,360,1700.24
2025-04,1200363,101003241,1080,5100.73
2025-04,1200363,101003346,216,2580.83
2025-04,1200363,101003347,216,2580.83
2025-04,1200363,101003360,360,1700.24
2025-04,1200363,101004141,162,2108.11
2025-04,1200363,101004174,360,1700.24
2025-04,1200363,101004183,180,850.12
2025-04,1200363,101004224,12744,152269.13
2025-04,1200363,101004229,81,1738.08
2025-04,1200363,101004230,1782,38237.81
2025-04,1200363,101004233,1008,8695.81
2025-04,1200363,101004261,6480,139046.56
2025-04,1200363,101070153,72,650.61
2025-04,1200363,101070156,864,7807.36
2025-04,1200363,101070162,432,3903.68
2025-04,1200363,101070165,432,3903.68
2025-04,1200363,101070168,144,1301.23
2025-04,1200400,101002188,108,1087.56
2025-04,1200400,101002402,108,979.56
2025-04,1200400,101002612,142,1374.56
2025-04,1200400,101002715,120,992.4
2025-04,1200400,101004257,160,1313.6
2025-04,1200400,101070153,108,979.56
2025-04,1200400,101070156,432,4026.24
2025-04,1200400,101070158,540,5005.799999999999
2025-04,1200400,101070162,756,7396.92
2025-04,1200400,101070165,216,2067.12
2025-04,1200400,101070168,540,5221.799999999999
2025-04,1200419,101002188,567,6038.88
2025-04,1200419,101002402,882,9425.4
2025-04,1200419,101002612,600,5739.35
2025-04,1200419,101002715,800,6433.52
2025-04,1200419,101002859,825,4324.7
2025-04,1200419,101003241,1320,6923.28
2025-04,1200419,101003346,288,2990.52
2025-04,1200419,101003359,165,858.7
2025-04,1200419,101004141,216,2398.6800000000003
2025-04,1200419,101004174,330,1736.96
2025-04,1200419,101004230,432,9473.51
2025-04,1200419,101004233,480,4533.09
2025-04,1200419,101004245,0,-680.0
2025-04,1200419,101004261,576,12806.52
2025-04,1200419,101070153,567,5925.9
2025-04,1200419,101070154,819,8703.550000000001
2025-04,1200419,101070156,0,-119.67
2025-04,1200419,101070162,1008,10730.61
2025-04,1200419,101070165,567,6071.33
2025-04,1200441,101002188,0,-621.69
2025-04,1200441,101002381,150,1942.5
2025-04,1200441,101002402,63,625.59
2025-04,1200441,101002612,120,1153.2
2025-04,1200441,101002715,360,2952.0
2025-04,1200441,101003241,180,934.2
2025-04,1200441,101003347,48,-439.31999999999994
2025-04,1200441,101004224,216,-372.5899999999999
2025-04,1200441,101004261,324,7639.92
2025-04,1200441,101070153,0,-621.69
2025-04,1200441,101070154,0,-621.69
2025-04,1200441,101070156,144,1429.92
2025-04,1200441,101070158,144,1429.92
2025-04,1200441,101070162,0,-459.51
2025-04,1200441,101070165,0,-459.51
2025-04,1200441,101070168,144,970.4100000000001
2025-04,1200460,101002402,144,1496.16
2025-04,1200460,101002612,300,2952.0
2025-04,1200460,101003241,360,1936.8
2025-04,1200460,101003346,432,5806.08
2025-04,1200460,101003347,648,8709.12
2025-04,1200460,101003359,360,1936.8
2025-04,1200460,101004141,1134,16692.48
2025-04,1200460,101004229,162,3499.2
2025-04,1200460,101004230,162,3499.2
2025-04,1200460,101004245,216,2903.04
2025-04,1200460,101070156,144,1496.16
2025-04,1200460,101070158,144,1496.16
2025-04,1200460,101070162,432,4039.2
2025-04,1200460,101070165,288,2692.8
2025-04,1200460,101070168,288,2692.8
2025-04,1200473,101002715,480,4257.6
2025-04,1200473,101003241,495,2866.05
2025-04,1200473,101070153,378,4312.98
2025-04,1200473,101070154,378,4312.98
2025-04,1200473,101070156,630,7188.3
2025-04,1200473,101070158,378,4312.98
2025-04,1200473,101070162,693,7907.13
2025-04,1200473,101070165,189,2156.49
2025-04,1200473,101070168,756,8625.96
2025-04,1200505,101002612,1050,8578.5
2025-04,1200505,101002715,6120,40147.2
2025-04,1200505,101002717,360,2361.6
2025-04,1200505,101003241,2160,9525.6
2025-04,1200505,101004233,576,4642.56
2025-04,1200505,101070154,72,607.68
2025-04,1200505,101070156,432,3430.08
2025-04,1200505,101070158,216,1823.04
2025-04,1200505,101070162,2304,18293.76
2025-04,1200505,101070165,432,3430.08
2025-04,1200505,101070168,576,4573.44
2025-04,1200514,101002381,375,4919.09
2025-04,1200514,101002402,945,8637.359999999999
2025-04,1200514,101002715,640,5231.81
2025-04,1200514,101003346,384,4832.06
2025-04,1200514,101004224,1536,19669.54
2025-04,1200514,101004233,864,7920.29
2025-04,1200514,101004257,864,7119.54
2025-04,1200514,101070153,441,3976.69
2025-04,1200514,101070154,126,1362.09
2025-04,1200514,101070156,1008,9614.789999999999
2025-04,1200514,101070162,1575,14061.13
2025-04,1200514,101070165,945,8270.27
2025-04,1200514,101070168,1197,11498.66
2025-04,1200518,101001911,12675,188417.67
2025-04,1200518,101003648,12496,163252.12
2025-04,1200518,101004098,78240,428840.66
2025-04,1200521,101002715,320,2694.4
2025-04,1200521,101003241,825,4438.5
2025-04,1200521,101003360,1320,7101.6
2025-04,1200521,101004174,165,887.7
2025-04,1200521,101070163,1125,17178.75
2025-04,1200521,101070166,765,11681.55
2025-04,1200548,101003346,0,-7796.0
2025-04,1200548,101004174,2145,12126.390000000001
2025-04,1200548,101004196,1248,11647.220000000001
2025-04,1200548,101004224,5088,66837.2
2025-04,1200548,101070156,3339,32958.46
2025-04,1200548,101070162,3024,30008.52
2025-04,1200610,101002188,63,611.1800000000001
2025-04,1200610,101002402,189,1867.39
2025-04,1200610,101003241,0,-17.64
2025-04,1200610,101070153,189,1839.39
2025-04,1200610,101070154,189,1844.8200000000002
2025-04,1200610,101070156,945,9314.369999999999
2025-04,1200610,101070158,126,1244.92
2025-04,1200610,101070162,1134,11169.550000000001
2025-04,1200610,101070165,756,7435.7
2025-04,1200610,101070168,1008,9905.16
2025-04,1200611,101002188,63,576.25
2025-04,1200611,101002402,0,-6.24
2025-04,1200611,101002715,800,6560.63
2025-04,1200611,101002717,160,1297.1200000000001
2025-04,1200611,101003241,1155,5985.32
2025-04,1200611,101004141,144,2041.65
2025-04,1200611,101004224,192,2116.4700000000003
2025-04,1200611,101004233,192,1811.06
2025-04,1200611,101004257,192,1547.42
2025-04,1200611,101004261,0,-7.29
2025-04,1200611,101070153,126,1242.19
2025-04,1200611,101070154,63,624.74
2025-04,1200611,101070156,693,6861.45
2025-04,1200611,101070158,1260,12589.65
2025-04,1200611,101070162,1449,14312.72
2025-04,1200611,101070165,126,1230.48
2025-04,1200611,101070168,945,9313.19
2025-04,1200649,101002188,0,-185.36
2025-04,1200649,101002381,0,-24.229999999999997
2025-04,1200649,101002402,0,-70.87
2025-04,1200649,101002612,0,-179.1
2025-04,1200649,101002715,0,-288.46
2025-04,1200649,101002859,0,-39.760000000000005
2025-04,1200649,101003015,0,-90.67
2025-04,1200649,101003241,0,-289.13
2025-04,1200649,101003346,0,-130.85
2025-04,1200649,101003347,0,-156.3
2025-04,1200649,101004141,0,-135.6
2025-04,1200649,101004224,0,-277.14
2025-04,1200649,101004230,0,-47.650000000000006
2025-04,1200649,101004261,0,-541.83
2025-04,1200649,101070040,0,-216.67000000000002
2025-04,1200649,101070153,0,-160.06
2025-04,1200649,101070154,0,-17.72
2025-04,1200649,101070156,0,-66.21000000000001
2025-04,1200649,101070158,0,-35.67
2025-04,1200649,101070162,0,-127.03
2025-04,1200649,101070165,0,-88.92
2025-04,1200649,101070168,0,-769.74
2025-04,1200654,101001911,7875,117064.23999999999
2025-04,1200654,101002622,560,6932.16
2025-04,1200654,101003648,19008,248327.19
2025-04,1200654,101004098,42336,360689.62
2025-04,1200654,101004125,90,1269.82
2025-04,1200654,101070163,405,5794.75
2025-04,1200657,101001911,19050,283183.95
2025-04,1200657,101003648,21296,278218.41
2025-04,1200657,101004098,26784,252642.76
2025-04,1200659,101001911,70200,1043544.01
2025-04,1200659,101002622,9760,-213786.13
2025-04,1200659,101003648,29304,382837.75
2025-04,1200659,101004098,73728,572296.76
2025-04,1200659,101004125,270,3809.46
2025-04,1200659,101070163,450,6438.63
2025-04,1200671,101001911,1050,15692.16
2025-04,1200671,101002622,2000,24271.98
2025-04,1200671,101003648,18304,239718.27
2025-04,1200671,101004098,61536,422729.95
2025-04,1200671,101004125,585,8253.83
2025-04,1200671,101070163,1215,17384.33
2025-04,1200682,101001911,1575,23412.85
2025-04,1200682,101002622,960,11226.11
2025-04,1200682,101003648,8712,113816.63
2025-04,1200682,101004098,14688,34839.01999999999
2025-04,1200682,101004125,315,4444.37
2025-04,1200682,101070163,225,3219.31
2025-04,1200695,101002381,675,8741.25
2025-04,1200695,101002612,750,7207.5
2025-04,1200695,101002859,990,5138.1
2025-04,1200695,101003241,825,4281.75
2025-04,1200695,101003346,480,6302.4
2025-04,1200695,101003360,495,2569.05
2025-04,1200695,101004174,495,2569.05
2025-04,1200695,101004224,480,6302.4
2025-04,1200695,101004233,864,8190.719999999999
2025-04,1200695,101004245,96,1260.48
2025-04,1200695,101005690,864,8190.719999999999
2025-04,1200698,101002402,288,2900.16
2025-04,1200698,101002715,0,-5954.4
2025-04,1200698,101002859,720,3780.0
2025-04,1200698,101003241,1080,5670.0
2025-04,1200698,101003346,1080,14288.400000000001
2025-04,1200698,101003347,1512,20003.760000000002
2025-04,1200698,101003360,360,1890.0
2025-04,1200698,101004141,2268,32727.239999999998
2025-04,1200698,101004224,0,-35091.14
2025-04,1200698,101004229,324,6914.16
2025-04,1200698,101004230,1017,21702.78
2025-04,1200698,101004245,1080,14288.400000000001
2025-04,1200698,101004257,192,1576.32
2025-04,1200698,101004261,6156,131369.03999999998
2025-04,1200698,101070040,714,4676.7
2025-04,1200698,101070156,576,5800.32
2025-04,1200698,101070158,720,7250.4
2025-04,1200698,101070162,432,3913.92
2025-04,1200698,101070165,1008,9132.48
2025-04,1200698,101070168,864,7827.84
2025-04,1200711,101001911,14625,216875.81
2025-04,1200711,101002622,3680,44468.28
2025-04,1200711,101003648,2816,-81903.41
2025-04,1200711,101004098,69984,541374.72
2025-04,1200711,101004125,1170,16365.88
2025-04,1200711,101070163,15075,214220.42
2025-04,1200711,101070166,630,9014.09
2025-04,1200713,101002402,144,1630.08
2025-04,1200713,101002612,300,2966.73
2025-04,1200713,101002715,1080,9415.529999999999
2025-04,1200713,101002716,972,9292.32
2025-04,1200713,101002859,360,2070.0
2025-04,1200713,101003241,360,1833.87
2025-04,1200713,101003346,0,-230.96
2025-04,1200713,101003347,0,-115.48
2025-04,1200713,101003359,360,2070.0
2025-04,1200713,101003360,720,3982.58
2025-04,1200713,101004141,486,7073.83
2025-04,1200713,101004174,0,-78.71
2025-04,1200713,101004224,0,-230.96
2025-04,1200713,101004230,162,3619.08
2025-04,1200713,101004233,0,-153.75
2025-04,1200713,101004257,384,3513.6
2025-04,1200713,101004261,162,3619.08
2025-04,1200713,101070017,0,-76.88
2025-04,1200713,101070040,238,1704.08
2025-04,1200713,101070152,0,-61.98
2025-04,1200713,101070164,288,1630.08
2025-04,1200713,101070167,576,3260.16
2025-04,1200718,101002188,139,1348.3
2025-04,1200718,101002402,0,-79.62
2025-04,1200718,101002612,1200,10846.24
2025-04,1200718,101002715,1440,12772.8
2025-04,1200718,101002716,648,6220.8
2025-04,1200718,101002859,0,-394.1
2025-04,1200718,101003241,360,1354.8600000000001
2025-04,1200718,101003346,1728,24399.36
2025-04,1200718,101003347,432,1982.3900000000003
2025-04,1200718,101003359,360,1875.96
2025-04,1200718,101003360,1800,9578.93
2025-04,1200718,101004141,2430,33648.01
2025-04,1200718,101004174,720,3345.35
2025-04,1200718,101004224,11016,140293.2
2025-04,1200718,101004229,810,16746.66
2025-04,1200718,101004230,2106,45384.229999999996
2025-04,1200718,101004245,216,1217.43
2025-04,1200718,101004257,960,8851.2
2025-04,1200718,101004261,5994,131908.47
2025-04,1200718,101070040,238,1713.6
2025-04,1200718,101070153,0,-79.62
2025-04,1200718,101070155,576,3288.96
2025-04,1200718,101070156,864,8627.04
2025-04,1200718,101070158,1008,10436.699999999999
2025-04,1200718,101070162,1008,10033.670000000002
2025-04,1200718,101070164,0,-79.68
2025-04,1200718,101070165,1872,18899.579999999998
2025-04,1200718,101070167,288,1644.48
2025-04,1200718,101070168,576,5119.27
2025-04,1200719,101004224,12960,182995.2
2025-04,1200720,101002402,0,5.56
2025-04,1200720,101002612,0,10.53
2025-04,1200720,101002859,0,3.53
2025-04,1200720,101003241,0,10.6
2025-04,1200720,101004174,0,3.53
2025-04,1200720,101004229,0,13.73
2025-04,1200720,101004230,0,13.73
2025-04,1200720,101004245,0,-455.55
2025-04,1200720,101004257,0,6.0
2025-04,1200720,101070017,0,3.45
2025-04,1200720,101070152,0,-81.5
2025-04,1200720,101070153,0,5.56
2025-04,1200720,101070155,0,-81.5
2025-04,1200720,101070156,0,5.56
2025-04,1200720,101070158,0,-81.5
2025-04,1200720,101070161,0,-163.01
2025-04,1200720,101070162,0,41.74
2025-04,1200720,101070164,0,-163.01
2025-04,1200720,101070165,0,5.56
2025-04,1200720,101070167,0,-163.01
2025-04,1200720,101070168,0,41.73
2025-04,1200721,101003133,180,1180.8
2025-04,1200721,101003457,720,3175.2
2025-04,1200721,101004219,162,1158.3
2025-04,1200728,101002188,0,-27.01
2025-04,1200728,101002612,0,-258.06
2025-04,1200728,101002859,0,-895.6600000000001
2025-04,1200728,101003241,0,-190.33
2025-04,1200728,101003347,0,-74.27
2025-04,1200728,101003359,0,-38.07
2025-04,1200728,101004141,0,-61.62
2025-04,1200728,101004174,0,-76.13
2025-04,1200728,101004229,0,-49.11
2025-04,1200728,101004230,0,-49.11
2025-04,1200728,101004233,0,-74.34
2025-04,1200728,101004261,0,-98.22
2025-04,1200728,101070153,0,-8.5
2025-04,1200728,101070156,0,-27.01
2025-04,1200728,101070158,0,-27.01
2025-04,1200728,101070168,0,-27.01
2025-04,1200742,101002612,600,4745.15
2025-04,1200742,101002715,1800,13709.14
2025-04,1200742,101002717,720,4853.15
2025-04,1200742,101070153,432,-1970.1000000000004
2025-04,1200742,101070154,1584,9503.82
2025-04,1200742,101070156,1440,8069.58
2025-04,1200742,101070158,1008,3766.8500000000004
2025-04,1200742,101070162,2448,18109.26
2025-04,1200742,101070165,432,-1970.0999999999995
2025-04,1200753,101002859,360,1922.4
2025-04,1200753,101070153,576,6307.2
2025-04,1200753,101070154,288,3153.6
2025-04,1200753,101070156,720,7884.0
2025-04,1200753,101070158,720,7884.0
2025-04,1200753,101070162,720,7884.0
2025-04,1200753,101070165,864,9460.8
2025-04,1200753,101070168,288,3153.6
2025-04,1200761,101002402,432,5292.0
2025-04,1200761,101004233,96,1077.12
2025-04,1200761,101070152,0,-262.08
2025-04,1200761,101070153,432,5292.0
2025-04,1200761,101070158,216,2646.0
2025-04,1200761,101070162,504,5554.08
2025-04,1200761,101070165,1224,13488.48
2025-04,1200761,101070168,360,3967.2
2025-04,1200763,101001911,568,8357.35
2025-04,1200763,101002402,2372,21948.84
2025-04,1200763,101002612,24150,212219.40000000002
2025-04,1200763,101002715,1028,7285.2
2025-04,1200763,101002859,3441,16728.08
2025-04,1200763,101003241,28545,138826.19
2025-04,1200763,101003346,15171,172369.2
2025-04,1200763,101003347,13152,151254.57
2025-04,1200763,101003359,443,2155.69
2025-04,1200763,101004141,4339,57459.79
2025-04,1200763,101004224,59328,682848.47
2025-04,1200763,101004229,12046,249071.53
2025-04,1200763,101004230,17091,349350.43
2025-04,1200763,101004233,8706,77233.92
2025-04,1200763,101004245,240,2739.07
2025-04,1200763,101004257,13191,86517.76
2025-04,1200763,101004261,39816,821753.42
2025-04,1200763,101005690,7610,67426.58
2025-04,1200763,101005693,0,-21.0
2025-04,1200763,101070153,3809,35373.03
2025-04,1200763,101070154,197,1829.9399999999998
2025-04,1200763,101070156,9830,90897.95
2025-04,1200763,101070158,235,2185.5
2025-04,1200763,101070161,33075,154372.56
2025-04,1200763,101070162,1050,9728.640000000001
2025-04,1200763,101070164,18270,85233.88
2025-04,1200763,101070165,4699,43072.31
2025-04,1200763,101070168,1249,11603.54
2025-04,1200769,101002612,3000,26610.149999999998
2025-04,1200769,101002715,7200,54825.99
2025-04,1200769,101002716,4397,35842.9
2025-04,1200769,101002717,4673,35871.92
2025-04,1200769,101002859,360,1841.24
2025-04,1200769,101003015,864,12205.74
2025-04,1200769,101003241,1440,7659.08
2025-04,1200769,101003346,1080,13389.4
2025-04,1200769,101003347,432,4858.049999999999
2025-04,1200769,101004174,720,3506.02
2025-04,1200769,101004224,3240,41426.62
2025-04,1200769,101004229,486,10711.93
2025-04,1200769,101004230,810,18308.11
2025-04,1200769,101004233,2304,21291.06
2025-04,1200769,101004257,1536,12283.21
2025-04,1200769,101004261,2430,53587.47
2025-04,1200769,101070153,0,-44.48
2025-04,1200769,101070154,3168,31921.06
2025-04,1200769,101070156,3600,34799.13
2025-04,1200769,101070158,2160,20148.91
2025-04,1200769,101070162,4752,48007.28
2025-04,1200769,101070165,6480,65841.22
2025-04,1200769,101070168,3888,37375.24
2025-04,1200771,101002188,27,305.1
2025-04,1200771,101002402,18,199.85
2025-04,1200771,101002612,450,4303.89
2025-04,1200771,101002715,960,8047.460000000001
2025-04,1200771,101002717,320,2742.9100000000003
2025-04,1200771,101003241,660,3660.25
2025-04,1200771,101003346,132,1739.0
2025-04,1200771,101003347,96,1189.6299999999999
2025-04,1200771,101004224,804,10680.91
2025-04,1200771,101004245,120,1536.99
2025-04,1200771,101070153,27,301.55
2025-04,1200771,101070154,9,98.15
2025-04,1200771,101070156,441,4831.53
2025-04,1200771,101070158,63,637.36
2025-04,1200771,101070162,252,2744.5499999999997
2025-04,1200771,101070165,315,3474.24
2025-04,1200771,101070168,756,8419.210000000001
2025-04,1200781,101002715,3040,24339.89
2025-04,1200781,101002717,640,5072.58
2025-04,1200781,101003241,495,2569.05
2025-04,1200781,101004174,165,856.35
2025-04,1200781,101004261,504,11042.14
2025-04,1200781,101070156,1386,13812.79
2025-04,1200781,101070158,63,625.59
2025-04,1200781,101070162,1449,12852.18
2025-04,1200781,101070165,441,4064.76
2025-04,1200781,101070168,1449,13970.01
2025-04,1200784,101002188,288,2859.84
2025-04,1200784,101070153,288,2859.84
2025-04,1200784,101070154,288,2859.84
2025-04,1200784,101070162,720,6436.8
2025-04,1200784,101070165,1008,9011.52
2025-04,1200784,101070168,1728,15448.32
2025-04,1200785,101002188,189,1706.7899999999997
2025-04,1200785,101002402,189,1599.56
2025-04,1200785,101002612,150,1478.87
2025-04,1200785,101002715,1120,9821.949999999999
2025-04,1200785,101002717,160,1411.2
2025-04,1200785,101002859,330,1894.2
2025-04,1200785,101003241,330,1818.43
2025-04,1200785,101004174,165,909.22
2025-04,1200785,101070153,189,1814.0199999999998
2025-04,1200785,101070154,378,3520.8199999999997
2025-04,1200785,101070156,630,6153.97
2025-04,1200785,101070158,378,3628.0499999999997
2025-04,1200785,101070162,315,3023.36
2025-04,1200785,101070165,315,3023.36
2025-04,1200785,101070168,315,2380.04
2025-04,1200786,101002402,0,-489.53999999999996
2025-04,1200786,101002612,0,-225.0
2025-04,1200786,101002859,0,-257.05
2025-04,1200786,101003241,0,-424.66
2025-04,1200786,101003359,0,-207.55
2025-04,1200786,101004174,0,-207.55
2025-04,1200786,101004224,0,-1069.56
2025-04,1200786,101004261,0,-521.93
2025-04,1200786,101070153,0,-527.3399999999999
2025-04,1200786,101070154,0,-971.91
2025-04,1200786,101070156,0,-844.1200000000001
2025-04,1200786,101070158,0,-610.13
2025-04,1200786,101070162,0,-647.9300000000001
2025-04,1200786,101070165,0,-444.54999999999995
2025-04,1200786,101070168,0,-1205.88
2025-04,1200793,101002188,63,853.66
2025-04,1200793,101002859,1155,8244.269999999999
2025-04,1200793,101003241,165,1189.65
2025-04,1200793,101004174,495,3235.84
2025-04,1200793,101070153,0,-64.25
2025-04,1200793,101070154,504,6849.8
2025-04,1200793,101070158,252,3286.1099999999997
2025-04,1200793,101070162,1449,19762.59
2025-04,1200793,101070165,378,5250.44
2025-04,1200793,101070168,1323,18762.09
2025-04,1200796,101002859,0,-102.6
2025-04,1200796,101003360,0,-102.6
2025-04,1200796,101004141,0,-750.87
2025-04,1200796,101004261,0,-800.28
2025-04,1200796,101070168,288,2903.04
2025-04,1200806,101003346,1080,13834.8
2025-04,1200806,101004230,0,-477.7
2025-04,1200806,101004261,0,-477.71
2025-04,1200806,101070156,288,3087.3599999999997
2025-04,1200806,101070158,288,3087.3599999999997
2025-04,1200806,101070162,576,6174.719999999999
2025-04,1200806,101070165,576,6174.719999999999
2025-04,1200806,101070168,1872,20067.84
2025-04,1200826,101002715,130,939.9
2025-04,1200826,101002859,150,706.5
2025-04,1200826,101003360,90,423.90000000000003
2025-04,1200826,101004257,100,598.0
2025-04,1200826,101070154,50,395.5
2025-04,1200826,101070165,50,395.5
2025-04,1200830,101004224,3672,45642.96
2025-04,1200830,101004257,576,4671.36
2025-04,1200830,101070162,144,1445.76
2025-04,1200830,101070165,288,2891.52
2025-04,1200830,101070168,1008,10120.32
2025-04,1200841,101002381,5100,67429.47
2025-04,1200841,101002612,7500,63322.8
2025-04,1200841,101002859,11160,56685.31
2025-04,1200841,101003241,7200,35840.659999999996
2025-04,1200841,101003347,4080,40857.71
2025-04,1200841,101004224,19008,216519.1
2025-04,1200841,101004229,1944,29573.260000000002
2025-04,1200841,101004230,4536,86756.71
2025-04,1200841,101004233,6528,49726.56
2025-04,1200841,101004261,11664,220696.78999999998
2025-04,1200841,101005690,4800,40505.49
2025-04,1200841,101005693,0,-15572.74
2025-04,1200841,101070017,2688,18793.969999999998
2025-04,1200841,101070026,0,-10884.78
2025-04,1200841,101070152,6912,29830.68
2025-04,1200841,101070155,8352,37058.76
2025-04,1200841,101070161,12384,54418.49
2025-04,1200841,101070164,6624,28393.07
2025-04,1200841,101070167,7488,33391.63
2025-04,1200854,101002715,2160,16802.08
2025-04,1200854,101002716,324,2759.9100000000003
2025-04,1200854,101002717,360,2793.14
2025-04,1200854,101003241,360,1964.69
2025-04,1200854,101003347,0,-17.47
2025-04,1200854,101004141,162,2310.12
2025-04,1200854,101004224,1728,21945.84
2025-04,1200854,101004245,216,2719.44
2025-04,1200854,101070153,0,-4.46
2025-04,1200854,101070156,432,4424.8
2025-04,1200854,101070158,144,1496.81
2025-04,1200854,101070162,288,2934.44
2025-04,1200854,101070165,144,1471.78
2025-04,1200854,101070168,576,5915.37
2025-04,1200872,101070040,1666,10912.3
2025-04,1200877,101003360,24,67.68
2025-04,1200887,101070153,819,7878.78
2025-04,1200887,101070162,1449,13939.38
2025-04,1200887,101070165,1386,13333.32
2025-04,1200887,101070168,126,1212.12
2025-04,1200890,101004261,72,1785.6
2025-04,1200890,101070168,126,1423.8
2025-04,1200915,101002402,126,1583.5400000000002
2025-04,1200915,101003241,660,4052.8900000000003
2025-04,1200915,101004174,660,4105.53
2025-04,1200915,101004257,96,935.4699999999999
2025-04,1200915,101070153,189,2314.4
2025-04,1200915,101070156,0,-284.23
2025-04,1200915,101070158,126,1583.5400000000002
2025-04,1200915,101070162,315,3857.33
2025-04,1200915,101070165,189,2314.4
2025-04,1200915,101070168,378,4710.01
2025-04,1200918,101002188,0,-75.0
2025-04,1200918,101002402,0,-100.0
2025-04,1200918,101070153,0,-150.0
2025-04,1200918,101070154,0,-150.0
2025-04,1200918,101070156,0,-375.0
2025-04,1200918,101070162,0,-350.0
2025-04,1200918,101070165,0,-150.0
2025-04,1200918,101070168,0,-150.0
2025-04,1200924,101002188,72,739.44
2025-04,1200924,101002402,288,2957.76
2025-04,1200924,101003346,108,1470.96
2025-04,1200924,101003347,108,1387.8
2025-04,1200924,101004141,81,1151.01
2025-04,1200924,101004224,324,4163.4
2025-04,1200924,101004257,192,1628.16
2025-04,1200924,101070153,72,739.44
2025-04,1200924,101070154,144,1478.88
2025-04,1200924,101070156,720,7394.4
2025-04,1200924,101070158,720,7394.4
2025-04,1200924,101070162,720,7394.4
2025-04,1200924,101070165,288,2957.76
2025-04,1200924,101070168,720,7394.4
2025-04,1200927,101003133,1080,7084.8
2025-04,1200927,101003347,216,2268.0
2025-04,1200927,101003457,720,3175.2
2025-04,1200927,101004219,972,6949.8
2025-04,1200927,101004233,384,3095.04
2025-04,1200927,101004261,162,3055.32
2025-04,1200929,101004257,384,3152.64
2025-04,1200929,101070017,192,1472.64
2025-04,1200929,101070040,1190,7794.5
2025-04,1200933,101002612,0,-86.49
2025-04,1200933,101002859,0,-28.03
2025-04,1200933,101003241,0,-56.05
2025-04,1200933,101004174,0,-28.03
2025-04,1200933,101004224,0,-85.08
2025-04,1200933,101004261,0,-114.6
2025-04,1200933,101070040,0,-385.56
2025-04,1200933,101070156,0,-85.79
2025-04,1200933,101070162,0,-171.59
2025-04,1200933,101070165,0,-171.59
2025-04,1200933,101070168,0,-128.69
2025-04,1200943,101002715,360,3160.8
2025-04,1200943,101002859,360,2052.0
2025-04,1200943,101003241,360,2052.0
2025-04,1200943,101004174,360,2052.0
2025-04,1200943,101070154,144,1612.8
2025-04,1200943,101070156,144,1612.8
2025-04,1200943,101070162,288,3225.6
2025-04,1200943,101070165,288,3225.6
2025-04,1200948,101002381,300,3678.44
2025-04,1200948,101002402,144,1353.89
2025-04,1200948,101002715,1440,11180.18
2025-04,1200948,101003347,432,5370.58
2025-04,1200948,101004141,324,4386.86
2025-04,1200948,101004224,1296,16111.71
2025-04,1200948,101004229,162,3234.54
2025-04,1200948,101004230,162,3234.54
2025-04,1200948,101004245,432,5370.58
2025-04,1200948,101004261,324,6469.07
2025-04,1200948,101070154,144,1353.89
2025-04,1200948,101070162,288,2422.6699999999996
2025-04,1200948,101070168,288,2422.6699999999996
2025-04,1200949,101002381,0,-75.94
2025-04,1200949,101003346,0,-208.75
2025-04,1200949,101004141,0,-519.12
2025-04,1200949,101070153,0,-56.02
2025-04,1200949,101070156,0,-224.09
2025-04,1200949,101070162,0,-448.18
2025-04,1200949,101070165,0,-336.13
2025-04,1200949,101070168,0,-1344.53
2025-04,1200956,101002188,144,1612.8
2025-04,1200956,101002402,63,705.6
2025-04,1200956,101002715,180,1580.4
2025-04,1200956,101002859,90,513.0
2025-04,1200956,101004257,192,1739.52
2025-04,1200956,101070153,63,705.6
2025-04,1200956,101070154,144,1612.8
2025-04,1200956,101070158,144,1612.8
2025-04,1200956,101070162,144,1612.8
2025-04,1200956,101070165,63,705.6
2025-04,1200956,101070168,144,1612.8
2025-04,1200973,101002188,63,665.62
2025-04,1200973,101002715,160,1347.99
2025-04,1200973,101002717,0,-39.209999999999994
2025-04,1200973,101002859,165,903.52
2025-04,1200973,101003241,330,1813.97
2025-04,1200973,101003359,0,-22.130000000000003
2025-04,1200973,101004174,165,896.5799999999999
2025-04,1200973,101070153,126,1341.19
2025-04,1200973,101070154,63,650.08
2025-04,1200973,101070156,126,1338.38
2025-04,1200973,101070158,63,668.0
2025-04,1200973,101070162,189,2027.11
2025-04,1200973,101070165,126,1330.82
2025-04,1200973,101070168,315,3345.59
2025-04,1200976,101002612,300,3219.0
2025-04,1200976,101003241,330,2019.6
2025-04,1200976,101070153,126,1543.5
2025-04,1200976,101070154,126,1543.5
2025-04,1200976,101070162,189,2315.25
2025-04,1200976,101070165,63,771.75
2025-04,1200976,101070168,378,4630.5
2025-04,1200978,101002188,288,3260.16
2025-04,1200978,101002402,288,3260.16
2025-04,1200978,101070153,144,1630.08
2025-04,1200978,101070154,432,4890.24
2025-04,1200978,101070156,720,8150.4
2025-04,1200978,101070158,576,6520.32
2025-04,1200978,101070162,720,8150.4
2025-04,1200978,101070165,432,4890.24
2025-04,1200978,101070168,720,8150.4
2025-04,1200984,101004224,15120,182628.0
2025-04,1200985,101001911,3300,45877.01
2025-04,1200985,101002622,14720,150467.99
2025-04,1200985,101003648,5896,73247.06000000001
2025-04,1200985,101004098,18720,168967.28
2025-04,1200985,101004125,3060,34701.06
2025-04,1200985,101070163,7110,91595.34000000001
2025-04,1200989,101001911,900,13446.0
2025-04,1200989,101004196,4032,38225.36
2025-04,1200989,101070163,4140,62768.7
2025-04,1200989,101070166,10170,126111.59999999999
2025-04,1200996,101070156,63,625.59
2025-04,1200996,101070162,189,1876.77
2025-04,1200996,101070165,126,1251.18
2025-04,1201001,101002715,10800,95796.0
2025-04,1201001,101002716,648,6220.8
2025-04,1201001,101002859,720,4168.8
2025-04,1201001,101003015,576,8916.48
2025-04,1201001,101003241,360,2084.4
2025-04,1201001,101003347,216,3049.92
2025-04,1201001,101003359,720,4168.8
2025-04,1201001,101003360,360,2084.4
2025-04,1201001,101004141,324,5060.88
2025-04,1201001,101004174,720,4168.8
2025-04,1201001,101004183,195,1129.05
2025-04,1201001,101004224,6480,91497.6
2025-04,1201001,101004230,162,3630.42
2025-04,1201001,101004233,545,5777.0
2025-04,1201001,101004261,4860,108912.6
2025-04,1201001,101070153,144,1643.04
2025-04,1201001,101070154,144,1643.04
2025-04,1201001,101070162,288,2957.76
2025-04,1201002,101070156,1584,12576.96
2025-04,1201002,101070158,864,7292.16
2025-04,1201002,101070162,2592,20580.48
2025-04,1201002,101070165,1008,8003.5199999999995
2025-04,1201002,101070168,2016,16007.04
2025-04,1201009,101003133,720,4723.2
2025-04,1201009,101003346,216,2268.0
2025-04,1201009,101003347,216,2268.0
2025-04,1201009,101003359,180,793.8
2025-04,1201009,101003360,180,793.8
2025-04,1201009,101003456,144,1143.36
2025-04,1201009,101003457,180,793.8
2025-04,1201009,101004141,324,3706.56
2025-04,1201009,101004219,324,2316.6
2025-04,1201009,101004224,756,7938.0
2025-04,1201009,101004229,162,3055.32
2025-04,1201009,101004230,162,3055.32
2025-04,1201009,101004245,216,2268.0
2025-04,1201009,101004257,96,641.28
2025-04,1201009,101004261,162,3055.32
2025-04,1201009,101070162,72,571.68
2025-04,1201009,101070165,72,571.68
2025-04,1201012,101002381,150,1942.5
2025-04,1201012,101002715,1800,14760.0
2025-04,1201012,101003346,216,2836.08
2025-04,1201012,101003347,648,8508.24
2025-04,1201012,101004141,810,11583.0
2025-04,1201012,101004224,5400,70902.0
2025-04,1201012,101004230,162,3437.64
2025-04,1201012,101004233,192,1820.16
2025-04,1201012,101004257,192,1555.2
2025-04,1201012,101004261,486,10312.92
2025-04,1201012,101005690,192,1820.16
2025-04,1201012,101070017,192,1455.36
2025-04,1201012,101070040,238,1542.24
2025-04,1201014,101002381,20,287.6
2025-04,1201014,101002612,30,303.3
2025-04,1201014,101003347,120,1659.6
2025-04,1201014,101004141,90,1370.7
2025-04,1201014,101004261,20,441.2
2025-04,1201014,101070017,80,657.6
2025-04,1201014,101070040,102,712.98
2025-04,1201016,101002402,126,1624.14
2025-04,1201016,101003241,1320,8421.6
2025-04,1201016,101004174,330,2105.4
2025-04,1201016,101070153,378,4872.42
2025-04,1201016,101070156,126,1624.14
2025-04,1201016,101070158,63,812.07
2025-04,1201016,101070162,378,4872.42
2025-04,1201016,101070168,189,2436.21
2025-04,1201020,101002715,0,-1158.0
2025-04,1201020,101002716,324,2919.24
2025-04,1201020,101002717,360,2977.2
2025-04,1201020,101002859,360,1890.0
2025-04,1201020,101003241,360,-299.0100000000002
2025-04,1201020,101003347,216,2030.2399999999998
2025-04,1201020,101003359,720,3232.75
2025-04,1201020,101003360,0,-1094.5
2025-04,1201020,101004141,486,5659.24
2025-04,1201020,101004183,360,1890.0
2025-04,1201020,101004245,648,8573.04
2025-04,1201020,101004257,0,-912.85
2025-04,1201020,101004261,162,3457.08
2025-04,1201020,101070162,1296,9222.52
2025-04,1201020,101070165,288,1769.5400000000002
2025-04,1201020,101070168,576,3958.9400000000005
2025-04,1201026,101002381,75,825.75
2025-04,1201026,101002612,150,1225.5
2025-04,1201026,101002715,2520,16531.2
2025-04,1201026,101002716,1296,9266.4
2025-04,1201026,101003346,108,1134.0
2025-04,1201026,101003360,720,3175.2
2025-04,1201026,101004230,81,1527.66
2025-04,1201026,101004233,96,773.76
2025-04,1201026,101004245,108,1134.0
2025-04,1201026,101004261,81,1527.66
2025-04,1201026,101070156,72,571.68
2025-04,1201026,101070158,72,607.68
2025-04,1201026,101070162,72,571.68
2025-04,1201026,101070165,72,571.68
2025-04,1201026,101070168,1584,12576.96
2025-04,1201029,101002188,144,1215.36
2025-04,1201029,101003133,1800,11808.0
2025-04,1201029,101003346,432,4536.0
2025-04,1201029,101003347,216,2268.0
2025-04,1201029,101003456,432,3430.08
2025-04,1201029,101004141,162,1853.28
2025-04,1201029,101004245,216,2268.0
2025-04,1201029,101070156,144,1143.36
2025-04,1201031,101002381,0,-392.7
2025-04,1201031,101002715,0,-8336.16
2025-04,1201031,101002859,360,1890.0
2025-04,1201031,101003347,216,2857.68
2025-04,1201031,101003360,360,1890.0
2025-04,1201031,101004141,810,11688.3
2025-04,1201031,101004224,0,-9699.26
2025-04,1201031,101004245,216,2857.68
2025-04,1201031,101070040,238,1558.9
2025-04,1201031,101070153,0,-290.02
2025-04,1201031,101070156,0,-580.03
2025-04,1201031,101070165,0,-290.02
2025-04,1201035,101002612,1350,13349.81
2025-04,1201035,101002715,320,2797.64
2025-04,1201035,101002859,165,915.5699999999999
2025-04,1201035,101003241,330,-881.8900000000001
2025-04,1201035,101003359,0,-1.41
2025-04,1201035,101004174,165,876.1
2025-04,1201035,101070153,252,2793.3
2025-04,1201035,101070156,4977,55490.46
2025-04,1201035,101070158,441,4626.099999999999
2025-04,1201035,101070162,6930,77222.0
2025-04,1201035,101070165,1260,13574.84
2025-04,1201035,101070168,7875,87751.51
2025-04,1201037,101002715,160,1297.6
2025-04,1201037,101003360,165,891.0
2025-04,1201037,101004233,96,948.48
2025-04,1201037,101070168,63,669.06
2025-04,1201047,101004214,15360,144884.74
2025-04,1201050,101002402,144,1429.92
2025-04,1201050,101002715,5400,44658.0
2025-04,1201050,101004200,0,-34156.8
2025-04,1201050,101004224,4320,-17171.999999999993
2025-04,1201050,101004261,4050,86896.79999999999
2025-04,1201050,101070040,5236,34295.8
2025-04,1201050,101070156,144,1429.92
2025-04,1201050,101070158,144,1429.92
2025-04,1201050,101070162,8640,74648.16
2025-04,1201050,101070165,6768,61637.759999999995
2025-04,1201050,101070168,5760,47633.759999999995
2025-04,1201055,101003456,864,6860.16
2025-04,1201060,101002715,5440,48252.799999999996
2025-04,1201060,101003241,1815,10508.85
2025-04,1201060,101003346,192,2711.04
2025-04,1201060,101003347,768,10844.16
2025-04,1201060,101004141,2376,37113.12
2025-04,1201060,101004224,2016,28465.92
2025-04,1201060,101004245,192,2711.04
2025-04,1201060,101004261,504,12549.6
2025-04,1201065,101002402,72,806.4
2025-04,1201065,101002715,360,3160.8
2025-04,1201065,101002716,81,770.31
2025-04,1201065,101002717,90,790.2
2025-04,1201065,101002859,90,513.0
2025-04,1201065,101003241,360,2052.0
2025-04,1201065,101003360,270,1539.0
2025-04,1201065,101004141,41,633.04
2025-04,1201065,101004174,90,513.0
2025-04,1201065,101004183,90,513.0
2025-04,1201065,101004230,41,912.25
2025-04,1201065,101070154,72,806.4
2025-04,1201065,101070156,72,806.4
2025-04,1201065,101070158,72,806.4
2025-04,1201065,101070162,72,725.76
2025-04,1201071,101002402,0,-142.99
2025-04,1201071,101002612,0,-576.6
2025-04,1201071,101002715,10800,88560.0
2025-04,1201071,101002859,0,-373.68
2025-04,1201071,101003241,0,-373.68
2025-04,1201071,101003347,0,-283.61
2025-04,1201071,101003360,0,-186.84
2025-04,1201071,101004141,0,-231.66
2025-04,1201071,101004174,0,-186.84
2025-04,1201071,101004183,0,-186.84
2025-04,1201071,101004200,0,-33753.6
2025-04,1201071,101004224,18360,241066.8
2025-04,1201071,101004229,324,6833.16
2025-04,1201071,101004230,324,6451.16
2025-04,1201071,101004245,0,-425.42
2025-04,1201071,101004261,1620,34165.8
2025-04,1201071,101070040,952,5997.6
2025-04,1201071,101070162,0,-285.98
2025-04,1201071,101070165,0,-285.98
2025-04,1201071,101070168,0,-285.98
2025-04,1201072,101002715,1800,15696.0
2025-04,1201072,101004224,11016,153122.4
2025-04,1201072,101004261,648,15947.28
2025-04,1201073,101002188,189,1336.0
2025-04,1201073,101002402,189,1311.97
2025-04,1201073,101002612,300,2889.6
2025-04,1201073,101002715,480,3952.7999999999997
2025-04,1201073,101002859,165,857.67
2025-04,1201073,101003241,495,2581.58
2025-04,1201073,101004141,72,1028.6000000000001
2025-04,1201073,101004224,96,1244.74
2025-04,1201073,101004230,72,1685.8799999999999
2025-04,1201073,101004233,192,1834.36
2025-04,1201073,101004257,96,788.16
2025-04,1201073,101004261,144,3376.0099999999998
2025-04,1201073,101070040,238,1944.46
2025-04,1201073,101070153,189,1222.6000000000001
2025-04,1201073,101070154,315,2197.17
2025-04,1201073,101070156,315,2152.56
2025-04,1201073,101070158,189,1295.4
2025-04,1201073,101070162,441,2798.31
2025-04,1201073,101070165,189,1218.6200000000001
2025-04,1201073,101070168,567,4210.36
2025-04,1201076,101002188,72,806.4
2025-04,1201076,101002402,72,806.4
2025-04,1201076,101003346,108,1509.84
2025-04,1201076,101004141,81,1250.64
2025-04,1201076,101004233,96,1002.24
2025-04,1201076,101004257,96,869.76
2025-04,1201076,101070153,72,806.4
2025-04,1201076,101070154,72,806.4
2025-04,1201076,101070156,144,1612.8
2025-04,1201076,101070158,144,1612.8
2025-04,1201087,101002188,144,1630.08
2025-04,1201087,101002716,324,3097.44
2025-04,1201087,101002717,360,3178.8
2025-04,1201087,101003015,288,4443.84
2025-04,1201087,101003347,216,3036.96
2025-04,1201087,101004141,162,2517.48
2025-04,1201087,101004229,162,4020.84
2025-04,1201087,101004230,162,4020.84
2025-04,1201087,101004261,162,4020.84
2025-04,1201087,101070154,72,815.04
2025-04,1201087,101070156,144,1630.08
2025-04,1201087,101070158,72,815.04
2025-04,1201087,101070162,216,2445.12
2025-04,1201087,101070168,288,3260.16
2025-04,1205005,101002612,300,2925.0
2025-04,1205005,101002859,165,876.15
2025-04,1205005,101003241,165,876.15
2025-04,1205005,101004224,96,1278.72
2025-04,1205005,101004257,192,1597.44
2025-04,1205005,101070158,315,3219.3
2025-04,1205005,101070162,315,3219.3
2025-04,1205009,101002612,150,1441.5
2025-04,1205009,101002715,160,1312.0
2025-04,1205009,101004224,192,2520.96
2025-04,1205009,101004257,96,777.6
2025-04,1205009,101004261,144,3395.52
2025-04,1205010,101070155,2880,7920.0
2025-04,1205010,101070161,4320,11880.0
2025-04,1205010,101070164,1440,3960.0
2025-04,1205017,101002188,144,1215.36
2025-04,1205017,101003133,720,4723.2
2025-04,1205017,101003457,360,1587.6
2025-04,1205021,101002859,1080,6814.8
2025-04,1205021,101004174,720,4543.2
2025-04,1205026,101002715,2520,18396.0
2025-04,1205026,101002717,1080,7884.0
2025-04,1205026,101003241,3240,15940.8
2025-04,1205032,101070153,0,-100.0
2025-04,1205032,101070156,0,-350.0
2025-04,1205032,101070158,0,-100.0
2025-04,1205032,101070162,0,-450.0
2025-04,1205032,101070165,0,-250.0
2025-04,1205032,101070168,0,-250.0
2025-04,1205044,101002188,288,3055.68
2025-04,1205044,101070040,714,5355.0
2025-04,1205044,101070153,144,1527.84
2025-04,1205044,101070154,288,3055.68
2025-04,1205044,101070156,1152,12222.72
2025-04,1205044,101070158,288,3055.68
2025-04,1205044,101070162,576,6111.36
2025-04,1205044,101070168,1152,12222.72
2025-04,1205046,101002612,900,9153.0
2025-04,1205046,101002859,360,2037.6
2025-04,1205046,101003241,2160,11923.2
2025-04,1205046,101003347,1944,27021.600000000002
2025-04,1205046,101003359,720,4075.2
2025-04,1205046,101003360,1440,8150.4
2025-04,1205046,101004141,2268,34020.0
2025-04,1205046,101004174,360,2037.6
2025-04,1205046,101004224,2592,34468.740000000005
2025-04,1205046,101004230,162,3588.3
2025-04,1205046,101004233,384,3974.4
2025-04,1205046,101004257,192,1722.24
2025-04,1205046,101004261,1134,25118.1
2025-04,1205046,101005690,192,1987.2
2025-04,1205046,101070156,288,3193.92
2025-04,1205046,101070161,576,3191.04
2025-04,1205046,101070165,864,8622.72
2025-04,1205046,101070167,864,4786.5599999999995
2025-04,1205046,101070168,0,-792.0
2025-04,1205049,101002188,288,3090.24
2025-04,1205049,101002402,288,3090.24
2025-04,1205049,101004233,192,1912.32
2025-04,1205049,101070040,238,2013.48
2025-04,1205049,101070153,288,3090.24
2025-04,1205049,101070154,288,3090.24
2025-04,1205049,101070156,720,7725.6
2025-04,1205049,101070158,288,3090.24
2025-04,1205049,101070162,720,7725.6
2025-04,1205049,101070165,432,4635.36
2025-04,1205049,101070168,720,7725.6
2025-04,1205051,101002612,0,-156.67
2025-04,1205051,101003359,0,-108.65
2025-04,1205051,101004141,0,-389.44
2025-04,1205051,101004224,0,-4574.88
2025-04,1205051,101004261,0,-4219.47
2025-04,1205054,101002715,20520,171212.4
2025-04,1205054,101004224,6048,82222.56
2025-04,1205054,101004261,1296,28657.8
2025-04,1205054,101070168,720,7351.2
2025-04,1205057,101002402,252,2502.36
2025-04,1205057,101002715,640,5644.8
2025-04,1205057,101002717,160,1510.4
2025-04,1205057,101003241,330,2082.3
2025-04,1205057,101004174,1320,8329.2
2025-04,1205057,101070153,315,4003.65
2025-04,1205057,101070154,126,1601.46
2025-04,1205057,101070156,882,10509.66
2025-04,1205057,101070158,252,3202.92
2025-04,1205057,101070162,315,4003.65
2025-04,1205057,101070165,630,8007.3
2025-04,1205057,101070168,441,4904.55
2025-04,C5800,101002613,6000,37479.0
2025-04,C5800,101003118,3600,12144.6
2025-04,C5800,101003119,8227,27753.780000000002
2025-04,C5800,101003122,5400,18216.9
2025-04,C5800,101003207,20500,109265.0
2025-04,C5800,101003242,28800,97156.80000000002
2025-04,C5800,101004148,21312,131324.55000000002
2025-04,C5800,101004189,52704,449802.27999999997
2025-04,C5800,101004226,2430,37244.61
2025-04,C5800,101004246,5400,46086.3
2025-04,C5800,101070173,4320,27883.44
2025-04,C5800,101070176,2880,18588.96
2025-04,NCASH510,101002859,2,8.4
2025-04,NCASH510,101003241,12,50.4
2025-04,NCASH510,101003347,2,21.0
2025-04,NCASH510,101003359,2,8.4
2025-04,NCASH510,101003360,2,8.4
2025-04,NCASH510,101004141,8,91.2
2025-04,NCASH510,101004174,2,8.4
2025-04,NCASH510,101004224,4,42.0
2025-04,NCASH510,101004245,2,21.0
2025-04,NCASH510,101004257,1,6.5
2025-04,NCASH510,101070162,12,96.0
2025-04,NCASH510,101070165,1,8.0
2025-05,1200002,101002715,360,2953.31
2025-05,1200002,101003346,0,-22.93
2025-05,1200002,101003347,432,4837.07
2025-05,1200002,101004141,972,11926.44
2025-05,1200002,101004245,0,-22.93
2025-05,1200002,101004257,0,-12.65
2025-05,1200002,101004261,0,-92.48
2025-05,1200002,101070154,0,-11.64
2025-05,1200002,101070162,1008,8558.66
2025-05,1200002,101070165,0,-34.91
2025-05,1200002,101070168,432,3639.73
2025-05,1200007,101002402,72,616.32
2025-05,1200007,101002716,162,1459.62
2025-05,1200007,101003347,108,1215.0
2025-05,1200007,101003359,180,945.0
2025-05,1200007,101004183,180,945.0
2025-05,1200007,101004224,648,8573.04
2025-05,1200007,101004257,96,788.16
2025-05,1200007,101004261,162,3841.02
2025-05,1200007,101070153,72,616.32
2025-05,1200007,101070154,72,616.32
2025-05,1200007,101070156,72,616.32
2025-05,1200007,101070158,72,616.32
2025-05,1200007,101070162,432,3697.92
2025-05,1200007,101070165,144,1232.64
2025-05,1200007,101070168,144,1232.64
2025-05,1200008,101002402,144,1215.36
2025-05,1200008,101002715,360,2952.0
2025-05,1200008,101003347,216,2410.56
2025-05,1200008,101004224,216,2836.08
2025-05,1200008,101070153,144,1215.36
2025-05,1200008,101070162,1872,15799.68
2025-05,1200008,101070165,1440,12153.6
2025-05,1200008,101070168,288,2430.72
2025-05,1200010,101002859,165,889.35
2025-05,1200010,101003347,96,1239.36
2025-05,1200010,101003359,165,889.35
2025-05,1200010,101004141,72,1027.44
2025-05,1200010,101004224,96,1239.36
2025-05,1200010,101004233,96,947.52
2025-05,1200010,101004245,96,1152.96
2025-05,1200010,101004261,360,8211.6
2025-05,1200010,101005690,192,1895.04
2025-05,1200010,101070040,119,998.41
2025-05,1200010,101070162,63,669.06
2025-05,1200010,101070165,63,669.06
2025-05,1200010,101070168,126,1338.12
2025-05,1200015,101002381,150,1942.5
2025-05,1200015,101002402,288,2430.72
2025-05,1200015,101002859,720,3736.8
2025-05,1200015,101003347,216,2410.56
2025-05,1200015,101003359,360,1868.4
2025-05,1200015,101004141,162,1968.3
2025-05,1200015,101004183,360,1868.4
2025-05,1200015,101004224,0,-25531.2
2025-05,1200015,101004230,162,3819.96
2025-05,1200015,101004257,192,1555.2
2025-05,1200015,101070040,123,875.76
2025-05,1200015,101070156,144,1215.36
2025-05,1200015,101070158,144,1215.36
2025-05,1200015,101070162,2016,17015.04
2025-05,1200015,101070165,1440,12153.6
2025-05,1200015,101070168,2016,17015.04
2025-05,1200016,101002188,720,6076.799999999999
2025-05,1200016,101002402,864,7292.16
2025-05,1200016,101002715,0,-7970.400000000001
2025-05,1200016,101003015,288,4245.12
2025-05,1200016,101003347,648,7231.68
2025-05,1200016,101004141,2592,31492.8
2025-05,1200016,101004224,0,-45956.16
2025-05,1200016,101004245,216,2836.08
2025-05,1200016,101004257,192,1555.2
2025-05,1200016,101004261,0,-20645.28
2025-05,1200016,101005690,192,1820.16
2025-05,1200016,101070040,0,-316.94
2025-05,1200016,101070153,720,6076.799999999999
2025-05,1200016,101070156,864,7292.16
2025-05,1200016,101070158,720,6076.799999999999
2025-05,1200016,101070162,1872,15799.68
2025-05,1200016,101070165,432,3646.08
2025-05,1200016,101070168,2880,24307.199999999997
2025-05,1200017,101004224,0,-34836.48
2025-05,1200018,101002381,300,3927.0
2025-05,1200018,101002402,576,4930.56
2025-05,1200018,101002715,0,-1950.8899999999999
2025-05,1200018,101002717,0,-1555.59
2025-05,1200018,101002859,360,603.22
2025-05,1200018,101003241,720,2496.37
2025-05,1200018,101003346,216,2857.68
2025-05,1200018,101003347,1944,21870.0
2025-05,1200018,101003359,360,1890.0
2025-05,1200018,101003360,360,1890.0
2025-05,1200018,101004141,3078,37767.06
2025-05,1200018,101004174,360,1890.0
2025-05,1200018,101004224,1944,-33434.86
2025-05,1200018,101004229,162,3841.02
2025-05,1200018,101004230,324,7682.04
2025-05,1200018,101004245,432,5715.36
2025-05,1200018,101004257,192,-246.29999999999995
2025-05,1200018,101004261,3402,33412.020000000004
2025-05,1200018,101005690,0,-2095.42
2025-05,1200018,101070017,192,1472.64
2025-05,1200018,101070153,0,-2274.81
2025-05,1200018,101070154,144,1232.64
2025-05,1200018,101070156,288,2465.28
2025-05,1200018,101070158,288,2465.28
2025-05,1200018,101070162,720,6163.2
2025-05,1200018,101070165,432,3697.92
2025-05,1200018,101070168,1728,14791.68
2025-05,1200019,101002188,72,692.64
2025-05,1200019,101002381,75,1095.0
2025-05,1200019,101002612,300,3084.0
2025-05,1200019,101002715,180,1589.4
2025-05,1200019,101002859,360,2070.0
2025-05,1200019,101003347,432,5162.4
2025-05,1200019,101004141,648,8560.08
2025-05,1200019,101004233,192,2021.76
2025-05,1200019,101004257,192,1756.8
2025-05,1200019,101070017,96,808.32
2025-05,1200019,101070153,144,1385.28
2025-05,1200019,101070154,144,1385.28
2025-05,1200019,101070156,144,1385.28
2025-05,1200019,101070162,1728,14178.240000000002
2025-05,1200023,101002188,144,1232.64
2025-05,1200023,101002381,150,1963.5
2025-05,1200023,101002859,720,3780.0
2025-05,1200023,101003241,360,1890.0
2025-05,1200023,101003347,648,7290.0
2025-05,1200023,101004141,648,7950.96
2025-05,1200023,101004174,360,1890.0
2025-05,1200023,101004224,1080,14288.4
2025-05,1200023,101004230,162,3841.02
2025-05,1200023,101004233,192,1841.28
2025-05,1200023,101004261,162,3841.02
2025-05,1200023,101070156,288,2465.28
2025-05,1200023,101070162,144,1232.64
2025-05,1200023,101070165,144,1232.64
2025-05,1200023,101070168,288,2465.28
2025-05,1200027,101002188,432,3840.48
2025-05,1200027,101002402,432,3840.48
2025-05,1200027,101002715,240,1780.8
2025-05,1200027,101002859,600,2808.0
2025-05,1200027,101004257,160,1192.0
2025-05,1200027,101070153,432,3840.48
2025-05,1200027,101070154,540,4800.6
2025-05,1200027,101070156,864,7680.96
2025-05,1200027,101070158,648,5760.72
2025-05,1200027,101070162,972,8641.08
2025-05,1200027,101070165,972,8641.08
2025-05,1200027,101070168,756,6720.84
2025-05,1200029,101002402,72,607.68
2025-05,1200029,101003241,900,4671.0
2025-05,1200029,101003359,360,1868.4
2025-05,1200029,101004141,81,984.15
2025-05,1200029,101004224,432,5672.16
2025-05,1200029,101070153,288,2430.72
2025-05,1200029,101070154,72,607.68
2025-05,1200029,101070156,72,607.68
2025-05,1200029,101070158,72,607.68
2025-05,1200029,101070162,360,3038.4
2025-05,1200029,101070165,1080,9115.2
2025-05,1200029,101070168,504,4253.76
2025-05,1200031,101002612,300,3099.0
2025-05,1200031,101002716,324,3110.4
2025-05,1200031,101002859,360,2084.4
2025-05,1200031,101003015,288,4458.24
2025-05,1200031,101003241,720,4168.8
2025-05,1200031,101003359,360,2084.4
2025-05,1200031,101003360,360,2084.4
2025-05,1200031,101004141,486,6454.08
2025-05,1200031,101004183,360,2084.4
2025-05,1200031,101004229,162,4033.8
2025-05,1200031,101004230,162,4033.8
2025-05,1200031,101004233,192,2035.2
2025-05,1200031,101004257,192,1770.24
2025-05,1200031,101005690,192,2035.2
2025-05,1200031,101070017,192,1628.16
2025-05,1200031,101070156,144,1396.8
2025-05,1200031,101070162,144,1396.8
2025-05,1200032,101002188,288,2990.74
2025-05,1200032,101002402,288,2990.74
2025-05,1200032,101002612,300,2789.1
2025-05,1200032,101002859,180,937.98
2025-05,1200032,101003241,360,1875.96
2025-05,1200032,101004174,180,937.98
2025-05,1200032,101004183,360,1875.96
2025-05,1200032,101004224,864,10611.65
2025-05,1200032,101004230,162,3630.42
2025-05,1200032,101004233,192,1831.68
2025-05,1200032,101004257,1152,9664.13
2025-05,1200032,101004261,162,3630.42
2025-05,1200032,101005690,288,2747.52
2025-05,1200032,101070017,96,915.84
2025-05,1200032,101070153,432,4536.0
2025-05,1200032,101070154,576,6014.74
2025-05,1200032,101070156,1152,11962.93
2025-05,1200032,101070158,432,4502.74
2025-05,1200032,101070162,720,7493.469999999999
2025-05,1200032,101070165,576,5981.469999999999
2025-05,1200032,101070168,1152,11996.21
2025-05,1200035,101002188,432,4190.4
2025-05,1200035,101002381,300,4572.0
2025-05,1200035,101002402,288,2793.6
2025-05,1200035,101002612,900,9297.0
2025-05,1200035,101002715,9360,83023.20000000001
2025-05,1200035,101002717,360,3193.2
2025-05,1200035,101002859,720,4168.8
2025-05,1200035,101003015,576,8916.48
2025-05,1200035,101003241,1440,8337.6
2025-05,1200035,101003346,432,6099.84
2025-05,1200035,101003347,648,7776.0
2025-05,1200035,101003359,360,2084.4
2025-05,1200035,101003360,360,2084.4
2025-05,1200035,101004141,1620,21513.6
2025-05,1200035,101004174,720,4168.8
2025-05,1200035,101004183,360,2084.4
2025-05,1200035,101004224,9936,135682.56
2025-05,1200035,101004230,486,12101.400000000001
2025-05,1200035,101004233,576,6105.6
2025-05,1200035,101004245,216,3049.92
2025-05,1200035,101004257,576,5310.72
2025-05,1200035,101004261,972,24202.8
2025-05,1200035,101070154,288,2793.6
2025-05,1200035,101070158,288,2793.6
2025-05,1200035,101070162,5904,54374.4
2025-05,1200035,101070165,864,8380.8
2025-05,1200035,101070168,3456,29471.04
2025-05,1200036,101002188,72,739.44
2025-05,1200036,101002612,300,3099.0
2025-05,1200036,101002716,324,3110.4
2025-05,1200036,101002717,360,3193.2
2025-05,1200036,101003015,288,4458.24
2025-05,1200036,101003346,108,1524.96
2025-05,1200036,101003347,324,4118.04
2025-05,1200036,101003359,180,1042.2
2025-05,1200036,101004141,81,1138.86
2025-05,1200036,101004230,81,2016.9
2025-05,1200036,101004233,384,4070.4
2025-05,1200036,101004245,108,1524.96
2025-05,1200036,101004257,192,1770.24
2025-05,1200036,101004261,324,8067.6
2025-05,1200036,101070153,144,1478.88
2025-05,1200036,101070154,144,1478.88
2025-05,1200036,101070156,72,739.44
2025-05,1200036,101070158,72,739.44
2025-05,1200036,101070162,72,739.44
2025-05,1200036,101070168,720,7394.4
2025-05,1200039,101002715,0,-28738.8
2025-05,1200039,101003347,384,4577.28
2025-05,1200039,101004224,0,-50323.68
2025-05,1200039,101004257,384,3505.92
2025-05,1200039,101004261,0,-4033.8
2025-05,1200047,101002188,432,3918.24
2025-05,1200047,101002402,288,2612.16
2025-05,1200047,101004141,117,1501.1100000000001
2025-05,1200047,101004224,432,5024.16
2025-05,1200047,101070153,144,1306.08
2025-05,1200047,101070154,288,2612.16
2025-05,1200047,101070156,576,5224.32
2025-05,1200047,101070158,288,2612.16
2025-05,1200047,101070162,1152,10448.64
2025-05,1200047,101070165,144,1306.08
2025-05,1200047,101070168,432,3918.24
2025-05,1200048,101003241,360,2203.2
2025-05,1200048,101003347,648,8087.04
2025-05,1200048,101070153,432,4497.12
2025-05,1200048,101070156,720,7495.2
2025-05,1200048,101070158,288,2998.08
2025-05,1200048,101070165,864,8994.24
2025-05,1200048,101070168,576,5996.16
2025-05,1200055,101002381,75,1143.0
2025-05,1200055,101002402,72,698.4
2025-05,1200055,101002715,3960,35125.2
2025-05,1200055,101003241,360,2084.4
2025-05,1200055,101003346,216,3049.92
2025-05,1200055,101003347,648,7776.0
2025-05,1200055,101004141,567,7529.76
2025-05,1200055,101004224,7560,106747.2
2025-05,1200055,101004233,96,1017.6
2025-05,1200055,101004261,2268,56473.2
2025-05,1200055,101070156,936,9079.199999999999
2025-05,1200055,101070158,144,1396.8
2025-05,1200055,101070162,1152,11174.4
2025-05,1200055,101070165,1512,14666.4
2025-05,1200055,101070168,1584,15364.8
2025-05,1200056,101002188,1008,10219.39
2025-05,1200056,101002402,882,8897.65
2025-05,1200056,101002715,4320,33918.39
2025-05,1200056,101002859,825,4294.33
2025-05,1200056,101003241,1650,8883.6
2025-05,1200056,101003359,165,855.73
2025-05,1200056,101004174,495,2670.73
2025-05,1200056,101004233,288,2759.04
2025-05,1200056,101004257,672,5439.0
2025-05,1200056,101070153,756,7697.73
2025-05,1200056,101070154,1764,17944.84
2025-05,1200056,101070156,1701,17231.44
2025-05,1200056,101070158,1260,12901.53
2025-05,1200056,101070162,1953,20063.14
2025-05,1200056,101070165,1323,13509.88
2025-05,1200056,101070168,4536,45882.19
2025-05,1200067,101002612,300,3084.0
2025-05,1200067,101002716,648,6194.88
2025-05,1200067,101002717,360,3178.8
2025-05,1200067,101002859,180,1035.0
2025-05,1200067,101003241,360,2070.0
2025-05,1200067,101003347,216,2581.2
2025-05,1200067,101003359,180,1035.0
2025-05,1200067,101004141,324,4280.04
2025-05,1200067,101004230,162,4020.84
2025-05,1200067,101004245,216,3036.96
2025-05,1200067,101004257,192,1756.8
2025-05,1200067,101070162,576,5541.12
2025-05,1200067,101070168,576,5541.12
2025-05,1200077,101001911,450,6723.0
2025-05,1200077,101002622,32880,355104.0
2025-05,1200077,101003648,15400,202202.0
2025-05,1200077,101004125,4590,65086.200000000004
2025-05,1200077,101004196,10464,99198.72
2025-05,1200077,101004225,0,0.0
2025-05,1200077,101070156,2142,21270.06
2025-05,1200077,101070163,95985,1270589.8
2025-05,1200077,101070166,4140,59533.2
2025-05,1200095,101002381,375,5367.09
2025-05,1200095,101002612,3000,30201.82
2025-05,1200095,101002715,0,-1208.79
2025-05,1200095,101002859,2805,15742.449999999999
2025-05,1200095,101003241,4455,25053.0
2025-05,1200095,101003346,1824,23474.989999999998
2025-05,1200095,101003347,672,8650.0
2025-05,1200095,101003360,0,-1.29
2025-05,1200095,101004174,2310,12959.349999999999
2025-05,1200095,101004224,8160,104805.47
2025-05,1200095,101004229,360,8817.86
2025-05,1200095,101004230,1944,47566.08
2025-05,1200095,101004233,3168,31688.739999999998
2025-05,1200095,101004245,576,7406.110000000001
2025-05,1200095,101004257,4128,36705.29
2025-05,1200095,101004261,5688,133767.58
2025-05,1200095,101005690,2496,25653.870000000003
2025-05,1200095,101070156,1512,15342.08
2025-05,1200095,101070162,1449,14692.36
2025-05,1200095,101070168,2205,22318.67
2025-05,1200100,101001911,97950,1446430.1099999999
2025-05,1200100,101003648,22352,294328.91000000003
2025-05,1200100,101004098,43200,410472.89
2025-05,1200100,101070163,26685,386824.59
2025-05,1200100,101070166,8955,107994.63
2025-05,1200113,101002381,2100,28017.0
2025-05,1200113,101002612,1350,13242.0
2025-05,1200113,101002715,1440,12081.32
2025-05,1200113,101002717,320,2694.4
2025-05,1200113,101003241,0,-91.5
2025-05,1200113,101003347,576,7410.72
2025-05,1200113,101004224,3264,43029.770000000004
2025-05,1200113,101004233,5184,49390.880000000005
2025-05,1200113,101004257,1632,14411.890000000001
2025-05,1200113,101004261,4248,100266.72
2025-05,1200113,101070153,0,-1.91
2025-05,1200113,101070156,1008,10482.35
2025-05,1200113,101070158,315,3165.35
2025-05,1200113,101070162,1197,10957.720000000001
2025-05,1200113,101070165,819,8953.31
2025-05,1200113,101070168,882,9083.34
2025-05,1200119,101002612,300,2952.0
2025-05,1200119,101003241,360,1936.8
2025-05,1200119,101003346,216,2903.04
2025-05,1200119,101004224,432,5806.08
2025-05,1200119,101004233,192,1887.36
2025-05,1200119,101004261,324,7776.0
2025-05,1200119,101070153,144,1271.52
2025-05,1200119,101070154,144,1271.52
2025-05,1200119,101070156,144,1271.52
2025-05,1200119,101070162,1152,10172.16
2025-05,1200119,101070165,720,6357.6
2025-05,1200119,101070168,864,7629.12
2025-05,1200120,101002188,144,1327.68
2025-05,1200120,101002402,144,1327.68
2025-05,1200120,101004257,96,683.52
2025-05,1200120,101070153,144,1327.68
2025-05,1200120,101070154,144,1327.68
2025-05,1200120,101070156,576,5310.72
2025-05,1200120,101070158,576,5310.72
2025-05,1200120,101070162,1152,10621.44
2025-05,1200120,101070165,144,1327.68
2025-05,1200120,101070168,864,7966.08
2025-05,1200140,101002188,288,2770.56
2025-05,1200140,101002381,300,4380.0
2025-05,1200140,101002402,288,2770.56
2025-05,1200140,101002612,900,9252.0
2025-05,1200140,101002859,2520,14490.0
2025-05,1200140,101003241,1440,8280.0
2025-05,1200140,101003346,216,3036.96
2025-05,1200140,101003347,1080,12906.0
2025-05,1200140,101003360,360,2070.0
2025-05,1200140,101004141,1620,21400.2
2025-05,1200140,101004174,1080,6210.0
2025-05,1200140,101004183,360,2070.0
2025-05,1200140,101004229,162,4020.84
2025-05,1200140,101004230,324,8041.68
2025-05,1200140,101004233,192,2021.76
2025-05,1200140,101004245,216,3036.96
2025-05,1200140,101004257,384,3513.6
2025-05,1200140,101070017,192,1616.64
2025-05,1200140,101070153,288,2770.56
2025-05,1200140,101070154,288,2770.56
2025-05,1200140,101070156,432,4155.84
2025-05,1200140,101070158,288,2770.56
2025-05,1200140,101070162,3168,30476.16
2025-05,1200140,101070165,1584,15238.08
2025-05,1200140,101070168,1584,15238.08
2025-05,1200148,101002188,0,-82.08
2025-05,1200148,101002612,0,-76.5
2025-05,1200148,101004141,0,-1263.6
2025-05,1200148,101004224,3240,45554.4
2025-05,1200148,101004261,0,-200.88
2025-05,1200148,101070158,144,1385.28
2025-05,1200148,101070162,720,6926.4
2025-05,1200148,101070165,0,-82.08
2025-05,1200148,101070168,576,5541.12
2025-05,1200160,101002612,1800,16893.0
2025-05,1200160,101002859,2805,14026.650000000001
2025-05,1200160,101003347,1344,16915.2
2025-05,1200160,101004174,2475,12686.85
2025-05,1200160,101004224,1920,24211.2
2025-05,1200160,101004261,1512,33588.0
2025-05,1200160,101070156,1890,17826.48
2025-05,1200160,101070162,1827,16938.81
2025-05,1200160,101070168,1386,12845.7
2025-05,1200173,101002612,450,4356.0
2025-05,1200173,101003346,96,1270.08
2025-05,1200173,101003347,96,1270.08
2025-05,1200173,101004141,216,3116.88
2025-05,1200173,101004224,480,6350.4
2025-05,1200173,101004230,144,3414.24
2025-05,1200173,101004233,288,2761.92
2025-05,1200173,101004261,360,8535.599999999999
2025-05,1200173,101005690,288,2761.92
2025-05,1200173,101070156,378,3806.46
2025-05,1200173,101070158,378,3806.46
2025-05,1200173,101070162,567,5709.6900000000005
2025-05,1200173,101070165,189,1903.23
2025-05,1200173,101070168,378,3806.46
2025-05,1200176,101002402,216,2144.88
2025-05,1200176,101002859,300,1557.0
2025-05,1200176,101003241,300,1557.0
2025-05,1200176,101004257,160,1296.0
2025-05,1200176,101070153,216,2144.88
2025-05,1200176,101070154,216,2144.88
2025-05,1200176,101070156,324,3217.32
2025-05,1200176,101070158,216,2144.88
2025-05,1200176,101070162,324,3217.32
2025-05,1200176,101070165,216,2144.88
2025-05,1200176,101070168,540,5362.200000000001
2025-05,1200180,101002188,288,3087.36
2025-05,1200180,101002402,288,3087.36
2025-05,1200180,101002715,360,2998.8
2025-05,1200180,101070153,288,3087.36
2025-05,1200180,101070156,864,9262.08
2025-05,1200180,101070158,432,4631.04
2025-05,1200180,101070162,576,6174.72
2025-05,1200180,101070165,288,3087.36
2025-05,1200180,101070168,1152,12349.44
2025-05,1200187,101002381,300,4314.0
2025-05,1200187,101003241,360,2037.6
2025-05,1200187,101003346,216,3002.4
2025-05,1200187,101003347,432,5101.92
2025-05,1200187,101004141,162,2110.86
2025-05,1200187,101004224,648,9007.2
2025-05,1200187,101004261,162,3986.82
2025-05,1200187,101070153,144,1357.92
2025-05,1200187,101070156,288,2715.84
2025-05,1200187,101070158,144,1357.92
2025-05,1200187,101070162,576,5431.68
2025-05,1200187,101070168,576,5431.68
2025-05,1200188,101002381,600,7854.0
2025-05,1200188,101002612,900,8712.0
2025-05,1200188,101003241,2145,11261.25
2025-05,1200188,101004261,360,8535.6
2025-05,1200188,101070156,819,8247.33
2025-05,1200188,101070158,945,9516.15
2025-05,1200197,101002381,300,3876.32
2025-05,1200197,101002612,1800,17244.0
2025-05,1200197,101002715,7200,59040.0
2025-05,1200197,101002717,480,3936.0
2025-05,1200197,101003015,2592,38361.6
2025-05,1200197,101003241,3960,20566.7
2025-05,1200197,101003347,480,6316.799999999999
2025-05,1200197,101003360,165,861.3
2025-05,1200197,101004174,165,861.3
2025-05,1200197,101004224,5760,75916.65
2025-05,1200197,101004229,72,1699.2
2025-05,1200197,101004230,288,6796.8
2025-05,1200197,101004233,1920,17925.12
2025-05,1200197,101004257,2112,16784.64
2025-05,1200197,101004261,6120,144371.25
2025-05,1200197,101070017,96,910.08
2025-05,1200197,101070153,189,1689.78
2025-05,1200197,101070154,630,5670.0
2025-05,1200197,101070156,5292,47907.96
2025-05,1200197,101070158,756,6836.43
2025-05,1200197,101070162,9261,83799.18
2025-05,1200197,101070165,7245,65660.79000000001
2025-05,1200197,101070168,3276,29786.4
2025-05,1200200,101002379,12050,160301.61
2025-05,1200200,101002612,4987,15461.889999999998
2025-05,1200200,101002717,3420,11930.310000000001
2025-05,1200200,101002859,6120,-12892.22
2025-05,1200200,101003241,3780,12458.130000000001
2025-05,1200200,101003346,734,-3589.45
2025-05,1200200,101003359,2149,7029.290000000001
2025-05,1200200,101004141,488,3109.749999999999
2025-05,1200200,101004174,2700,12828.190000000002
2025-05,1200200,101004183,4483,27929.09
2025-05,1200200,101004224,511,-12752.859999999999
2025-05,1200200,101004229,148,3057.6000000000004
2025-05,1200200,101004230,91,2564.09
2025-05,1200200,101004233,8505,26666.409999999996
2025-05,1200200,101004245,17,193.1
2025-05,1200200,101004261,1422,39156.58
2025-05,1200200,101005690,577,-7088.82
2025-05,1200200,101070154,315,1378.03
2025-05,1200200,101070155,716,2433.5099999999998
2025-05,1200200,101070156,0,-10992.56
2025-05,1200200,101070161,6202,34279.59
2025-05,1200200,101070162,1084,11648.02
2025-05,1200200,101070164,18,-6493.36
2025-05,1200200,101070165,864,7582.570000000001
2025-05,1200200,101070168,5544,41425.44
2025-05,1200236,101002381,450,5694.15
2025-05,1200236,101002612,900,8421.6
2025-05,1200236,101002715,1800,14290.56
2025-05,1200236,101002859,1080,5481.0
2025-05,1200236,101003241,1440,7182.0
2025-05,1200236,101003346,0,-285.77
2025-05,1200236,101003347,4320,48028.46
2025-05,1200236,101003359,360,1890.0
2025-05,1200236,101003360,1080,5481.0
2025-05,1200236,101004141,5832,67350.85
2025-05,1200236,101004174,720,3780.0
2025-05,1200236,101004183,360,1701.0
2025-05,1200236,101004224,8424,110020.69999999998
2025-05,1200236,101004229,162,3841.02
2025-05,1200236,101004230,324,7682.04
2025-05,1200236,101004233,384,3682.56
2025-05,1200236,101004245,216,2571.91
2025-05,1200236,101004257,192,1418.69
2025-05,1200236,101004261,1134,25734.829999999998
2025-05,1200236,101005690,192,1841.28
2025-05,1200236,101070017,0,-184.13
2025-05,1200236,101070155,288,1451.52
2025-05,1200236,101070161,288,1451.52
2025-05,1200236,101070162,1440,12326.400000000001
2025-05,1200236,101070165,432,3697.92
2025-05,1200236,101070167,2304,11612.16
2025-05,1200236,101070168,1440,12326.400000000001
2025-05,1200255,101002188,288,2957.76
2025-05,1200255,101002381,75,1029.0
2025-05,1200255,101002402,144,1478.88
2025-05,1200255,101002859,180,937.8
2025-05,1200255,101003359,180,937.8
2025-05,1200255,101003360,180,937.8
2025-05,1200255,101004141,162,2302.02
2025-05,1200255,101004224,216,2745.36
2025-05,1200255,101070017,96,814.08
2025-05,1200255,101070153,288,2957.76
2025-05,1200255,101070154,144,1478.88
2025-05,1200255,101070156,432,4436.64
2025-05,1200255,101070162,864,8873.28
2025-05,1200255,101070165,720,7394.4
2025-05,1200255,101070168,720,7394.4
2025-05,1200256,101002715,320,2084.65
2025-05,1200256,101002717,480,4221.2
2025-05,1200256,101002859,330,1654.1299999999999
2025-05,1200256,101003241,1155,4638.28
2025-05,1200256,101004224,1248,15822.74
2025-05,1200256,101004261,864,20701.44
2025-05,1200256,101070161,675,3847.5
2025-05,1200265,101002188,288,3286.08
2025-05,1200265,101002402,144,1643.04
2025-05,1200265,101002715,1440,12740.400000000001
2025-05,1200265,101002717,360,3160.8
2025-05,1200265,101003241,360,2052.0
2025-05,1200265,101003359,360,2084.4
2025-05,1200265,101004174,180,1026.0
2025-05,1200265,101004224,216,3019.68
2025-05,1200265,101004261,162,4033.8
2025-05,1200265,101070153,144,1643.04
2025-05,1200265,101070154,720,8215.2
2025-05,1200265,101070156,1584,18043.2
2025-05,1200265,101070158,720,8184.96
2025-05,1200265,101070162,1584,18043.2
2025-05,1200265,101070165,1008,11471.04
2025-05,1200265,101070168,2304,26288.64
2025-05,1200273,101002381,720,9424.8
2025-05,1200273,101002402,648,5546.88
2025-05,1200273,101002612,2850,27588.0
2025-05,1200273,101002715,480,3969.6
2025-05,1200273,101002717,480,3969.6
2025-05,1200273,101002859,3000,15750.0
2025-05,1200273,101003241,3000,15750.0
2025-05,1200273,101003347,360,4050.0
2025-05,1200273,101004224,960,12700.8
2025-05,1200273,101004230,180,4267.8
2025-05,1200273,101004233,480,4603.2
2025-05,1200273,101004261,810,19205.1
2025-05,1200273,101070153,540,4622.4
2025-05,1200273,101070156,540,4622.4
2025-05,1200273,101070158,540,4622.4
2025-05,1200273,101070162,1512,12942.72
2025-05,1200273,101070168,1512,12942.72
2025-05,1200280,101002612,300,2883.0
2025-05,1200280,101002859,330,1712.7
2025-05,1200280,101004174,165,856.35
2025-05,1200280,101004257,288,2332.8
2025-05,1200280,101070154,189,1876.77
2025-05,1200280,101070156,315,3127.9500000000003
2025-05,1200280,101070158,126,1251.18
2025-05,1200280,101070162,504,5004.72
2025-05,1200280,101070165,189,1876.77
2025-05,1200280,101070168,315,3127.9500000000003
2025-05,1200288,101002612,1200,10092.0
2025-05,1200288,101002859,360,1652.4
2025-05,1200288,101003241,360,1652.4
2025-05,1200288,101004174,360,1652.4
2025-05,1200288,101070153,1008,9001.44
2025-05,1200288,101070154,720,6429.6
2025-05,1200288,101070156,3888,34719.840000000004
2025-05,1200288,101070158,720,6429.6
2025-05,1200288,101070162,5616,50150.880000000005
2025-05,1200288,101070165,720,6429.6
2025-05,1200288,101070168,3600,32148.0
2025-05,1200363,101002402,0,-142.56
2025-05,1200363,101002612,3600,32028.36
2025-05,1200363,101003241,4320,20017.29
2025-05,1200363,101004224,1944,16790.35
2025-05,1200363,101004230,2916,63393.56
2025-05,1200363,101004233,4608,39752.31
2025-05,1200363,101004261,648,13904.65
2025-05,1200363,101070017,0,-91.2
2025-05,1200363,101070153,0,-142.56
2025-05,1200363,101070154,0,-285.12
2025-05,1200363,101070156,2448,23394.57
2025-05,1200363,101070158,1440,14992.560000000001
2025-05,1200363,101070162,1296,11711.039999999999
2025-05,1200363,101070165,1152,10409.81
2025-05,1200363,101070168,1584,15793.279999999999
2025-05,1200419,101002188,567,6078.12
2025-05,1200419,101002402,378,4055.88
2025-05,1200419,101002612,600,5887.68
2025-05,1200419,101002715,640,5179.0
2025-05,1200419,101002859,495,2618.55
2025-05,1200419,101003241,495,2612.73
2025-05,1200419,101003346,384,4942.08
2025-05,1200419,101003359,330,1745.7
2025-05,1200419,101004141,720,10346.4
2025-05,1200419,101004174,660,3485.5800000000004
2025-05,1200419,101004230,144,3405.6
2025-05,1200419,101004233,672,6440.58
2025-05,1200419,101004261,648,15300.28
2025-05,1200419,101070153,441,4710.96
2025-05,1200419,101070154,693,7456.68
2025-05,1200419,101070156,882,9478.92
2025-05,1200419,101070162,567,6078.12
2025-05,1200419,101070165,756,8123.160000000001
2025-05,1200424,101002188,144,1196.98
2025-05,1200424,101002381,0,-60.52
2025-05,1200424,101002402,144,1152.5900000000001
2025-05,1200424,101002612,0,-89.83
2025-05,1200424,101002715,540,3888.0
2025-05,1200424,101002716,162,1286.28
2025-05,1200424,101002717,180,1296.0
2025-05,1200424,101002859,360,1478.17
2025-05,1200424,101003015,144,2122.56
2025-05,1200424,101003241,0,-348.65999999999997
2025-05,1200424,101004257,192,1276.34
2025-05,1200424,101070153,288,2483.06
2025-05,1200424,101070154,288,2438.34
2025-05,1200424,101070156,576,4877.01
2025-05,1200424,101070158,720,6162.93
2025-05,1200424,101070162,720,5895.780000000001
2025-05,1200424,101070165,144,1107.8700000000001
2025-05,1200424,101070168,576,4787.91
2025-05,1200441,101002188,168,1668.24
2025-05,1200441,101002381,300,3885.0
2025-05,1200441,101002402,144,1429.92
2025-05,1200441,101002612,225,2162.25
2025-05,1200441,101002715,360,2952.0
2025-05,1200441,101003241,360,1868.4
2025-05,1200441,101003347,408,5357.04
2025-05,1200441,101004224,1440,18907.2
2025-05,1200441,101004261,486,11459.880000000001
2025-05,1200441,101070153,312,3098.16
2025-05,1200441,101070154,294,2919.42
2025-05,1200441,101070156,144,1429.92
2025-05,1200441,101070162,393,3902.4900000000002
2025-05,1200441,101070165,249,2472.57
2025-05,1200441,101070168,393,3902.4900000000002
2025-05,1200460,101002612,300,2952.0
2025-05,1200460,101002859,360,1936.8
2025-05,1200460,101003241,360,1936.8
2025-05,1200460,101004174,360,1936.8
2025-05,1200460,101004224,3240,43545.6
2025-05,1200460,101004233,384,3774.72
2025-05,1200460,101004245,216,2903.04
2025-05,1200460,101004261,1458,34992.0
2025-05,1200460,101070156,144,1271.52
2025-05,1200460,101070162,576,5086.08
2025-05,1200460,101070165,720,6357.6
2025-05,1200460,101070168,1296,11443.68
2025-05,1200505,101002612,1050,8578.5
2025-05,1200505,101002715,6300,41328.0
2025-05,1200505,101002717,360,2361.6
2025-05,1200505,101003241,1980,8731.8
2025-05,1200505,101004233,480,3868.8
2025-05,1200505,101070154,72,607.68
2025-05,1200505,101070156,288,2286.72
2025-05,1200505,101070162,2376,18865.440000000002
2025-05,1200505,101070165,216,1715.04
2025-05,1200505,101070168,720,5716.8
2025-05,1200514,101002381,1950,25882.91
2025-05,1200514,101002402,1449,12393.67
2025-05,1200514,101002715,1600,13240.18
2025-05,1200514,101003346,1920,24543.11
2025-05,1200514,101004224,5856,74950.09
2025-05,1200514,101004233,3456,32738.43
2025-05,1200514,101004257,2592,20862.77
2025-05,1200514,101070153,1197,10285.4
2025-05,1200514,101070154,252,1798.4899999999996
2025-05,1200514,101070156,1134,8499.4
2025-05,1200514,101070158,0,-489.07
2025-05,1200514,101070162,3906,33781.81
2025-05,1200514,101070165,1008,6553.92
2025-05,1200514,101070168,2016,17735.55
2025-05,1200518,101001911,82050,1203406.6600000001
2025-05,1200518,101003648,9944,129911.91
2025-05,1200518,101004098,44736,421976.77
2025-05,1200521,101002715,320,2694.4
2025-05,1200521,101003241,330,1775.4
2025-05,1200521,101003360,165,887.7
2025-05,1200521,101004174,495,2663.1
2025-05,1200521,101070153,567,5891.13
2025-05,1200521,101070154,189,1963.71
2025-05,1200521,101070156,378,3927.42
2025-05,1200521,101070162,1260,13091.4
2025-05,1200521,101070165,504,5236.56
2025-05,1200521,101070166,270,4122.9
2025-05,1200548,101003346,2208,30324.96
2025-05,1200548,101004174,14190,82151.64
2025-05,1200548,101004196,2784,26724.93
2025-05,1200548,101004224,16032,222045.68
2025-05,1200548,101070156,6237,63356.94
2025-05,1200548,101070162,8568,86744.59000000001
2025-05,1200611,101002188,63,622.46
2025-05,1200611,101002402,63,622.46
2025-05,1200611,101002612,150,1434.29
2025-05,1200611,101002715,1120,9138.08
2025-05,1200611,101003241,1650,8520.68
2025-05,1200611,101004174,330,1704.14
2025-05,1200611,101004224,1248,16304.31
2025-05,1200611,101004233,384,3622.12
2025-05,1200611,101070154,63,622.46
2025-05,1200611,101070165,189,1867.39
2025-05,1200649,101002188,0,-107.24
2025-05,1200649,101002381,150,1942.5
2025-05,1200649,101002402,0,-85.8
2025-05,1200649,101002612,0,-129.73
2025-05,1200649,101002717,180,1476.0
2025-05,1200649,101002859,180,906.1700000000001
2025-05,1200649,101003241,900,4586.92
2025-05,1200649,101003347,0,-42.54
2025-05,1200649,101004141,0,-104.25
2025-05,1200649,101004224,108,1418.04
2025-05,1200649,101004257,96,777.6
2025-05,1200649,101004261,0,-458.38
2025-05,1200649,101070153,0,-85.8
2025-05,1200649,101070154,144,1193.9099999999999
2025-05,1200649,101070156,288,2430.72
2025-05,1200649,101070158,144,1215.36
2025-05,1200649,101070162,1152,9722.88
2025-05,1200649,101070165,432,3646.08
2025-05,1200649,101070168,1296,10552.16
2025-05,1200654,101001911,51750,759521.87
2025-05,1200654,101002622,240,2656.64
2025-05,1200654,101003648,27544,359844.47
2025-05,1200654,101004098,34752,235435.78999999998
2025-05,1200654,101004125,135,1904.73
2025-05,1200654,101070163,405,5794.76
2025-05,1200657,101001911,54375,798103.36
2025-05,1200657,101003648,19712,257524.47
2025-05,1200657,101004098,27648,260792.53
2025-05,1200659,101001911,42600,604940.03
2025-05,1200659,101002622,8560,102070.16
2025-05,1200659,101003648,13376,174748.73
2025-05,1200659,101004098,18720,100813.27
2025-05,1200659,101004125,405,5714.1900000000005
2025-05,1200659,101070163,405,5794.77
2025-05,1200664,101002188,189,1056.27
2025-05,1200664,101002402,378,3201.54
2025-05,1200664,101070153,63,49.59000000000003
2025-05,1200664,101070154,504,3845.2200000000003
2025-05,1200664,101070156,441,2364.83
2025-05,1200664,101070158,504,3339.42
2025-05,1200664,101070162,945,3798.2500000000005
2025-05,1200664,101070165,441,3432.63
2025-05,1200664,101070168,315,-1128.15
2025-05,1200671,101001911,68775,1014522.73
2025-05,1200671,101002622,960,12226.56
2025-05,1200671,101003648,15048,197012.59
2025-05,1200671,101004098,29088,275468.25
2025-05,1200671,101004125,990,13968.02
2025-05,1200671,101070163,2565,36700.28
2025-05,1200682,101001911,51750,765541.51
2025-05,1200682,101002622,560,5131.92
2025-05,1200682,101003648,18040,235680.88
2025-05,1200682,101004098,32544,306974.55
2025-05,1200682,101004125,360,5079.28
2025-05,1200682,101070163,450,6438.64
2025-05,1200695,101002381,300,3885.0
2025-05,1200695,101002612,300,2883.0
2025-05,1200695,101002859,825,4281.75
2025-05,1200695,101003241,495,2569.05
2025-05,1200695,101003346,192,2520.96
2025-05,1200695,101003360,165,856.35
2025-05,1200695,101004174,330,1712.7
2025-05,1200695,101004224,384,5041.92
2025-05,1200695,101004233,576,5460.48
2025-05,1200695,101004245,96,1260.48
2025-05,1200695,101005690,576,5460.48
2025-05,1200698,101002402,288,2465.28
2025-05,1200698,101002612,1800,17424.0
2025-05,1200698,101002715,5400,44658.0
2025-05,1200698,101002859,360,1890.0
2025-05,1200698,101003241,360,1890.0
2025-05,1200698,101003347,648,7290.0
2025-05,1200698,101003359,360,1890.0
2025-05,1200698,101003360,360,1890.0
2025-05,1200698,101004224,8424,100514.51999999999
2025-05,1200698,101004233,576,5523.84
2025-05,1200698,101004261,7290,172845.90000000002
2025-05,1200698,101070017,192,1472.64
2025-05,1200698,101070162,720,6163.2
2025-05,1200698,101070165,144,1232.64
2025-05,1200698,101070168,1296,11093.76
2025-05,1200711,101001911,58050,847221.99
2025-05,1200711,101002622,1040,9245.39
2025-05,1200711,101003648,1848,23967.34
2025-05,1200711,101004098,37632,217766.4
2025-05,1200711,101004125,1260,17706.579999999998
2025-05,1200711,101070163,23085,303682.91000000003
2025-05,1200711,101070166,1080,13492.73
2025-05,1200718,101002188,0,-79.3
2025-05,1200718,101002612,0,-464.85
2025-05,1200718,101002716,648,6220.8
2025-05,1200718,101002859,0,-208.44
2025-05,1200718,101003241,0,-833.76
2025-05,1200718,101003347,864,9772.14
2025-05,1200718,101003359,0,-208.44
2025-05,1200718,101003360,0,-208.44
2025-05,1200718,101004141,2430,32155.589999999997
2025-05,1200718,101004174,0,-208.44
2025-05,1200718,101004224,0,-68623.2
2025-05,1200718,101004229,0,-806.76
2025-05,1200718,101004230,0,-1210.14
2025-05,1200718,101004245,0,-959.46
2025-05,1200718,101070017,192,1628.16
2025-05,1200718,101070156,0,-410.76
2025-05,1200718,101070158,0,-328.61
2025-05,1200718,101070162,864,8380.8
2025-05,1200718,101070165,0,-246.46
2025-05,1200718,101070168,288,2136.38
2025-05,1200719,101002381,75,1143.0
2025-05,1200719,101002402,0,-126.95
2025-05,1200719,101002612,0,-154.95
2025-05,1200719,101002716,648,6135.9800000000005
2025-05,1200719,101002717,360,3193.2
2025-05,1200719,101002859,0,-184.75
2025-05,1200719,101003241,0,-530.56
2025-05,1200719,101003346,216,3049.92
2025-05,1200719,101003347,1296,15552.0
2025-05,1200719,101003359,0,-184.75
2025-05,1200719,101003360,0,-369.5
2025-05,1200719,101004141,1377,17780.47
2025-05,1200719,101004174,180,990.09
2025-05,1200719,101004183,0,-52.11
2025-05,1200719,101004224,0,-29334.629999999997
2025-05,1200719,101004229,162,4033.8
2025-05,1200719,101004230,0,-311.69
2025-05,1200719,101004245,216,3049.92
2025-05,1200719,101004261,0,-935.07
2025-05,1200719,101005690,192,2035.2
2025-05,1200719,101070017,96,814.08
2025-05,1200719,101070153,0,-126.95
2025-05,1200719,101070154,0,-126.95
2025-05,1200719,101070156,0,-418.21000000000004
2025-05,1200719,101070158,0,-82.15
2025-05,1200719,101070162,288,1919.82
2025-05,1200719,101070165,0,-500.37
2025-05,1200719,101070168,288,2001.9699999999998
2025-05,1200720,101002402,0,-81.5
2025-05,1200720,101002612,0,-154.2
2025-05,1200720,101003241,0,-103.5
2025-05,1200720,101003347,0,-151.85
2025-05,1200720,101003359,0,-103.5
2025-05,1200720,101003360,0,-103.5
2025-05,1200720,101004141,0,-629.37
2025-05,1200720,101004183,0,-103.5
2025-05,1200720,101004229,0,-201.04
2025-05,1200720,101004230,0,-201.04
2025-05,1200720,101004261,0,-553.14
2025-05,1200720,101070162,0,-81.5
2025-05,1200720,101070165,0,-81.5
2025-05,1200720,101070168,0,-81.5
2025-05,1200721,101003133,0,254.11
2025-05,1200721,101003457,0,643.33
2025-05,1200721,101004219,0,249.34
2025-05,1200728,101002402,108,1220.4
2025-05,1200728,101003347,120,1684.8
2025-05,1200728,101004141,90,1396.8
2025-05,1200728,101070153,108,1220.4
2025-05,1200728,101070154,108,1220.4
2025-05,1200728,101070158,108,1220.4
2025-05,1200728,101070162,216,2440.8
2025-05,1200728,101070165,108,1220.4
2025-05,1200728,101070168,216,2440.8
2025-05,1200742,101002612,2400,23184.0
2025-05,1200742,101002715,3960,32472.0
2025-05,1200742,101002717,1080,8856.0
2025-05,1200742,101070153,1152,11473.92
2025-05,1200742,101070154,3456,34421.76
2025-05,1200742,101070156,2304,22947.84
2025-05,1200742,101070158,2016,20079.36
2025-05,1200742,101070162,4032,40158.72
2025-05,1200742,101070165,1152,11473.92
2025-05,1200753,101070153,720,7884.0
2025-05,1200753,101070154,432,4730.4
2025-05,1200753,101070156,720,7884.0
2025-05,1200753,101070158,576,6307.2
2025-05,1200753,101070162,864,9460.8
2025-05,1200753,101070165,576,6307.2
2025-05,1200753,101070168,432,4730.4
2025-05,1200761,101002402,216,2248.56
2025-05,1200761,101002715,540,4989.6
2025-05,1200761,101002717,180,1663.2
2025-05,1200761,101004233,192,2154.24
2025-05,1200761,101004257,192,1914.24
2025-05,1200761,101070153,144,1499.04
2025-05,1200761,101070158,144,1499.04
2025-05,1200761,101070162,432,4497.12
2025-05,1200761,101070165,1296,13491.36
2025-05,1200761,101070168,360,3747.6
2025-05,1200763,101001911,161,2369.9900000000002
2025-05,1200763,101002402,1392,12947.31
2025-05,1200763,101002612,20700,182337.63
2025-05,1200763,101002715,382,2747.6
2025-05,1200763,101002859,1415,6887.38
2025-05,1200763,101003241,24420,118861.53
2025-05,1200763,101003346,13420,154441.44
2025-05,1200763,101003347,10656,122632.45999999999
2025-05,1200763,101003359,359,1747.4099999999999
2025-05,1200763,101004141,4629,62028.95
2025-05,1200763,101004224,55392,638013.68
2025-05,1200763,101004229,12406,256696.24
2025-05,1200763,101004230,19673,407059.97
2025-05,1200763,101004233,9243,82055.28
2025-05,1200763,101004245,96,1104.8
2025-05,1200763,101004257,9655,63357.07
2025-05,1200763,101004261,41976,868538.05
2025-05,1200763,101005690,6090,54004.29
2025-05,1200763,101070153,12090,110632.25
2025-05,1200763,101070154,176,1637.0
2025-05,1200763,101070156,17900,163579.92
2025-05,1200763,101070158,78,725.5
2025-05,1200763,101070161,45630,209994.23
2025-05,1200763,101070162,1151,10472.560000000001
2025-05,1200763,101070164,22871,105386.31999999999
2025-05,1200763,101070165,3415,31093.329999999998
2025-05,1200763,101070168,1186,11031.27
2025-05,1200769,101002612,2400,22747.5
2025-05,1200769,101002715,360,2873.88
2025-05,1200769,101002859,360,1701.0
2025-05,1200769,101003015,576,8019.65
2025-05,1200769,101003241,2520,13225.68
2025-05,1200769,101003347,432,5484.02
2025-05,1200769,101004174,360,2044.44
2025-05,1200769,101004224,2160,27425.96
2025-05,1200769,101004229,324,7596.18
2025-05,1200769,101004230,648,14683.52
2025-05,1200769,101004233,1536,14846.98
2025-05,1200769,101004257,576,5282.49
2025-05,1200769,101004261,2268,51078.1
2025-05,1200769,101070154,432,4545.08
2025-05,1200769,101070156,2016,20572.699999999997
2025-05,1200769,101070158,432,4436.21
2025-05,1200769,101070162,1440,14022.720000000001
2025-05,1200769,101070165,2016,20850.05
2025-05,1200769,101070168,2160,22328.78
2025-05,1200781,101002715,4000,32800.0
2025-05,1200781,101002717,640,5248.0
2025-05,1200781,101003241,165,856.35
2025-05,1200781,101004261,864,20373.12
2025-05,1200781,101070156,2079,19147.59
2025-05,1200781,101070158,63,563.22
2025-05,1200781,101070162,2142,19710.81
2025-05,1200781,101070165,1071,9824.220000000001
2025-05,1200781,101070168,1323,12077.1
2025-05,1200784,101002381,150,1942.5
2025-05,1200784,101002715,720,5904.0
2025-05,1200784,101002717,360,2952.0
2025-05,1200784,101003015,288,4245.12
2025-05,1200784,101004224,216,2836.08
2025-05,1200784,101070162,1152,9722.88
2025-05,1200784,101070165,1440,12153.6
2025-05,1200784,101070168,864,7292.16
2025-05,1200785,101002188,504,5552.24
2025-05,1200785,101002402,504,5552.24
2025-05,1200785,101002612,450,4477.31
2025-05,1200785,101002715,1920,16574.26
2025-05,1200785,101002717,320,2746.76
2025-05,1200785,101002859,330,1830.56
2025-05,1200785,101003241,660,3724.76
2025-05,1200785,101004174,330,1843.44
2025-05,1200785,101070153,315,3445.02
2025-05,1200785,101070154,756,8285.380000000001
2025-05,1200785,101070156,882,9641.97
2025-05,1200785,101070158,504,5523.2
2025-05,1200785,101070162,756,8323.529999999999
2025-05,1200785,101070165,630,6899.73
2025-05,1200785,101070168,1134,12537.98
2025-05,1200786,101002402,252,2875.32
2025-05,1200786,101002612,150,1549.5
2025-05,1200786,101002859,165,955.35
2025-05,1200786,101003241,330,1910.7
2025-05,1200786,101003359,165,955.35
2025-05,1200786,101004141,72,1103.94
2025-05,1200786,101004224,1056,14910.72
2025-05,1200786,101004261,288,7171.2
2025-05,1200786,101070153,126,1437.66
2025-05,1200786,101070154,63,718.83
2025-05,1200786,101070156,252,2875.32
2025-05,1200786,101070158,189,2156.49
2025-05,1200786,101070162,441,5031.81
2025-05,1200786,101070165,441,5031.81
2025-05,1200786,101070168,693,7907.13
2025-05,1200793,101002612,300,3744.0
2025-05,1200793,101002859,165,1189.65
2025-05,1200793,101003241,165,1189.65
2025-05,1200793,101004174,825,5948.25
2025-05,1200793,101070154,351,5114.07
2025-05,1200793,101070156,27,393.39
2025-05,1200793,101070158,126,1835.82
2025-05,1200793,101070162,783,11408.31
2025-05,1200793,101070165,252,3671.64
2025-05,1200793,101070168,477,6949.889999999999
2025-05,1200797,101002381,150,1942.5
2025-05,1200797,101002402,144,1215.36
2025-05,1200797,101002612,300,2883.0
2025-05,1200797,101002715,360,2952.0
2025-05,1200797,101002859,360,1868.4
2025-05,1200797,101003015,288,4245.12
2025-05,1200797,101003241,360,1868.4
2025-05,1200797,101003346,432,5672.16
2025-05,1200797,101003347,864,9642.24
2025-05,1200797,101004141,162,1968.3
2025-05,1200797,101004174,360,1868.4
2025-05,1200797,101004224,1296,17016.48
2025-05,1200797,101004261,162,3819.96
2025-05,1200797,101070153,144,1215.36
2025-05,1200797,101070162,432,3646.08
2025-05,1200797,101070165,288,2430.72
2025-05,1200797,101070168,288,2430.72
2025-05,1200806,101002612,600,5568.0
2025-05,1200806,101003347,216,2766.96
2025-05,1200806,101004224,2160,27669.6
2025-05,1200806,101004230,162,3696.84
2025-05,1200806,101070154,432,4631.04
2025-05,1200806,101070162,1296,13893.12
2025-05,1200821,101003241,360,2084.4
2025-05,1200821,101003347,648,7776.0
2025-05,1200821,101003359,180,1042.2
2025-05,1200821,101003360,360,2084.4
2025-05,1200821,101004141,648,8605.44
2025-05,1200821,101004224,648,9149.76
2025-05,1200821,101004245,432,6099.84
2025-05,1200821,101004257,192,1770.24
2025-05,1200821,101070162,288,2793.6
2025-05,1200821,101070168,288,2793.6
2025-05,1200826,101002715,70,506.1
2025-05,1200826,101002859,50,235.5
2025-05,1200826,101004257,200,1278.0
2025-05,1200839,101002188,144,1232.64
2025-05,1200839,101002402,144,1232.64
2025-05,1200839,101002612,300,2904.0
2025-05,1200839,101002715,360,2977.2
2025-05,1200839,101002716,324,2919.24
2025-05,1200839,101003241,360,1890.0
2025-05,1200839,101003346,216,2857.68
2025-05,1200839,101003359,360,1890.0
2025-05,1200839,101003360,360,1890.0
2025-05,1200839,101004183,360,1890.0
2025-05,1200839,101004229,162,3841.02
2025-05,1200839,101004230,162,3841.02
2025-05,1200839,101004233,192,1841.28
2025-05,1200839,101004257,192,1576.32
2025-05,1200839,101004261,324,7682.04
2025-05,1200839,101070153,144,1232.64
2025-05,1200839,101070154,144,1232.64
2025-05,1200839,101070156,288,2465.28
2025-05,1200839,101070158,288,2465.28
2025-05,1200839,101070162,288,2465.28
2025-05,1200839,101070168,288,2465.28
2025-05,1200841,101002381,3450,46744.42
2025-05,1200841,101002612,4800,44316.66
2025-05,1200841,101002859,9000,47764.04
2025-05,1200841,101003241,3600,19619.3
2025-05,1200841,101003347,4296,51411.54
2025-05,1200841,101004224,11448,141791.13
2025-05,1200841,101004229,1620,36863.33
2025-05,1200841,101004230,2754,63742.420000000006
2025-05,1200841,101004233,6144,57865.96
2025-05,1200841,101004261,12636,300829.79
2025-05,1200841,101005690,4032,38555.84
2025-05,1200841,101005693,0,-2103.56
2025-05,1200841,101070017,2688,25929.739999999998
2025-05,1200841,101070152,5184,26378.010000000002
2025-05,1200841,101070155,13248,70398.43
2025-05,1200841,101070161,21312,108662.45999999999
2025-05,1200841,101070164,8352,43785.04
2025-05,1200841,101070167,7488,37732.29
2025-05,1200854,101002715,1440,11240.029999999999
2025-05,1200854,101002716,324,2771.26
2025-05,1200854,101002717,360,2813.04
2025-05,1200854,101003241,0,-13.65
2025-05,1200854,101003347,216,2772.19
2025-05,1200854,101004141,0,-8.5
2025-05,1200854,101004224,2160,27654.31
2025-05,1200854,101004245,864,11082.720000000001
2025-05,1200854,101070153,0,-1.88
2025-05,1200854,101070156,432,4461.39
2025-05,1200854,101070158,0,-1.03
2025-05,1200854,101070162,144,1473.59
2025-05,1200854,101070165,144,1487.47
2025-05,1200854,101070168,576,5953.83
2025-05,1200872,101003347,432,4860.0
2025-05,1200872,101004141,324,3975.48
2025-05,1200872,101070162,864,7395.84
2025-05,1200872,101070168,720,6163.2
2025-05,1200887,101070153,63,606.06
2025-05,1200887,101070156,882,8484.84
2025-05,1200887,101070162,3213,30909.059999999998
2025-05,1200887,101070165,2772,26666.64
2025-05,1200887,101070168,630,6060.6
2025-05,1200890,101003015,144,2220.48
2025-05,1200890,101003346,96,1347.84
2025-05,1200929,101002381,150,1963.5
2025-05,1200929,101002716,1296,11676.96
2025-05,1200929,101004141,1620,19877.4
2025-05,1200929,101070158,720,6163.2
2025-05,1200933,101002612,300,2883.0
2025-05,1200933,101002715,1440,11808.0
2025-05,1200933,101002859,360,1868.4
2025-05,1200933,101003241,360,1868.4
2025-05,1200933,101003347,216,2410.56
2025-05,1200933,101004224,216,2836.08
2025-05,1200933,101004261,162,3819.96
2025-05,1200933,101070156,288,2430.72
2025-05,1200933,101070158,144,1215.36
2025-05,1200933,101070162,792,6684.48
2025-05,1200933,101070165,144,1215.36
2025-05,1200933,101070168,1080,9115.2
2025-05,1200943,101002188,144,1612.8
2025-05,1200943,101002715,360,3160.8
2025-05,1200943,101002859,360,1363.5900000000001
2025-05,1200943,101003241,720,2727.19
2025-05,1200943,101004174,360,1363.5900000000001
2025-05,1200943,101070154,0,-541.06
2025-05,1200943,101070156,288,2143.47
2025-05,1200943,101070158,144,1071.74
2025-05,1200943,101070162,144,1071.74
2025-05,1200943,101070165,0,-541.06
2025-05,1200948,101002612,300,3069.0
2025-05,1200948,101002859,0,-36.55
2025-05,1200948,101003241,1080,6156.0
2025-05,1200948,101003346,216,3019.68
2025-05,1200948,101003347,0,-170.16
2025-05,1200948,101003359,0,-36.55
2025-05,1200948,101004141,0,-362.58
2025-05,1200948,101004174,0,-36.55
2025-05,1200948,101004183,0,-36.55
2025-05,1200948,101004224,1296,17563.190000000002
2025-05,1200948,101004229,0,-149.47
2025-05,1200948,101004230,0,-149.47
2025-05,1200948,101004245,0,-110.97
2025-05,1200948,101070040,0,-385.56
2025-05,1200948,101070156,144,1612.8
2025-05,1200948,101070162,288,3225.6
2025-05,1200948,101070168,288,3225.6
2025-05,1200949,101002402,144,1306.09
2025-05,1200949,101002612,150,1467.09
2025-05,1200949,101003347,432,4867.32
2025-05,1200949,101003359,180,984.72
2025-05,1200949,101004141,162,2017.72
2025-05,1200949,101004174,180,984.72
2025-05,1200949,101004224,2160,28894.19
2025-05,1200949,101004230,81,1912.75
2025-05,1200949,101004233,96,961.77
2025-05,1200949,101004261,324,7651.0
2025-05,1200949,101005690,96,961.77
2025-05,1200949,101070017,96,759.21
2025-05,1200949,101070153,72,653.04
2025-05,1200949,101070168,288,2612.18
2025-05,1200956,101002402,63,598.5
2025-05,1200956,101002715,180,1580.4
2025-05,1200956,101002859,75,427.5
2025-05,1200956,101003241,180,1026.0
2025-05,1200956,101004224,216,3019.68
2025-05,1200956,101004257,288,2609.28
2025-05,1200956,101070153,63,598.5
2025-05,1200956,101070156,72,684.0
2025-05,1200956,101070158,72,684.0
2025-05,1200956,101070165,63,598.5
2025-05,1200956,101070168,288,2736.0
2025-05,1200969,101070156,648,6642.0
2025-05,1200969,101070158,108,1080.0
2025-05,1200969,101070162,540,5535.0
2025-05,1200969,101070165,648,6642.0
2025-05,1200969,101070168,1296,13284.0
2025-05,1200973,101002188,0,-228.6
2025-05,1200973,101002715,0,-350.9
2025-05,1200973,101002717,0,-203.0
2025-05,1200973,101002859,0,-250.0
2025-05,1200973,101003241,0,-498.94
2025-05,1200973,101003359,0,-146.0
2025-05,1200973,101004174,0,-303.94
2025-05,1200973,101070153,0,-501.55
2025-05,1200973,101070154,0,-472.75
2025-05,1200973,101070156,0,-521.35
2025-05,1200973,101070158,0,-273.6
2025-05,1200973,101070162,0,-361.8
2025-05,1200973,101070165,0,-404.34999999999997
2025-05,1200973,101070168,0,-1183.1
2025-05,1200978,101002402,144,1630.08
2025-05,1200978,101004224,216,3036.96
2025-05,1200978,101070153,144,1630.08
2025-05,1200978,101070154,288,3260.16
2025-05,1200978,101070156,864,9780.48
2025-05,1200978,101070158,432,4890.24
2025-05,1200978,101070162,864,9780.48
2025-05,1200978,101070165,576,6520.32
2025-05,1200978,101070168,864,9780.48
2025-05,1200984,101004224,12744,160626.24
2025-05,1200985,101001911,17025,238064.59
2025-05,1200985,101002622,5440,6298.04
2025-05,1200985,101003648,4664,49006.92
2025-05,1200985,101004098,7776,5080.509999999996
2025-05,1200985,101004125,4365,55282.49
2025-05,1200985,101070163,11700,107832.37
2025-05,1200989,101001911,5850,87399.0
2025-05,1200989,101004196,6144,52877.12
2025-05,1200989,101070163,3420,49179.600000000006
2025-05,1200989,101070166,3960,39775.8
2025-05,1200995,101002612,300,3099.0
2025-05,1200995,101002715,2160,19159.2
2025-05,1200995,101002716,648,6220.8
2025-05,1200995,101002859,720,4168.8
2025-05,1200995,101003015,288,4458.24
2025-05,1200995,101003241,1800,10422.0
2025-05,1200995,101003347,648,7776.0
2025-05,1200995,101003359,720,4168.8
2025-05,1200995,101003360,1080,6253.200000000001
2025-05,1200995,101004183,360,2084.4
2025-05,1200995,101004224,1296,18299.52
2025-05,1200995,101004261,324,8067.6
2025-05,1200995,101070154,144,1396.8
2025-05,1200995,101070156,144,1396.8
2025-05,1200995,101070162,1008,9777.599999999999
2025-05,1200995,101070168,1296,12571.2
2025-05,1200996,101070156,63,625.59
2025-05,1200996,101070162,126,1251.18
2025-05,1200996,101070165,90,893.7
2025-05,1200998,101002402,144,1215.36
2025-05,1200998,101003346,324,3402.0
2025-05,1200998,101004141,54,617.76
2025-05,1200998,101004224,648,6804.0
2025-05,1200998,101004229,243,4582.98
2025-05,1200998,101004230,243,4582.98
2025-05,1200998,101004261,324,6110.64
2025-05,1200998,101070156,144,1143.36
2025-05,1200998,101070158,144,1143.36
2025-05,1200998,101070162,144,1143.36
2025-05,1200998,101070165,144,1143.36
2025-05,1200998,101070168,144,1143.36
2025-05,1201002,101070156,1008,8003.52
2025-05,1201002,101070158,720,5716.8
2025-05,1201002,101070162,4032,32014.079999999998
2025-05,1201002,101070165,1440,11433.599999999999
2025-05,1201002,101070168,864,6860.16
2025-05,1201009,101003133,1440,9446.4
2025-05,1201009,101003346,324,3402.0
2025-05,1201009,101003347,432,4536.0
2025-05,1201009,101003456,144,1143.36
2025-05,1201009,101003457,180,793.8
2025-05,1201009,101004141,517,5914.48
2025-05,1201009,101004219,648,4633.2
2025-05,1201009,101004224,1080,11340.0
2025-05,1201009,101004229,243,4582.98
2025-05,1201009,101004230,243,4582.98
2025-05,1201009,101004261,324,6110.64
2025-05,1201009,101070162,72,571.68
2025-05,1201009,101070165,72,571.68
2025-05,1201012,101002381,150,1942.5
2025-05,1201012,101002402,432,3646.08
2025-05,1201012,101002859,360,1868.4
2025-05,1201012,101003241,720,3736.8
2025-05,1201012,101003347,216,2410.56
2025-05,1201012,101004141,324,3936.6
2025-05,1201012,101004183,0,-778.5
2025-05,1201012,101004233,384,3640.32
2025-05,1201012,101070040,0,-192.78
2025-05,1201012,101070153,288,2430.72
2025-05,1201012,101070162,1872,15799.68
2025-05,1201012,101070165,1152,9722.880000000001
2025-05,1201012,101070168,2160,18230.4
2025-05,1201014,101004141,180,2331.0
2025-05,1201014,101070017,0,-164.0
2025-05,1201014,101070040,0,-88.74
2025-05,1201026,101002381,75,825.75
2025-05,1201026,101002612,300,2451.0
2025-05,1201026,101002717,720,4723.2
2025-05,1201026,101003133,10800,70848.0
2025-05,1201026,101003346,108,1134.0
2025-05,1201026,101003360,360,1587.6
2025-05,1201026,101003456,5472,43447.68
2025-05,1201026,101003457,1440,6350.4
2025-05,1201026,101004219,1944,13899.6
2025-05,1201026,101004229,81,1527.66
2025-05,1201026,101004230,81,1527.66
2025-05,1201026,101004233,96,773.76
2025-05,1201026,101004245,216,2268.0
2025-05,1201026,101004261,162,3055.32
2025-05,1201026,101005739,72,607.68
2025-05,1201026,101070156,72,571.68
2025-05,1201026,101070162,72,571.68
2025-05,1201026,101070165,72,571.68
2025-05,1201031,101003346,216,2857.68
2025-05,1201031,101003359,360,1890.0
2025-05,1201031,101004141,486,5963.22
2025-05,1201031,101004183,360,1890.0
2025-05,1201031,101004229,324,7682.04
2025-05,1201031,101004230,162,3841.02
2025-05,1201031,101004261,972,23046.12
2025-05,1201031,101070156,576,4930.56
2025-05,1201031,101070158,720,6163.2
2025-05,1201031,101070162,1728,14791.68
2025-05,1201031,101070168,864,7395.84
2025-05,1201033,101002188,288,2430.72
2025-05,1201033,101002859,360,1587.6
2025-05,1201033,101003133,10800,70848.0
2025-05,1201033,101003359,360,1587.6
2025-05,1201033,101003360,360,1587.6
2025-05,1201033,101004141,162,1853.28
2025-05,1201033,101004174,360,1587.6
2025-05,1201033,101004183,720,3175.2
2025-05,1201033,101004219,3888,27799.2
2025-05,1201033,101004229,162,3055.32
2025-05,1201033,101004233,384,3095.04
2025-05,1201033,101070154,288,2430.72
2025-05,1201033,101070158,432,3430.08
2025-05,1201034,101003346,864,9072.0
2025-05,1201034,101003347,432,4536.0
2025-05,1201034,101004224,3024,31752.0
2025-05,1201035,101002612,1650,16860.48
2025-05,1201035,101002715,160,1412.8
2025-05,1201035,101003241,330,1897.5
2025-05,1201035,101004174,330,1882.65
2025-05,1201035,101070153,189,2096.01
2025-05,1201035,101070156,5922,66645.81
2025-05,1201035,101070158,441,4919.67
2025-05,1201035,101070162,7434,83616.75
2025-05,1201035,101070165,1764,19838.07
2025-05,1201035,101070168,5922,66573.36
2025-05,1201037,101002715,80,648.8
2025-05,1201037,101003346,48,620.16
2025-05,1201037,101004141,36,514.08
2025-05,1201037,101004224,96,1240.32
2025-05,1201037,101004229,36,821.52
2025-05,1201037,101004230,36,821.52
2025-05,1201037,101004245,48,576.48
2025-05,1201037,101004261,72,1643.04
2025-05,1201037,101070040,119,998.41
2025-05,1201037,101070153,63,669.06
2025-05,1201037,101070154,31,329.22
2025-05,1201037,101070162,126,1338.12
2025-05,1201037,101070165,63,669.06
2025-05,1201037,101070168,63,669.06
2025-05,1201047,101004214,24960,235437.69999999998
2025-05,1201050,101002859,5400,28350.0
2025-05,1201050,101003241,5400,28350.0
2025-05,1201050,101003346,0,-5669.969999999999
2025-05,1201050,101003347,0,-3779.98
2025-05,1201050,101004141,0,-3087.61
2025-05,1201050,101004200,0,-75120.0
2025-05,1201050,101004224,6480,41955.939999999995
2025-05,1201050,101004245,0,-3307.48
2025-05,1201050,101004261,0,-19881.219999999998
2025-05,1201050,101070162,8640,73958.4
2025-05,1201050,101070165,4320,36979.2
2025-05,1201050,101070168,8640,73958.4
2025-05,1201054,101070153,63,531.72
2025-05,1201054,101070156,189,1595.16
2025-05,1201054,101070158,441,3722.04
2025-05,1201054,101070162,4536,38283.840000000004
2025-05,1201054,101070165,1449,12229.560000000001
2025-05,1201054,101070168,882,7444.08
2025-05,1201058,101002188,144,1370.88
2025-05,1201058,101002402,144,1370.88
2025-05,1201058,101004257,192,1739.52
2025-05,1201058,101005690,32,334.08
2025-05,1201058,101070040,17,120.7
2025-05,1201058,101070154,144,1370.88
2025-05,1201058,101070156,144,1370.88
2025-05,1201058,101070165,144,1370.88
2025-05,1201058,101070168,288,2741.76
2025-05,1201071,101004224,0,-8508.24
2025-05,1201071,101070162,1872,15799.68
2025-05,1201071,101070165,576,4861.44
2025-05,1201071,101070168,1872,15799.68
2025-05,1201073,101002188,189,1903.23
2025-05,1201073,101002402,189,1903.23
2025-05,1201073,101002612,300,2904.0
2025-05,1201073,101002715,320,2646.4
2025-05,1201073,101002859,660,3465.0
2025-05,1201073,101003241,660,3465.0
2025-05,1201073,101004141,216,3116.88
2025-05,1201073,101004224,768,10160.64
2025-05,1201073,101004230,216,5121.36
2025-05,1201073,101004233,576,5523.84
2025-05,1201073,101004257,288,2364.48
2025-05,1201073,101004261,432,10242.72
2025-05,1201073,101070040,105,859.95
2025-05,1201073,101070153,252,2537.64
2025-05,1201073,101070154,315,3172.05
2025-05,1201073,101070156,315,3172.0499999999997
2025-05,1201073,101070158,252,2537.64
2025-05,1201073,101070162,945,9516.150000000001
2025-05,1201073,101070165,252,2537.64
2025-05,1201073,101070168,630,6344.1
2025-05,1201090,101002381,0,-248.23
2025-05,1201090,101004141,0,-49.5
2025-05,1201090,101004224,0,-1136.9099999999999
2025-05,1201090,101004233,0,-605.25
2025-05,1201090,101004261,0,-1410.6999999999998
2025-05,1201090,101005690,0,-388.03999999999996
2025-05,1201090,101070158,0,-465.36
2025-05,1201090,101070162,0,-827.01
2025-05,1205005,101002859,330,1752.3
2025-05,1205005,101003241,330,1752.3
2025-05,1205005,101003347,96,1278.72
2025-05,1205005,101004141,144,2096.64
2025-05,1205005,101004224,288,3836.16
2025-05,1205005,101004257,192,1597.44
2025-05,1205005,101005690,96,931.2
2025-05,1205005,101070156,63,643.86
2025-05,1205005,101070158,252,2575.44
2025-05,1205005,101070162,630,6438.6
2025-05,1205005,101070165,126,1287.72
2025-05,1205005,101070168,441,4507.02
2025-05,1205009,101002612,150,1261.5
2025-05,1205009,101002715,160,1152.0
2025-05,1205009,101003241,165,757.35
2025-05,1205009,101004224,288,3320.64
2025-05,1205009,101004257,96,662.4
2025-05,1205009,101004261,72,1481.76
2025-05,1205013,101004224,432,6073.92
2025-05,1205013,101004261,162,4020.84
2025-05,1205013,101070156,144,1385.28
2025-05,1205013,101070162,2016,19393.92
2025-05,1205013,101070165,1728,16623.36
2025-05,1205021,101002859,720,4543.2
2025-05,1205021,101004174,2160,13629.599999999999
2025-05,1205026,101002715,1080,7884.0
2025-05,1205026,101002717,1440,10512.0
2025-05,1205026,101003241,5400,26568.0
2025-05,1205033,101002402,10,104.0
2025-05,1205033,101003347,20,252.8
2025-05,1205033,101004141,20,279.4
2025-05,1205033,101004229,30,669.6
2025-05,1205033,101004230,36,803.52
2025-05,1205033,101004257,96,864.0
2025-05,1205033,101004261,72,1607.04
2025-05,1205033,101070153,20,208.0
2025-05,1205033,101070154,40,416.0
2025-05,1205033,101070165,20,208.0
2025-05,1205046,101002612,0,-306.0
2025-05,1205046,101002859,0,-100.8
2025-05,1205046,101003360,0,-100.8
2025-05,1205046,101004141,0,-873.18
2025-05,1205046,101004224,0,-10959.84
2025-05,1205046,101004229,0,-199.26
2025-05,1205046,101004245,0,-453.6
2025-05,1205046,101004261,0,-2988.8999999999996
2025-05,1205046,101070158,0,-79.2
2025-05,1205046,101070162,0,-316.8
2025-05,1205046,101070165,0,-237.6
2025-05,1205046,101070168,0,-871.2
2025-05,1205047,101070156,558,5312.16
2025-05,1205047,101070162,684,6511.679999999999
2025-05,1205047,101070165,540,5140.8
2025-05,1205047,101070168,954,9082.08
2025-05,1205049,101002188,0,-21.43
2025-05,1205049,101002402,0,-21.43
2025-05,1205049,101070040,0,-228.48
2025-05,1205049,101070153,0,-21.43
2025-05,1205049,101070154,0,-21.43
2025-05,1205049,101070156,1584,16942.75
2025-05,1205049,101070158,1152,12339.529999999999
2025-05,1205049,101070162,1008,10762.27
2025-05,1205049,101070165,0,-32.14
2025-05,1205049,101070168,576,6126.91
2025-05,1205051,101002612,300,3099.0
2025-05,1205051,101002715,5760,51091.2
2025-05,1205051,101002717,360,3193.2
2025-05,1205051,101003346,216,3049.92
2025-05,1205051,101003347,432,5184.0
2025-05,1205051,101003359,360,2084.4
2025-05,1205051,101004141,324,4302.72
2025-05,1205051,101004224,1944,27449.28
2025-05,1205051,101004229,162,4033.8
2025-05,1205051,101004230,162,4033.8
2025-05,1205051,101004233,192,2035.2
2025-05,1205051,101004257,192,1770.24
2025-05,1205051,101004261,810,20169.0
2025-05,1205051,101005690,192,2035.2
2025-05,1205051,101070017,192,1628.16
2025-05,1205051,101070153,144,1396.8
2025-05,1205051,101070154,288,2793.6
2025-05,1205051,101070156,432,4190.4
2025-05,1205051,101070158,288,2793.6
2025-05,1205051,101070162,576,5587.2
2025-05,1205051,101070165,432,4190.4
2025-05,1205053,101002715,28080,219024.0
2025-05,1205053,101003241,46800,219024.0
2025-05,1205056,101002715,39580,277060.0
2025-05,1205057,101070153,189,1876.77
2025-05,1205057,101070154,63,625.59
2025-05,1205057,101070156,126,1251.18
2025-05,1205057,101070162,126,1251.18
2025-05,1205059,101002188,45,468.0
2025-05,1205059,101002402,63,655.2
2025-05,1205059,101002715,160,1270.4
2025-05,1205059,101070153,63,655.2
2025-05,1205059,101070154,63,655.2
2025-05,1205059,101070156,126,1310.4
2025-05,1205059,101070158,126,1310.4
2025-05,1205059,101070168,63,655.2
2025-05,C5800,101002161,48,421.38
2025-05,C5800,101002613,20400,147648.9
2025-05,C5800,101003028,15480,58790.88
2025-05,C5800,101003118,19080,83197.8
2025-05,C5800,101003119,29520,135496.8
2025-05,C5800,101003122,31320,139379.4
2025-05,C5800,101003207,25781,186881.31
2025-05,C5800,101003242,42120,180192.6
2025-05,C5800,101003449,14760,59865.479999999996
2025-05,C5800,101004148,71040,536652.87
2025-05,C5800,101004189,62856,722305.63
2025-05,C5800,101004190,3600,16524.0
2025-05,C5800,101004226,14256,247984.91
2025-05,C5800,101004246,1080,9217.26
2025-05,C5800,101004262,12312,129636.97
2025-05,C5800,101070043,58,415.3
2025-05,C5800,101070173,17568,138495.11
2025-05,C5800,101070175,10656,93546.9
2025-05,C5800,101070176,9360,62087.619999999995
2025-05,C5800,101070179,4320,31230.43
2025-05,NCASH510,101001911,6,73.8
2025-05,NCASH510,101002402,2,15.8
2025-05,NCASH510,101002612,6,45.6
2025-05,NCASH510,101002859,7,28.7
2025-05,NCASH510,101003241,11,45.2
2025-05,NCASH510,101003346,3,31.5
2025-05,NCASH510,101003347,5,52.5
2025-05,NCASH510,101003360,3,12.3
2025-05,NCASH510,101004141,6,68.4
2025-05,NCASH510,101004174,2,8.2
2025-05,NCASH510,101004224,13,136.5
2025-05,NCASH510,101004229,4,75.3
2025-05,NCASH510,101004245,5,52.5
2025-05,NCASH510,101004261,20,376.8
2025-05,NCASH510,101070154,1,7.9
2025-05,NCASH510,101070156,6,47.4
2025-05,NCASH510,101070158,4,31.6
2025-05,NCASH510,101070162,5,39.6
2025-05,NCASH510,101070165,2,15.9
2025-05,NCASH510,101070168,2,15.8
2025-06,1200002,101002188,144,1232.64
2025-06,1200002,101002402,144,1232.64
2025-06,1200002,101002715,0,-23.54
2025-06,1200002,101003346,216,2430.0
2025-06,1200002,101003347,648,7244.81
2025-06,1200002,101004141,1620,19766.510000000002
2025-06,1200002,101004224,2160,24300.0
2025-06,1200002,101004229,162,2689.2
2025-06,1200002,101004230,162,2689.2
2025-06,1200002,101004245,648,7290.0
2025-06,1200002,101004261,810,13446.0
2025-06,1200002,101070162,2160,18409.34
2025-06,1200002,101070165,432,3697.92
2025-06,1200002,101070168,864,7361.4400000000005
2025-06,1200008,101002859,360,1868.4
2025-06,1200008,101070156,144,1215.36
2025-06,1200008,101070162,2304,19445.76
2025-06,1200008,101070165,864,7292.16
2025-06,1200008,101070168,576,4861.44
2025-06,1200010,101002715,720,5875.2
2025-06,1200010,101002716,324,2860.92
2025-06,1200010,101002859,360,1958.4
2025-06,1200010,101003241,900,4896.0
2025-06,1200010,101003347,216,2805.84
2025-06,1200010,101003359,180,979.2
2025-06,1200010,101003360,360,1958.4
2025-06,1200010,101004141,324,4655.88
2025-06,1200010,101004183,180,979.2
2025-06,1200010,101004224,864,11223.36
2025-06,1200010,101004230,162,3711.42
2025-06,1200010,101004233,384,3824.64
2025-06,1200010,101004245,108,1404.0
2025-06,1200010,101004261,324,7422.84
2025-06,1200010,101005690,192,1912.32
2025-06,1200010,101070017,192,1912.32
2025-06,1200010,101070040,238,2013.48
2025-06,1200010,101070156,144,1545.12
2025-06,1200010,101070158,144,1545.12
2025-06,1200010,101070162,144,1545.12
2025-06,1200010,101070165,144,1545.12
2025-06,1200010,101070168,288,3090.24
2025-06,1200015,101003346,120,1423.2
2025-06,1200015,101004141,180,2354.4
2025-06,1200015,101004230,90,1569.6
2025-06,1200015,101070040,0,-15.99
2025-06,1200016,101002381,150,2157.0
2025-06,1200016,101002612,0,-576.0
2025-06,1200016,101003346,216,2561.76
2025-06,1200016,101003347,0,-568.08
2025-06,1200016,101003359,0,-374.4
2025-06,1200016,101004141,0,-926.64
2025-06,1200016,101004174,0,-374.4
2025-06,1200016,101004229,0,-764.64
2025-06,1200016,101004230,0,-764.64
2025-06,1200016,101004261,0,-764.64
2025-06,1200017,101002402,144,1271.52
2025-06,1200017,101002612,900,8856.0
2025-06,1200017,101002859,1440,7747.2
2025-06,1200017,101003241,1440,7747.2
2025-06,1200017,101003347,1080,12333.6
2025-06,1200017,101003360,720,3873.6
2025-06,1200017,101004141,972,12159.72
2025-06,1200017,101004174,720,3873.6
2025-06,1200017,101004230,324,5443.2
2025-06,1200017,101004257,768,6489.6
2025-06,1200017,101004261,1134,19051.2
2025-06,1200017,101070040,952,6387.92
2025-06,1200017,101070162,576,5086.08
2025-06,1200017,101070165,432,3814.56
2025-06,1200017,101070168,144,1271.52
2025-06,1200018,101002381,300,3927.0
2025-06,1200018,101002402,288,2465.28
2025-06,1200018,101002612,600,5808.0
2025-06,1200018,101002715,720,5061.6
2025-06,1200018,101002716,324,2481.84
2025-06,1200018,101002859,720,3780.0
2025-06,1200018,101003241,1440,7560.0
2025-06,1200018,101003346,216,2430.0
2025-06,1200018,101003347,1080,12150.0
2025-06,1200018,101003359,360,1890.0
2025-06,1200018,101003360,1080,5670.0
2025-06,1200018,101004174,360,1890.0
2025-06,1200018,101004224,6480,72900.0
2025-06,1200018,101004229,162,2689.2
2025-06,1200018,101004230,162,2689.2
2025-06,1200018,101004233,384,3682.56
2025-06,1200018,101004245,216,2430.0
2025-06,1200018,101004257,192,1576.32
2025-06,1200018,101004261,810,13446.0
2025-06,1200018,101070152,0,-162.5
2025-06,1200018,101070154,144,1232.64
2025-06,1200018,101070155,0,-217.5
2025-06,1200018,101070156,288,2465.28
2025-06,1200018,101070158,144,1232.64
2025-06,1200018,101070161,0,-862.5
2025-06,1200018,101070162,1296,11093.76
2025-06,1200018,101070164,0,-215.0
2025-06,1200018,101070165,288,2465.28
2025-06,1200018,101070167,0,-105.0
2025-06,1200018,101070168,1296,11093.76
2025-06,1200019,101002381,75,1095.0
2025-06,1200019,101003347,432,5162.4
2025-06,1200019,101004141,324,4280.04
2025-06,1200019,101004224,1296,15487.2
2025-06,1200019,101004261,810,14069.7
2025-06,1200019,101070162,720,6926.4
2025-06,1200019,101070165,288,2770.56
2025-06,1200019,101070168,720,6926.4
2025-06,1200020,101002188,432,3918.24
2025-06,1200020,101004257,192,1345.92
2025-06,1200020,101070153,144,1306.08
2025-06,1200020,101070154,288,2612.16
2025-06,1200020,101070156,576,5224.32
2025-06,1200020,101070158,576,5224.32
2025-06,1200020,101070162,864,7836.48
2025-06,1200020,101070165,144,1306.08
2025-06,1200020,101070168,864,7836.48
2025-06,1200025,101002188,72,749.52
2025-06,1200025,101002402,72,749.52
2025-06,1200025,101002612,150,1609.5
2025-06,1200025,101003241,360,2203.2
2025-06,1200025,101003346,108,1347.84
2025-06,1200025,101003347,216,2695.68
2025-06,1200025,101003359,180,1101.6
2025-06,1200025,101003360,360,2203.2
2025-06,1200025,101004141,486,6760.26
2025-06,1200025,101004224,972,12130.56
2025-06,1200025,101004233,96,1077.12
2025-06,1200025,101004245,216,2695.68
2025-06,1200025,101004261,81,1453.95
2025-06,1200025,101070154,72,749.52
2025-06,1200025,101070162,72,749.52
2025-06,1200025,101070165,144,1499.04
2025-06,1200025,101070168,144,1499.04
2025-06,1200027,101002188,1080,9601.2
2025-06,1200027,101002402,648,5760.72
2025-06,1200027,101002715,240,1780.8
2025-06,1200027,101002717,240,1780.8
2025-06,1200027,101002859,300,1404.0
2025-06,1200027,101003241,300,1404.0
2025-06,1200027,101004233,320,2825.6
2025-06,1200027,101070153,1080,9601.2
2025-06,1200027,101070154,1296,11521.44
2025-06,1200027,101070156,1728,15361.92
2025-06,1200027,101070158,1296,11521.44
2025-06,1200027,101070162,1620,14401.8
2025-06,1200027,101070165,1728,15361.92
2025-06,1200027,101070168,1728,15361.92
2025-06,1200029,101002188,72,607.68
2025-06,1200029,101002402,144,1215.36
2025-06,1200029,101003241,720,3736.8
2025-06,1200029,101003359,180,934.2
2025-06,1200029,101003360,180,934.2
2025-06,1200029,101004141,81,984.15
2025-06,1200029,101004224,216,2410.56
2025-06,1200029,101004257,96,777.6
2025-06,1200029,101070017,192,1455.36
2025-06,1200029,101070153,144,1215.36
2025-06,1200029,101070156,72,607.68
2025-06,1200029,101070162,432,3646.08
2025-06,1200029,101070165,720,6076.8
2025-06,1200029,101070168,504,4253.76
2025-06,1200031,101002612,300,3099.0
2025-06,1200031,101003241,1080,6253.2
2025-06,1200031,101003347,216,2592.0
2025-06,1200031,101003360,360,2084.4
2025-06,1200031,101004233,192,2035.2
2025-06,1200031,101004245,216,2592.0
2025-06,1200031,101004257,384,3540.48
2025-06,1200031,101004261,486,8470.98
2025-06,1200031,101070017,192,1628.16
2025-06,1200031,101070040,238,1713.6
2025-06,1200031,101070158,144,1396.8
2025-06,1200031,101070168,144,1396.8
2025-06,1200032,101002188,432,4190.4
2025-06,1200032,101002402,720,6984.0
2025-06,1200032,101002612,600,6198.0
2025-06,1200032,101002859,720,4168.8
2025-06,1200032,101003241,1440,8337.6
2025-06,1200032,101003346,216,2592.0
2025-06,1200032,101003347,432,5184.0
2025-06,1200032,101003359,540,3126.6
2025-06,1200032,101003360,540,3126.6
2025-06,1200032,101004141,486,6454.08
2025-06,1200032,101004174,720,4168.8
2025-06,1200032,101004183,360,2084.4
2025-06,1200032,101004224,4320,51840.0
2025-06,1200032,101004229,162,2823.66
2025-06,1200032,101004230,162,2823.66
2025-06,1200032,101004233,576,6105.6
2025-06,1200032,101004257,1344,12391.68
2025-06,1200032,101004261,648,11294.64
2025-06,1200032,101005690,576,6105.6
2025-06,1200032,101070017,288,3052.8
2025-06,1200032,101070040,119,856.8
2025-06,1200032,101070153,288,2793.6
2025-06,1200032,101070154,1008,9777.6
2025-06,1200032,101070156,1584,15364.8
2025-06,1200032,101070158,720,6984.0
2025-06,1200032,101070162,1152,11174.4
2025-06,1200032,101070165,720,6984.0
2025-06,1200032,101070168,1584,15364.8
2025-06,1200034,101002402,108,1121.04
2025-06,1200034,101004224,240,3050.4
2025-06,1200034,101070153,108,1121.04
2025-06,1200034,101070156,972,10089.36
2025-06,1200034,101070158,648,6726.24
2025-06,1200034,101070162,432,4484.16
2025-06,1200034,101070165,324,3363.12
2025-06,1200034,101070168,432,4484.16
2025-06,1200035,101002188,144,1396.8
2025-06,1200035,101002381,300,4572.0
2025-06,1200035,101002402,288,2793.6
2025-06,1200035,101002612,900,9297.0
2025-06,1200035,101002716,324,2643.84
2025-06,1200035,101002717,360,2714.4
2025-06,1200035,101002859,720,4168.8
2025-06,1200035,101003015,576,6243.84
2025-06,1200035,101003241,2520,14590.8
2025-06,1200035,101003346,216,2592.0
2025-06,1200035,101003347,864,10368.0
2025-06,1200035,101003359,360,2084.4
2025-06,1200035,101003360,720,4168.8
2025-06,1200035,101004141,648,8605.44
2025-06,1200035,101004224,432,-5955.37
2025-06,1200035,101004229,324,5647.32
2025-06,1200035,101004230,162,2823.66
2025-06,1200035,101004233,384,4070.4
2025-06,1200035,101004245,648,7776.0
2025-06,1200035,101004257,384,3540.48
2025-06,1200035,101004261,324,5647.32
2025-06,1200035,101070153,576,5587.2
2025-06,1200035,101070154,288,2793.6
2025-06,1200035,101070156,1008,9777.599999999999
2025-06,1200035,101070162,2592,24890.29
2025-06,1200035,101070165,1296,12571.2
2025-06,1200035,101070168,1296,12175.029999999999
2025-06,1200039,101004141,187,2464.66
2025-06,1200047,101002188,144,1306.08
2025-06,1200047,101002402,144,1306.08
2025-06,1200047,101004257,192,1345.92
2025-06,1200047,101005690,192,1610.88
2025-06,1200047,101070153,144,1306.08
2025-06,1200047,101070154,288,2612.16
2025-06,1200047,101070158,432,3918.24
2025-06,1200047,101070162,432,3918.24
2025-06,1200047,101070165,144,1306.08
2025-06,1200047,101070168,432,3918.24
2025-06,1200048,101002402,432,4497.12
2025-06,1200048,101003346,216,2695.68
2025-06,1200048,101004174,360,2203.2
2025-06,1200048,101070153,432,4497.12
2025-06,1200048,101070158,432,4497.12
2025-06,1200048,101070162,576,5996.16
2025-06,1200048,101070165,1008,10493.28
2025-06,1200048,101070168,288,2998.08
2025-06,1200055,101002715,2160,16286.4
2025-06,1200055,101004141,162,2151.36
2025-06,1200055,101004224,4104,49248.0
2025-06,1200055,101004229,162,2823.66
2025-06,1200055,101004230,162,2823.66
2025-06,1200055,101004233,192,2035.2
2025-06,1200055,101004245,216,2592.0
2025-06,1200055,101004261,810,14118.3
2025-06,1200055,101070017,576,4884.48
2025-06,1200055,101070040,0,-160.65
2025-06,1200055,101070158,144,1396.8
2025-06,1200055,101070168,144,1396.8
2025-06,1200056,101002188,189,2024.19
2025-06,1200056,101002402,252,2885.4
2025-06,1200056,101002715,2160,18019.2
2025-06,1200056,101002859,330,2008.0500000000002
2025-06,1200056,101003241,660,3918.75
2025-06,1200056,101004174,165,955.35
2025-06,1200056,101004233,96,921.6
2025-06,1200056,101070153,441,5189.3099999999995
2025-06,1200056,101070154,693,7981.469999999999
2025-06,1200056,101070156,756,9029.16
2025-06,1200056,101070158,63,674.73
2025-06,1200056,101070162,693,8074.71
2025-06,1200056,101070165,252,2698.92
2025-06,1200056,101070168,1512,17032.68
2025-06,1200067,101002402,72,692.64
2025-06,1200067,101002716,324,2634.12
2025-06,1200067,101002717,360,2703.6
2025-06,1200067,101003360,360,2070.0
2025-06,1200067,101004141,486,6420.06
2025-06,1200067,101004224,2160,25812.0
2025-06,1200067,101004229,162,2813.94
2025-06,1200067,101004245,108,1290.6
2025-06,1200067,101070162,432,4155.84
2025-06,1200067,101070165,288,2770.56
2025-06,1200067,101070168,288,2770.56
2025-06,1200077,101001911,150,1788.0
2025-06,1200077,101002622,0,-21258.739999999998
2025-06,1200077,101003648,13640,162531.1
2025-06,1200077,101004125,8280,111608.61
2025-06,1200077,101004196,9120,77837.84
2025-06,1200077,101004225,0,-221.39999999999998
2025-06,1200077,101070156,1890,17066.86
2025-06,1200077,101070163,51120,455212.48
2025-06,1200077,101070166,3915,51255.14
2025-06,1200095,101002381,300,4202.82
2025-06,1200095,101002612,2700,26826.05
2025-06,1200095,101002715,0,-835.2
2025-06,1200095,101002859,1485,8127.85
2025-06,1200095,101003241,6105,34141.22
2025-06,1200095,101003346,1344,17012.25
2025-06,1200095,101003347,384,4870.21
2025-06,1200095,101003360,0,-1.29
2025-06,1200095,101004174,1650,9119.11
2025-06,1200095,101004224,5472,69043.18
2025-06,1200095,101004229,72,1677.26
2025-06,1200095,101004230,1296,31169.49
2025-06,1200095,101004233,2400,23222.31
2025-06,1200095,101004245,192,2377.78
2025-06,1200095,101004257,2880,25039.84
2025-06,1200095,101004261,3600,82993.31
2025-06,1200095,101005690,1248,12276.07
2025-06,1200095,101070156,1953,19671.04
2025-06,1200095,101070162,1953,19702.22
2025-06,1200095,101070168,4095,41348.8
2025-06,1200100,101001911,18375,-302008.14
2025-06,1200100,101003648,16984,222814.59000000003
2025-06,1200100,101004098,60192,572892.28
2025-06,1200100,101070163,9945,46097.22
2025-06,1200100,101070166,6660,65453.520000000004
2025-06,1200105,101002402,576,4861.44
2025-06,1200105,101002717,720,5018.4
2025-06,1200105,101003346,216,2410.56
2025-06,1200105,101070156,576,4861.44
2025-06,1200105,101070158,576,4861.44
2025-06,1200105,101070162,1008,8507.52
2025-06,1200105,101070165,288,2430.72
2025-06,1200105,101070168,864,7292.16
2025-06,1200113,101002381,1800,24126.0
2025-06,1200113,101002612,1950,19239.0
2025-06,1200113,101002715,1280,10908.8
2025-06,1200113,101002717,320,2694.4
2025-06,1200113,101003241,330,1775.4
2025-06,1200113,101003347,864,11543.04
2025-06,1200113,101004224,2592,34732.8
2025-06,1200113,101004233,2496,24323.52
2025-06,1200113,101004257,1248,11016.0
2025-06,1200113,101004261,3456,83160.0
2025-06,1200113,101070156,882,9499.14
2025-06,1200113,101070158,630,6785.1
2025-06,1200113,101070162,1512,16284.240000000002
2025-06,1200113,101070165,945,10420.2
2025-06,1200113,101070168,1071,11361.42
2025-06,1200119,101002381,300,4206.0
2025-06,1200119,101002612,300,3018.0
2025-06,1200119,101003241,720,4010.4
2025-06,1200119,101003346,216,2533.68
2025-06,1200119,101003347,432,5067.36
2025-06,1200119,101004224,216,2533.68
2025-06,1200119,101004230,324,5576.04
2025-06,1200119,101004233,192,1954.56
2025-06,1200119,101004261,324,5576.04
2025-06,1200119,101070017,192,1576.32
2025-06,1200119,101070153,144,1339.2
2025-06,1200119,101070154,144,1339.2
2025-06,1200119,101070156,144,1339.2
2025-06,1200119,101070165,432,4017.6
2025-06,1200140,101002381,150,2190.0
2025-06,1200140,101002612,300,3084.0
2025-06,1200140,101003347,1728,20649.6
2025-06,1200140,101004141,2106,27820.26
2025-06,1200140,101004229,162,2813.94
2025-06,1200140,101004233,192,2021.76
2025-06,1200140,101004257,192,1756.8
2025-06,1200140,101070040,238,1704.08
2025-06,1200140,101070153,144,1385.28
2025-06,1200140,101070154,144,1385.28
2025-06,1200140,101070162,3024,29090.879999999997
2025-06,1200140,101070165,1008,9696.96
2025-06,1200140,101070168,2160,20779.199999999997
2025-06,1200153,101002381,1200,15535.15
2025-06,1200153,101002612,600,4894.99
2025-06,1200153,101002715,0,-2156.99
2025-06,1200153,101002717,0,-102.71
2025-06,1200153,101003015,0,-417.12
2025-06,1200153,101003241,1980,9672.06
2025-06,1200153,101003347,0,-98.91
2025-06,1200153,101004224,0,-1928.66
2025-06,1200153,101004229,0,-66.51
2025-06,1200153,101004230,288,6809.830000000001
2025-06,1200153,101004233,2784,26092.780000000002
2025-06,1200153,101004257,0,-273.96
2025-06,1200153,101004261,0,-3259.16
2025-06,1200153,101005690,384,3853.57
2025-06,1200153,101070017,192,1971.75
2025-06,1200153,101070153,63,657.72
2025-06,1200153,101070154,0,-49.12
2025-06,1200153,101070156,504,4758.56
2025-06,1200153,101070158,0,-49.12
2025-06,1200153,101070162,882,8299.29
2025-06,1200153,101070165,630,6145.38
2025-06,1200153,101070168,0,-417.55
2025-06,1200176,101002402,108,1072.44
2025-06,1200176,101002859,300,1557.0
2025-06,1200176,101070153,108,1072.44
2025-06,1200176,101070154,108,1072.44
2025-06,1200176,101070156,216,2144.88
2025-06,1200176,101070158,108,1072.44
2025-06,1200176,101070162,216,2144.88
2025-06,1200176,101070165,216,2144.88
2025-06,1200176,101070168,324,3217.32
2025-06,1200180,101002188,0,-15.0
2025-06,1200180,101002402,0,-10.0
2025-06,1200180,101002715,0,-5.0
2025-06,1200180,101002717,0,-5.0
2025-06,1200180,101070153,0,-5.0
2025-06,1200180,101070154,0,-10.0
2025-06,1200180,101070156,0,-10.0
2025-06,1200180,101070158,0,-10.0
2025-06,1200180,101070162,0,-10.0
2025-06,1200180,101070165,0,-10.0
2025-06,1200180,101070168,0,-15.0
2025-06,1200187,101003241,1080,5194.8
2025-06,1200187,101004224,648,7652.88
2025-06,1200187,101004230,162,2791.26
2025-06,1200187,101004261,162,2791.26
2025-06,1200187,101070158,144,1596.96
2025-06,1200187,101070162,1152,12775.68
2025-06,1200187,101070165,648,7186.32
2025-06,1200187,101070168,576,6387.84
2025-06,1200188,101002381,600,7854.0
2025-06,1200188,101002612,1350,13068.0
2025-06,1200188,101003241,2475,12993.75
2025-06,1200188,101004224,1920,25401.6
2025-06,1200188,101004261,432,10242.72
2025-06,1200188,101070156,756,7612.92
2025-06,1200188,101070158,1008,10150.56
2025-06,1200188,101070162,2142,21569.94
2025-06,1200197,101002381,750,8348.65
2025-06,1200197,101002612,900,6614.5599999999995
2025-06,1200197,101002715,7680,58963.0
2025-06,1200197,101002717,0,-189.76
2025-06,1200197,101003015,4224,61014.93
2025-06,1200197,101003241,2640,10926.970000000001
2025-06,1200197,101003347,384,4731.079999999999
2025-06,1200197,101003360,0,-12.74
2025-06,1200197,101004174,0,-12.74
2025-06,1200197,101004224,7008,88286.31999999999
2025-06,1200197,101004229,0,-111.99
2025-06,1200197,101004230,360,8044.59
2025-06,1200197,101004233,960,7297.780000000001
2025-06,1200197,101004257,2112,14634.740000000002
2025-06,1200197,101004261,5832,130522.93000000001
2025-06,1200197,101070017,192,1769.3400000000001
2025-06,1200197,101070153,252,2257.13
2025-06,1200197,101070154,63,345.61
2025-06,1200197,101070156,819,6032.91
2025-06,1200197,101070158,441,3847.0
2025-06,1200197,101070162,2394,18776.18
2025-06,1200197,101070165,1071,7740.62
2025-06,1200197,101070168,0,-1063.51
2025-06,1200200,101002379,28357,558065.76
2025-06,1200200,101002612,7561,87178.33
2025-06,1200200,101002717,360,3542.4
2025-06,1200200,101002859,4500,28035.000000000004
2025-06,1200200,101003241,4140,25792.2
2025-06,1200200,101003346,2445,38533.2
2025-06,1200200,101003359,482,3002.86
2025-06,1200200,101004141,286,5270.98
2025-06,1200200,101004174,2520,15699.600000000002
2025-06,1200200,101004183,2092,13033.16
2025-06,1200200,101004229,210,5943.0
2025-06,1200200,101004230,90,2547.0
2025-06,1200200,101004233,7453,84815.14
2025-06,1200200,101004245,35,551.6
2025-06,1200200,101004261,1832,51845.6
2025-06,1200200,101005690,494,5621.72
2025-06,1200200,101070154,504,6007.68
2025-06,1200200,101070155,910,5414.5
2025-06,1200200,101070156,945,11264.400000000001
2025-06,1200200,101070161,2553,15190.35
2025-06,1200200,101070162,2535,30217.2
2025-06,1200200,101070164,3726,22169.7
2025-06,1200200,101070165,2304,27463.68
2025-06,1200200,101070168,2898,34544.16
2025-06,1200209,101002612,300,3219.0
2025-06,1200209,101002715,320,2956.8
2025-06,1200209,101002859,990,6058.8
2025-06,1200209,101003241,330,2019.6
2025-06,1200209,101070153,252,3087.0
2025-06,1200209,101070156,189,2315.25
2025-06,1200209,101070158,189,2315.25
2025-06,1200209,101070162,189,2315.25
2025-06,1200209,101070168,315,3858.75
2025-06,1200236,101002381,300,3927.0
2025-06,1200236,101002612,1800,17424.0
2025-06,1200236,101002715,2160,15184.8
2025-06,1200236,101002859,1800,9450.0
2025-06,1200236,101003241,1440,7560.0
2025-06,1200236,101003346,216,2430.0
2025-06,1200236,101003347,1728,19440.0
2025-06,1200236,101003359,720,3780.0
2025-06,1200236,101003360,1440,7560.0
2025-06,1200236,101004141,4374,53668.98
2025-06,1200236,101004174,720,3780.0
2025-06,1200236,101004183,360,1890.0
2025-06,1200236,101004224,6048,61767.36
2025-06,1200236,101004229,162,2689.2
2025-06,1200236,101004230,324,5378.4
2025-06,1200236,101004233,192,1841.28
2025-06,1200236,101004245,432,4860.0
2025-06,1200236,101004257,384,3152.64
2025-06,1200236,101004261,1944,32270.4
2025-06,1200236,101070017,192,1472.64
2025-06,1200236,101070040,714,4676.700000000001
2025-06,1200236,101070152,288,1451.52
2025-06,1200236,101070156,288,2465.28
2025-06,1200236,101070158,288,2465.28
2025-06,1200236,101070161,288,1451.52
2025-06,1200236,101070162,3168,27118.08
2025-06,1200236,101070165,288,2465.28
2025-06,1200236,101070167,1440,7257.6
2025-06,1200236,101070168,2880,24652.800000000003
2025-06,1200255,101002188,432,4436.21
2025-06,1200255,101002402,720,7393.679999999999
2025-06,1200255,101002612,300,2789.1
2025-06,1200255,101002715,360,2873.88
2025-06,1200255,101002717,360,2873.88
2025-06,1200255,101002859,180,937.98
2025-06,1200255,101003241,540,2813.94
2025-06,1200255,101003347,540,6862.32
2025-06,1200255,101003359,180,937.98
2025-06,1200255,101004141,405,5693.49
2025-06,1200255,101004174,180,937.98
2025-06,1200255,101004224,648,8234.789999999999
2025-06,1200255,101004257,192,1593.22
2025-06,1200255,101004261,162,3630.42
2025-06,1200255,101070153,792,8133.05
2025-06,1200255,101070154,1008,10351.15
2025-06,1200255,101070156,2952,30314.090000000004
2025-06,1200255,101070158,1584,16266.1
2025-06,1200255,101070162,3168,32532.190000000002
2025-06,1200255,101070165,1728,17744.829999999998
2025-06,1200255,101070168,2592,26617.24
2025-06,1200256,101002715,2560,22465.0
2025-06,1200256,101002717,800,7070.6
2025-06,1200256,101002859,1815,10377.58
2025-06,1200256,101003241,4620,20752.690000000002
2025-06,1200256,101004224,3456,47635.69
2025-06,1200256,101004261,1152,27601.92
2025-06,1200256,101070161,1485,8464.5
2025-06,1200265,101002188,288,3286.08
2025-06,1200265,101002715,1080,9482.4
2025-06,1200265,101003241,720,4104.0
2025-06,1200265,101004174,360,2052.0
2025-06,1200265,101070040,238,2142.0
2025-06,1200265,101070154,576,6572.16
2025-06,1200265,101070156,576,6541.92
2025-06,1200265,101070158,432,4929.12
2025-06,1200265,101070162,1296,14726.880000000001
2025-06,1200265,101070165,720,8184.96
2025-06,1200265,101070168,288,3286.08
2025-06,1200280,101002188,63,625.59
2025-06,1200280,101002612,600,5766.0
2025-06,1200280,101002715,160,1312.0
2025-06,1200280,101002859,165,856.35
2025-06,1200280,101003241,330,1712.7
2025-06,1200280,101004174,165,856.35
2025-06,1200280,101004257,192,1555.2
2025-06,1200280,101070154,504,5004.72
2025-06,1200280,101070156,504,5004.72
2025-06,1200280,101070158,252,2502.36
2025-06,1200280,101070162,1386,13762.980000000001
2025-06,1200280,101070165,882,8758.26
2025-06,1200280,101070168,315,3127.9500000000003
2025-06,1200288,101002402,144,1285.92
2025-06,1200288,101002612,600,5046.0
2025-06,1200288,101070153,432,3857.76
2025-06,1200288,101070154,576,5143.68
2025-06,1200288,101070156,4032,36005.76
2025-06,1200288,101070158,1152,10287.36
2025-06,1200288,101070162,6192,55294.560000000005
2025-06,1200288,101070165,1152,10287.36
2025-06,1200288,101070168,3312,29576.160000000003
2025-06,1200363,101002381,75,883.84
2025-06,1200363,101002612,2400,20988.24
2025-06,1200363,101002859,360,1700.24
2025-06,1200363,101003346,324,3871.25
2025-06,1200363,101003347,216,2580.83
2025-06,1200363,101003359,180,850.12
2025-06,1200363,101004141,324,4216.21
2025-06,1200363,101004174,180,850.12
2025-06,1200363,101004224,5400,34712.82
2025-06,1200363,101004230,3402,72766.15
2025-06,1200363,101004233,1728,14907.119999999999
2025-06,1200363,101004261,5184,79161.23999999999
2025-06,1200363,101070153,144,1301.23
2025-06,1200363,101070154,216,1951.84
2025-06,1200363,101070156,288,2602.45
2025-06,1200363,101070162,288,2559.25
2025-06,1200363,101070165,144,1258.03
2025-06,1200363,101070168,432,3889.2799999999997
2025-06,1200400,101002188,288,2612.16
2025-06,1200400,101002402,108,979.56
2025-06,1200400,101002715,120,872.4
2025-06,1200400,101003241,150,697.5
2025-06,1200400,101004257,352,2467.52
2025-06,1200400,101070153,108,979.56
2025-06,1200400,101070154,252,2285.64
2025-06,1200400,101070156,432,3918.24
2025-06,1200400,101070158,936,8489.52
2025-06,1200400,101070162,1080,9795.599999999999
2025-06,1200400,101070165,360,3265.2
2025-06,1200400,101070168,1116,10122.119999999999
2025-06,1200419,101002188,1008,10846.08
2025-06,1200419,101002402,945,10168.2
2025-06,1200419,101002612,750,7372.5
2025-06,1200419,101002715,1280,10393.6
2025-06,1200419,101002859,990,5237.1
2025-06,1200419,101003241,990,5237.1
2025-06,1200419,101003346,480,6177.6
2025-06,1200419,101003359,495,2618.55
2025-06,1200419,101004141,504,7242.48
2025-06,1200419,101004174,990,5237.1
2025-06,1200419,101004230,576,13622.4
2025-06,1200419,101004233,384,3686.4
2025-06,1200419,101004261,720,17028.0
2025-06,1200419,101070017,288,2764.8
2025-06,1200419,101070153,819,8812.44
2025-06,1200419,101070154,1449,15591.24
2025-06,1200419,101070156,630,6778.8
2025-06,1200419,101070162,1323,14235.48
2025-06,1200419,101070165,693,7456.68
2025-06,1200424,101002188,864,7715.52
2025-06,1200424,101002381,450,5827.5
2025-06,1200424,101002402,1008,9001.44
2025-06,1200424,101002612,300,2523.0
2025-06,1200424,101002715,1440,10368.0
2025-06,1200424,101002716,324,2572.56
2025-06,1200424,101002717,360,2592.0
2025-06,1200424,101002859,720,3304.8
2025-06,1200424,101003241,360,1652.4
2025-06,1200424,101004257,1152,7948.8
2025-06,1200424,101070040,120,828.0
2025-06,1200424,101070153,576,5143.68
2025-06,1200424,101070154,576,5143.68
2025-06,1200424,101070156,1152,10287.36
2025-06,1200424,101070158,1440,12859.2
2025-06,1200424,101070162,2160,19288.800000000003
2025-06,1200424,101070165,864,7715.52
2025-06,1200424,101070168,1152,10287.36
2025-06,1200441,101002381,300,3885.0
2025-06,1200441,101002402,108,1072.44
2025-06,1200441,101002612,165,1585.65
2025-06,1200441,101002715,360,2952.0
2025-06,1200441,101003241,360,1868.4
2025-06,1200441,101003347,60,787.8
2025-06,1200441,101004224,504,6617.52
2025-06,1200441,101004261,486,11459.880000000001
2025-06,1200441,101070153,144,1429.92
2025-06,1200441,101070154,162,1608.66
2025-06,1200441,101070156,288,2859.84
2025-06,1200441,101070162,144,1429.92
2025-06,1200441,101070165,288,2859.84
2025-06,1200441,101070168,144,1429.92
2025-06,1200460,101002612,300,2952.0
2025-06,1200460,101002715,360,2577.6
2025-06,1200460,101003241,720,3873.6
2025-06,1200460,101003346,432,4933.44
2025-06,1200460,101003347,1728,19733.760000000002
2025-06,1200460,101003359,360,1936.8
2025-06,1200460,101003360,360,1936.8
2025-06,1200460,101004141,1944,24319.440000000002
2025-06,1200460,101004224,3672,41934.240000000005
2025-06,1200460,101004230,162,2721.6
2025-06,1200460,101004245,216,2466.72
2025-06,1200460,101004261,1782,29937.6
2025-06,1200460,101070165,144,1271.52
2025-06,1200460,101070168,144,1271.52
2025-06,1200514,101002381,750,9925.6
2025-06,1200514,101002402,2079,19346.71
2025-06,1200514,101002715,640,5276.74
2025-06,1200514,101003346,960,12288.12
2025-06,1200514,101004224,2688,34556.28
2025-06,1200514,101004233,2016,19562.52
2025-06,1200514,101004257,1056,8827.08
2025-06,1200514,101070153,1575,14698.57
2025-06,1200514,101070156,2331,21733.149999999998
2025-06,1200514,101070162,7812,73740.28
2025-06,1200514,101070165,3780,35796.64
2025-06,1200514,101070168,3150,29489.079999999998
2025-06,1200518,101001911,18300,-202678.55
2025-06,1200518,101003648,14080,183946.05
2025-06,1200518,101004098,105312,993366.0
2025-06,1200548,101003346,-2208,-32644.5
2025-06,1200548,101004174,2475,14169.279999999999
2025-06,1200548,101004196,1344,12763.900000000001
2025-06,1200548,101004224,18528,255940.4
2025-06,1200548,101070156,5103,51483.57
2025-06,1200548,101070162,5040,50812.89
2025-06,1200610,101002188,63,622.46
2025-06,1200610,101002715,160,1305.44
2025-06,1200610,101002717,60,489.54
2025-06,1200610,101070168,252,2489.85
2025-06,1200611,101002188,63,622.46
2025-06,1200611,101002402,63,622.46
2025-06,1200611,101002715,1280,10443.52
2025-06,1200611,101003241,1320,6816.55
2025-06,1200611,101003347,96,1254.18
2025-06,1200611,101004174,495,2556.2
2025-06,1200611,101004224,3072,40133.7
2025-06,1200611,101004230,72,1689.27
2025-06,1200611,101004257,96,773.71
2025-06,1200611,101004261,72,1689.27
2025-06,1200611,101070153,126,1244.92
2025-06,1200611,101070154,126,1244.92
2025-06,1200611,101070165,630,6224.62
2025-06,1200649,101002188,0,-49.24
2025-06,1200649,101002381,0,-152.42000000000002
2025-06,1200649,101002402,0,-185.09
2025-06,1200649,101002612,450,4324.5
2025-06,1200649,101002715,1080,7527.6
2025-06,1200649,101002717,0,-115.82
2025-06,1200649,101002859,0,-73.3
2025-06,1200649,101003241,0,-366.51
2025-06,1200649,101004224,540,5915.129999999999
2025-06,1200649,101004230,81,1337.31
2025-06,1200649,101004245,108,1205.28
2025-06,1200649,101004257,192,1494.19
2025-06,1200649,101070153,216,1823.04
2025-06,1200649,101070154,216,1599.38
2025-06,1200649,101070156,0,-589.52
2025-06,1200649,101070158,0,-238.64999999999998
2025-06,1200649,101070162,0,-2533.91
2025-06,1200649,101070165,216,906.73
2025-06,1200649,101070168,1728,13494.71
2025-06,1200654,101001911,8700,-182370.56
2025-06,1200654,101002622,320,3275.52
2025-06,1200654,101003648,10032,131061.55
2025-06,1200654,101004098,17760,167290.59
2025-06,1200654,101004125,45,634.91
2025-06,1200657,101001911,0,-281740.23
2025-06,1200657,101003648,27368,357545.13
2025-06,1200657,101004098,35040,330518.32
2025-06,1200659,101001911,750,-224539.51
2025-06,1200659,101002622,18320,210468.43
2025-06,1200659,101003648,19800,258674.16
2025-06,1200659,101004098,23424,220946.21000000002
2025-06,1200659,101004125,225,3174.5599999999995
2025-06,1200659,101070163,315,4507.02
2025-06,1200671,101001911,600,-322610.48
2025-06,1200671,101002622,480,6113.28
2025-06,1200671,101003648,16192,211905.7
2025-06,1200671,101004098,36384,344362.02999999997
2025-06,1200671,101004125,990,13968.02
2025-06,1200671,101070163,1215,17384.32
2025-06,1200682,101001911,7200,-230744.9
2025-06,1200682,101002622,160,1037.33
2025-06,1200682,101003648,9504,124163.58
2025-06,1200682,101004098,13824,130396.28
2025-06,1200682,101004125,270,3809.46
2025-06,1200682,101070163,180,2575.4500000000003
2025-06,1200695,101002381,300,3885.0
2025-06,1200695,101002612,300,2883.0
2025-06,1200695,101002859,660,3425.4
2025-06,1200695,101003241,330,1712.7
2025-06,1200695,101003346,192,2520.96
2025-06,1200695,101003360,330,1712.7
2025-06,1200695,101004174,330,1712.7
2025-06,1200695,101004224,480,6302.4
2025-06,1200695,101004245,192,2520.96
2025-06,1200698,101002402,288,2465.28
2025-06,1200698,101002612,900,8712.0
2025-06,1200698,101003241,1440,7560.0
2025-06,1200698,101003346,432,4860.0
2025-06,1200698,101003347,1296,14580.0
2025-06,1200698,101003359,360,1890.0
2025-06,1200698,101004141,972,11926.44
2025-06,1200698,101004224,11016,123930.0
2025-06,1200698,101004233,192,1841.28
2025-06,1200698,101004245,216,2430.0
2025-06,1200698,101004261,0,-10371.24
2025-06,1200698,101070156,144,1232.64
2025-06,1200698,101070158,576,4930.56
2025-06,1200698,101070162,3456,29583.36
2025-06,1200698,101070165,3600,30816.0
2025-06,1200698,101070168,4176,35746.56
2025-06,1200706,101002612,600,5808.0
2025-06,1200706,101003241,720,3780.0
2025-06,1200706,101004224,864,9720.0
2025-06,1200706,101004257,576,4728.96
2025-06,1200706,101004261,486,8067.6
2025-06,1200711,101001911,14775,-125197.20999999998
2025-06,1200711,101002622,800,2286.3499999999995
2025-06,1200711,101003648,1320,17098.64
2025-06,1200711,101004098,31872,300480.93
2025-06,1200711,101004125,1305,18355.67
2025-06,1200711,101070163,15615,158438.98
2025-06,1200711,101070166,630,6034.09
2025-06,1200713,101002612,0,-111.07
2025-06,1200713,101002715,360,2474.64
2025-06,1200713,101002716,0,-111.55
2025-06,1200713,101002859,360,1685.8500000000001
2025-06,1200713,101003241,720,3520.8
2025-06,1200713,101003347,0,-218.74
2025-06,1200713,101003359,0,-149.1
2025-06,1200713,101003360,360,1760.4
2025-06,1200713,101004141,810,10156.11
2025-06,1200713,101004224,648,7415.490000000001
2025-06,1200713,101004245,432,5053.03
2025-06,1200713,101004257,0,-63.27
2025-06,1200713,101004261,324,5338.27
2025-06,1200713,101070152,0,-58.7
2025-06,1200713,101070155,288,1571.3799999999999
2025-06,1200713,101070158,144,1630.08
2025-06,1200713,101070161,288,1630.08
2025-06,1200713,101070164,576,3260.16
2025-06,1200713,101070167,288,1571.3799999999999
2025-06,1200718,101002715,0,-2873.88
2025-06,1200718,101004224,0,-46663.78
2025-06,1200718,101004261,0,-29043.36
2025-06,1200719,101002381,75,1143.0
2025-06,1200719,101002612,300,3099.0
2025-06,1200719,101002715,720,5428.8
2025-06,1200719,101002716,648,5287.68
2025-06,1200719,101002859,360,2084.4
2025-06,1200719,101003241,1080,6253.200000000001
2025-06,1200719,101003346,216,2592.0
2025-06,1200719,101003347,108,1296.0
2025-06,1200719,101003359,180,1042.2
2025-06,1200719,101003360,720,4168.8
2025-06,1200719,101004141,486,6454.08
2025-06,1200719,101004174,180,1042.2
2025-06,1200719,101004224,0,-27449.28
2025-06,1200719,101004230,324,5647.32
2025-06,1200719,101004245,216,2592.0
2025-06,1200719,101004257,192,1770.24
2025-06,1200719,101004261,1053,18353.79
2025-06,1200719,101070040,238,1713.6
2025-06,1200719,101070156,144,1396.8
2025-06,1200719,101070158,144,1396.8
2025-06,1200719,101070162,720,6984.0
2025-06,1200719,101070165,288,2793.6
2025-06,1200719,101070168,720,6984.0
2025-06,1200761,101002402,648,6745.68
2025-06,1200761,101070153,216,2248.56
2025-06,1200761,101070158,288,2998.08
2025-06,1200761,101070162,792,8244.72
2025-06,1200761,101070165,1152,11992.32
2025-06,1200761,101070168,360,3747.6
2025-06,1200763,101001911,495,7285.34
2025-06,1200763,101002402,2803,26223.08
2025-06,1200763,101002612,23550,207396.07
2025-06,1200763,101002715,2072,14973.24
2025-06,1200763,101002859,180,882.56
2025-06,1200763,101003241,27555,134089.7
2025-06,1200763,101003346,14051,161703.03
2025-06,1200763,101003347,9984,114869.95
2025-06,1200763,101003359,2279,11167.02
2025-06,1200763,101004141,4084,54711.59
2025-06,1200763,101004224,56928,655558.15
2025-06,1200763,101004229,7517,156803.06
2025-06,1200763,101004230,16564,342783.17
2025-06,1200763,101004233,8167,72485.48
2025-06,1200763,101004245,132,1519.68
2025-06,1200763,101004257,10287,67488.39
2025-06,1200763,101004261,38664,799821.17
2025-06,1200763,101005690,5751,51015.78
2025-06,1200763,101005699,0,-0.55
2025-06,1200763,101070153,16337,123034.09999999999
2025-06,1200763,101070154,1736,16161.11
2025-06,1200763,101070156,22882,172213.44999999998
2025-06,1200763,101070158,745,6953.03
2025-06,1200763,101070161,67095,253809.28
2025-06,1200763,101070162,2139,16151.24
2025-06,1200763,101070164,27814,105320.13
2025-06,1200763,101070165,5335,40156.21
2025-06,1200763,101070168,1171,11013.65
2025-06,1200769,101002612,1500,14112.9
2025-06,1200769,101002715,1800,14554.08
2025-06,1200769,101002716,1620,14335.06
2025-06,1200769,101002717,1080,8621.64
2025-06,1200769,101003015,1728,24237.8
2025-06,1200769,101003241,1800,9716.76
2025-06,1200769,101003346,1080,13712.970000000001
2025-06,1200769,101003347,648,8569.15
2025-06,1200769,101004174,360,1875.96
2025-06,1200769,101004224,2376,31197.309999999998
2025-06,1200769,101004229,486,11058.93
2025-06,1200769,101004230,810,18655.08
2025-06,1200769,101004233,1536,14807.240000000002
2025-06,1200769,101004257,1152,9887.61
2025-06,1200769,101004261,2106,48369.16
2025-06,1200769,101070154,2160,22953.46
2025-06,1200769,101070156,2160,22893.85
2025-06,1200769,101070158,1872,19311.7
2025-06,1200769,101070162,2880,30217.53
2025-06,1200769,101070165,4176,43798.33
2025-06,1200769,101070168,2448,25890.199999999997
2025-06,1200771,101002188,9,101.7
2025-06,1200771,101002402,9,101.7
2025-06,1200771,101002612,1500,15405.0
2025-06,1200771,101002715,1920,16934.4
2025-06,1200771,101002717,160,1411.2
2025-06,1200771,101003241,990,5682.6
2025-06,1200771,101003346,480,6739.2
2025-06,1200771,101003347,576,8087.04
2025-06,1200771,101004224,1824,25608.96
2025-06,1200771,101004245,456,6402.24
2025-06,1200771,101070153,9,101.7
2025-06,1200771,101070156,441,4983.299999999999
2025-06,1200771,101070158,63,711.9
2025-06,1200771,101070162,315,3559.5
2025-06,1200771,101070165,252,2847.6
2025-06,1200771,101070168,567,6407.1
2025-06,1200781,101002715,2240,18368.0
2025-06,1200781,101002717,480,3936.0
2025-06,1200781,101003241,165,856.35
2025-06,1200781,101004174,165,856.35
2025-06,1200781,101004261,576,13582.08
2025-06,1200781,101070156,1323,11827.62
2025-06,1200781,101070158,63,563.22
2025-06,1200781,101070162,1134,10137.960000000001
2025-06,1200781,101070168,1890,16896.6
2025-06,1200784,101002188,144,1215.36
2025-06,1200784,101002715,720,5018.4
2025-06,1200784,101002716,162,1231.2
2025-06,1200784,101003015,288,2972.16
2025-06,1200784,101004224,864,9642.24
2025-06,1200784,101004229,162,2674.62
2025-06,1200784,101004230,162,2674.62
2025-06,1200784,101004261,324,5349.24
2025-06,1200784,101070153,144,1215.36
2025-06,1200784,101070156,288,2430.72
2025-06,1200784,101070162,2376,20053.44
2025-06,1200784,101070165,432,3646.08
2025-06,1200784,101070168,2592,21876.48
2025-06,1200785,101002188,63,711.9
2025-06,1200785,101002402,189,2135.7
2025-06,1200785,101002612,150,1540.5
2025-06,1200785,101002715,960,8467.2
2025-06,1200785,101002717,320,2822.4
2025-06,1200785,101002859,165,947.1
2025-06,1200785,101003241,495,2841.3
2025-06,1200785,101004174,165,947.1
2025-06,1200785,101070153,315,3559.5
2025-06,1200785,101070154,315,3559.5
2025-06,1200785,101070156,504,5695.2
2025-06,1200785,101070158,252,2847.6
2025-06,1200785,101070162,441,4983.3
2025-06,1200785,101070165,315,3559.5
2025-06,1200785,101070168,504,5695.2
2025-06,1200786,101002402,567,6469.47
2025-06,1200786,101002612,300,3099.0
2025-06,1200786,101002859,495,2866.05
2025-06,1200786,101003241,990,5732.1
2025-06,1200786,101003359,495,2866.05
2025-06,1200786,101004141,144,2249.28
2025-06,1200786,101004174,330,1910.7
2025-06,1200786,101004224,1248,17621.76
2025-06,1200786,101004261,288,7171.2
2025-06,1200786,101070153,441,5031.8099999999995
2025-06,1200786,101070154,756,8625.960000000001
2025-06,1200786,101070156,693,7907.129999999999
2025-06,1200786,101070158,504,5750.64
2025-06,1200786,101070162,693,7907.129999999999
2025-06,1200786,101070165,504,5750.64
2025-06,1200786,101070168,1197,13657.77
2025-06,1200793,101002188,0,-64.25
2025-06,1200793,101002859,0,-749.4799999999999
2025-06,1200793,101003241,165,856.5400000000001
2025-06,1200793,101004174,330,1629.8200000000002
2025-06,1200793,101070153,0,-128.51
2025-06,1200793,101070154,504,6044.639999999999
2025-06,1200793,101070156,0,-128.51
2025-06,1200793,101070158,189,2303.97
2025-06,1200793,101070162,378,3387.08
2025-06,1200793,101070165,10,-412.04999999999995
2025-06,1200793,101070168,567,6654.84
2025-06,1200796,101002188,72,692.64
2025-06,1200796,101002402,72,692.64
2025-06,1200796,101002612,150,1542.0
2025-06,1200796,101002859,180,1035.0
2025-06,1200796,101003241,720,4140.0
2025-06,1200796,101003346,216,2581.2
2025-06,1200796,101003347,216,2581.2
2025-06,1200796,101003359,180,1035.0
2025-06,1200796,101003360,180,1035.0
2025-06,1200796,101004141,324,4280.04
2025-06,1200796,101004174,90,517.5
2025-06,1200796,101004224,1080,12906.0
2025-06,1200796,101004229,27,468.99
2025-06,1200796,101004230,81,1406.97
2025-06,1200796,101004233,48,505.44
2025-06,1200796,101004245,108,1290.6
2025-06,1200796,101004257,48,439.2
2025-06,1200796,101004261,162,2813.94
2025-06,1200796,101070040,34,243.44
2025-06,1200796,101070153,72,692.64
2025-06,1200796,101070154,72,692.64
2025-06,1200796,101070156,72,692.64
2025-06,1200796,101070158,72,692.64
2025-06,1200796,101070161,144,815.04
2025-06,1200796,101070162,144,1385.28
2025-06,1200796,101070165,72,692.64
2025-06,1200796,101070167,144,815.04
2025-06,1200796,101070168,432,4155.84
2025-06,1200806,101002612,300,2675.92
2025-06,1200806,101003241,720,3780.0
2025-06,1200806,101003346,0,-212.86
2025-06,1200806,101003347,432,5427.49
2025-06,1200806,101004224,0,-532.17
2025-06,1200806,101070154,432,4516.79
2025-06,1200806,101070156,432,4459.66
2025-06,1200806,101070158,288,2973.11
2025-06,1200806,101070162,0,-457.02
2025-06,1200806,101070165,576,6003.34
2025-06,1200806,101070168,1728,18524.16
2025-06,1200826,101002715,50,361.5
2025-06,1200826,101002859,40,188.4
2025-06,1200826,101004257,100,639.0
2025-06,1200841,101002381,3450,43403.24
2025-06,1200841,101002612,6000,45468.03
2025-06,1200841,101002859,13320,70464.81
2025-06,1200841,101003241,4680,24315.94
2025-06,1200841,101003347,3480,21001.799999999996
2025-06,1200841,101004224,13824,145259.36
2025-06,1200841,101004229,3726,75604.36
2025-06,1200841,101004230,6480,136157.66
2025-06,1200841,101004233,7680,64899.64
2025-06,1200841,101004261,16686,352245.8
2025-06,1200841,101005690,5184,46453.53
2025-06,1200841,101070017,3264,28966.129999999997
2025-06,1200841,101070026,87,81510.3
2025-06,1200841,101070152,6336,24499.79
2025-06,1200841,101070155,8928,35889.32
2025-06,1200841,101070161,13248,49612.14
2025-06,1200841,101070164,7488,31606.0
2025-06,1200841,101070167,7488,31047.629999999997
2025-06,1200854,101002715,1080,8499.6
2025-06,1200854,101002717,360,2833.2
2025-06,1200854,101003241,360,1994.4
2025-06,1200854,101004141,162,2327.94
2025-06,1200854,101004224,2160,27799.2
2025-06,1200854,101070153,144,1499.04
2025-06,1200854,101070156,576,5996.16
2025-06,1200854,101070162,576,5996.16
2025-06,1200854,101070165,144,1499.04
2025-06,1200854,101070168,576,5996.16
2025-06,1200872,101003347,432,4860.0
2025-06,1200872,101004141,324,3975.48
2025-06,1200872,101004261,486,8067.6
2025-06,1200872,101070040,0,-1366.12
2025-06,1200872,101070162,288,2465.28
2025-06,1200872,101070165,144,1232.64
2025-06,1200872,101070168,144,1232.64
2025-06,1200887,101070153,693,6666.66
2025-06,1200887,101070156,189,1818.18
2025-06,1200887,101070162,1386,13333.32
2025-06,1200887,101070165,1386,13333.32
2025-06,1200887,101070168,126,1212.12
2025-06,1200915,101002402,126,1624.14
2025-06,1200915,101003241,330,2105.4
2025-06,1200915,101004174,165,1052.7
2025-06,1200915,101004257,192,1983.36
2025-06,1200915,101070153,126,1624.14
2025-06,1200915,101070156,693,8932.77
2025-06,1200915,101070158,126,1624.14
2025-06,1200915,101070162,126,1624.14
2025-06,1200915,101070165,189,2436.21
2025-06,1200915,101070168,252,3248.28
2025-06,1200918,101002188,162,1663.74
2025-06,1200918,101002402,216,2218.32
2025-06,1200918,101070153,324,3327.48
2025-06,1200918,101070154,324,3327.48
2025-06,1200918,101070156,810,8318.7
2025-06,1200918,101070162,756,7764.12
2025-06,1200918,101070165,324,3327.48
2025-06,1200918,101070168,324,3327.48
2025-06,1200927,101002612,600,4902.0
2025-06,1200927,101003133,2520,16531.2
2025-06,1200927,101003347,432,4536.0
2025-06,1200927,101003457,1080,4762.8
2025-06,1200927,101004219,972,6949.8
2025-06,1200927,101004233,384,3095.04
2025-06,1200927,101004261,324,6110.64
2025-06,1200943,101002859,0,688.41
2025-06,1200943,101003241,0,1376.81
2025-06,1200943,101004174,0,688.41
2025-06,1200943,101070154,0,541.06
2025-06,1200943,101070156,0,1082.13
2025-06,1200943,101070158,0,541.06
2025-06,1200943,101070162,0,541.06
2025-06,1200943,101070165,0,541.06
2025-06,1200948,101003347,0,-367.2
2025-06,1200949,101002381,75,1104.75
2025-06,1200949,101002612,150,1311.0
2025-06,1200949,101002859,180,880.2
2025-06,1200949,101003015,144,1555.2
2025-06,1200949,101003360,180,880.2
2025-06,1200949,101004141,324,4280.04
2025-06,1200949,101004183,180,880.2
2025-06,1200949,101004229,81,1406.97
2025-06,1200949,101004230,81,1406.97
2025-06,1200949,101004233,96,1010.88
2025-06,1200949,101004245,216,2581.2
2025-06,1200949,101004257,96,878.4
2025-06,1200949,101004261,162,2813.94
2025-06,1200949,101070153,72,815.04
2025-06,1200949,101070156,144,1630.08
2025-06,1200949,101070158,288,3260.16
2025-06,1200949,101070162,144,1630.08
2025-06,1200949,101070168,1656,18745.92
2025-06,1200956,101002188,72,684.0
2025-06,1200956,101002402,63,598.5
2025-06,1200956,101002715,360,2685.6
2025-06,1200956,101002859,165,940.5
2025-06,1200956,101003241,360,2052.0
2025-06,1200956,101004224,216,2563.92
2025-06,1200956,101004257,192,1739.52
2025-06,1200956,101070153,63,598.5
2025-06,1200956,101070154,72,684.0
2025-06,1200956,101070156,144,1368.0
2025-06,1200956,101070158,144,1368.0
2025-06,1200956,101070162,144,1368.0
2025-06,1200956,101070165,63,598.5
2025-06,1200956,101070168,288,2736.0
2025-06,1200973,101002188,63,691.11
2025-06,1200973,101002715,320,2774.4
2025-06,1200973,101002717,160,1387.2
2025-06,1200973,101002859,165,925.65
2025-06,1200973,101003241,165,925.65
2025-06,1200973,101003359,165,925.65
2025-06,1200973,101004174,165,925.65
2025-06,1200973,101070153,252,2764.44
2025-06,1200973,101070154,189,2073.33
2025-06,1200973,101070156,189,2073.33
2025-06,1200973,101070158,63,691.11
2025-06,1200973,101070162,189,2073.33
2025-06,1200973,101070165,63,691.11
2025-06,1200973,101070168,441,4837.77
2025-06,1200976,101002612,450,4828.5
2025-06,1200976,101003241,660,4039.2
2025-06,1200976,101070153,126,1543.5
2025-06,1200976,101070154,252,3087.0
2025-06,1200976,101070156,126,1543.5
2025-06,1200976,101070162,252,3087.0
2025-06,1200976,101070165,252,3087.0
2025-06,1200976,101070168,441,5402.25
2025-06,1200978,101002188,216,2445.12
2025-06,1200978,101002402,216,2445.12
2025-06,1200978,101070153,288,3260.16
2025-06,1200978,101070154,576,6520.32
2025-06,1200978,101070156,576,6520.32
2025-06,1200978,101070158,576,6520.32
2025-06,1200978,101070162,576,6520.32
2025-06,1200978,101070165,432,4890.24
2025-06,1200978,101070168,864,9780.48
2025-06,1200984,101002612,42900,383955.0
2025-06,1200984,101004224,8208,100219.68000000001
2025-06,1200985,101001911,750,-302346.95
2025-06,1200985,101002622,3440,26107.92
2025-06,1200985,101003648,4224,48202.72
2025-06,1200985,101004098,2784,17415.850000000002
2025-06,1200985,101004125,3915,48498.409999999996
2025-06,1200985,101070163,5220,10827.29
2025-06,1200989,101001911,750,11205.0
2025-06,1200989,101004196,3264,23956.719999999998
2025-06,1200989,101004225,0,-16683.9
2025-06,1200989,101070163,1935,27825.3
2025-06,1200989,101070166,4590,45046.2
2025-06,1200995,101002188,144,1609.92
2025-06,1200995,101002381,150,2286.0
2025-06,1200995,101002402,144,1609.92
2025-06,1200995,101002612,300,3312.0
2025-06,1200995,101002715,2160,10551.34
2025-06,1200995,101002716,648,5287.68
2025-06,1200995,101002717,720,5904.0
2025-06,1200995,101002859,360,2084.4
2025-06,1200995,101003015,288,3121.92
2025-06,1200995,101003241,720,4168.8
2025-06,1200995,101003346,216,2592.0
2025-06,1200995,101003347,432,5184.0
2025-06,1200995,101003359,720,4168.8
2025-06,1200995,101003360,720,4168.8
2025-06,1200995,101004141,810,10756.8
2025-06,1200995,101004174,360,2084.4
2025-06,1200995,101004224,1296,8712.66
2025-06,1200995,101004245,216,2592.0
2025-06,1200995,101004257,192,1770.24
2025-06,1200995,101004261,162,2823.66
2025-06,1200995,101070153,144,1609.92
2025-06,1200995,101070154,144,1609.92
2025-06,1200995,101070156,271,3029.78
2025-06,1200995,101070158,144,1396.8
2025-06,1200995,101070162,1152,12240.0
2025-06,1200995,101070165,288,3219.84
2025-06,1200995,101070168,1008,11269.44
2025-06,1200996,101070156,63,625.59
2025-06,1200996,101070162,189,1876.77
2025-06,1200996,101070165,81,804.33
2025-06,1201001,101002402,144,1396.8
2025-06,1201001,101002612,300,3099.0
2025-06,1201001,101002715,0,-28738.8
2025-06,1201001,101002717,360,2714.4
2025-06,1201001,101003241,360,2084.4
2025-06,1201001,101004141,486,6454.08
2025-06,1201001,101004224,0,-27449.28
2025-06,1201001,101004229,162,2823.66
2025-06,1201001,101004230,162,2823.66
2025-06,1201001,101004245,216,2592.0
2025-06,1201001,101004261,0,-24202.8
2025-06,1201001,101005690,96,1017.6
2025-06,1201001,101070017,96,814.08
2025-06,1201001,101070153,144,1396.8
2025-06,1201001,101070154,144,1396.8
2025-06,1201001,101070156,144,1396.8
2025-06,1201001,101070158,144,1396.8
2025-06,1201001,101070162,288,2793.6
2025-06,1201001,101070165,144,1396.8
2025-06,1201001,101070168,216,2095.2
2025-06,1201002,101070156,576,4573.44
2025-06,1201002,101070158,288,2286.72
2025-06,1201002,101070162,720,5716.8
2025-06,1201002,101070165,288,2286.72
2025-06,1201002,101070168,1152,9146.88
2025-06,1201009,101003133,1800,11808.0
2025-06,1201009,101003456,288,2286.72
2025-06,1201009,101004224,648,6804.0
2025-06,1201009,101070162,144,1143.36
2025-06,1201009,101070165,144,1143.36
2025-06,1201012,101002612,300,2451.0
2025-06,1201012,101002715,0,-1476.0
2025-06,1201012,101002859,720,3175.2
2025-06,1201012,101003241,1080,4762.8
2025-06,1201012,101003346,432,4821.12
2025-06,1201012,101003347,216,2410.56
2025-06,1201012,101003359,360,1587.6
2025-06,1201012,101003360,360,1587.6
2025-06,1201012,101004141,648,7873.2
2025-06,1201012,101004174,360,1587.6
2025-06,1201012,101004224,0,-7074.0
2025-06,1201012,101004257,192,1555.2
2025-06,1201012,101004261,486,8023.86
2025-06,1201012,101005690,192,1820.16
2025-06,1201014,101003241,150,715.5
2025-06,1201014,101003347,120,1411.2
2025-06,1201014,101004141,90,1025.43
2025-06,1201014,101004224,600,7056.0
2025-06,1201014,101004245,60,705.6
2025-06,1201014,101004257,160,1422.4
2025-06,1201014,101004261,45,772.2
2025-06,1201014,101070162,108,1184.76
2025-06,1201014,101070165,108,1184.76
2025-06,1201014,101070168,108,1184.76
2025-06,1201020,101002715,3600,25308.0
2025-06,1201020,101002716,648,4963.68
2025-06,1201020,101003347,432,5287.68
2025-06,1201020,101004141,486,7012.98
2025-06,1201020,101004224,1080,12150.0
2025-06,1201020,101004261,162,2689.2
2025-06,1201020,101070162,1440,14500.8
2025-06,1201020,101070165,576,5800.32
2025-06,1201020,101070168,1008,10150.56
2025-06,1201029,101002188,144,1215.36
2025-06,1201029,101003133,1800,11808.0
2025-06,1201029,101003346,432,4536.0
2025-06,1201029,101003347,216,2268.0
2025-06,1201029,101003456,720,5716.8
2025-06,1201029,101003457,1440,6350.4
2025-06,1201029,101004141,324,3706.56
2025-06,1201029,101004245,432,4536.0
2025-06,1201029,101070156,144,1143.36
2025-06,1201031,101002381,600,7791.0
2025-06,1201031,101002402,288,2424.96
2025-06,1201031,101002612,900,8670.0
2025-06,1201031,101002715,3960,27788.4
2025-06,1201031,101002716,2916,22268.52
2025-06,1201031,101002717,1440,10098.0
2025-06,1201031,101002859,720,3736.8
2025-06,1201031,101003015,1440,14872.32
2025-06,1201031,101003241,2520,13122.0
2025-06,1201031,101003359,360,1890.0
2025-06,1201031,101004224,4320,48211.2
2025-06,1201031,101004229,162,2689.2
2025-06,1201031,101004245,2160,24170.4
2025-06,1201031,101070156,2016,17196.48
2025-06,1201031,101070158,1728,14751.36
2025-06,1201031,101070162,8208,70200.0
2025-06,1201031,101070165,288,2424.96
2025-06,1201031,101070168,2304,19661.76
2025-06,1201033,101003359,-360,-1738.8
2025-06,1201035,101002612,1650,16523.31
2025-06,1201035,101002715,320,2777.75
2025-06,1201035,101002859,165,927.6
2025-06,1201035,101003241,330,1826.25
2025-06,1201035,101003359,0,-7.05
2025-06,1201035,101004174,165,915.5699999999999
2025-06,1201035,101070153,252,2778.6699999999996
2025-06,1201035,101070156,4977,54945.5
2025-06,1201035,101070158,315,3133.29
2025-06,1201035,101070162,8505,95013.02
2025-06,1201035,101070165,1386,14943.259999999998
2025-06,1201035,101070168,6174,68878.58
2025-06,1201037,101002188,216,2317.68
2025-06,1201037,101002402,108,1158.84
2025-06,1201037,101002612,435,4214.85
2025-06,1201037,101003241,300,1635.0
2025-06,1201037,101003347,96,1240.32
2025-06,1201037,101003359,150,817.5
2025-06,1201037,101003360,615,3343.5
2025-06,1201037,101004224,240,3120.0
2025-06,1201037,101004229,45,1031.4
2025-06,1201037,101004230,45,1031.4
2025-06,1201037,101004233,128,1271.8400000000001
2025-06,1201037,101004245,120,1560.0
2025-06,1201037,101004257,265,2272.0299999999997
2025-06,1201037,101004261,90,2062.8
2025-06,1201037,101005690,48,474.24
2025-06,1201037,101070153,108,1158.84
2025-06,1201037,101070154,216,2317.68
2025-06,1201037,101070156,216,2317.68
2025-06,1201037,101070158,171,1827.8999999999999
2025-06,1201037,101070162,216,2317.68
2025-06,1201037,101070168,216,2317.68
2025-06,1201043,101002715,1760,15347.2
2025-06,1201043,101002717,320,2790.4
2025-06,1201043,101002859,165,933.9
2025-06,1201043,101003241,165,933.9
2025-06,1201043,101070154,126,1397.34
2025-06,1201043,101070156,189,2096.01
2025-06,1201043,101070158,252,2794.68
2025-06,1201043,101070162,882,9781.38
2025-06,1201043,101070165,315,3493.35
2025-06,1201043,101070168,1071,11877.39
2025-06,1201047,101004214,59520,561428.39
2025-06,1201050,101004224,12960,158630.4
2025-06,1201058,101002188,72,685.44
2025-06,1201058,101002402,72,685.44
2025-06,1201058,101004233,32,334.08
2025-06,1201058,101005690,32,334.08
2025-06,1201058,101070040,17,120.7
2025-06,1201058,101070153,144,1370.88
2025-06,1201058,101070154,72,685.44
2025-06,1201058,101070156,144,1370.88
2025-06,1201058,101070158,144,1370.88
2025-06,1201058,101070165,144,1370.88
2025-06,1201058,101070168,144,1370.88
2025-06,1201059,101002715,360,2977.2
2025-06,1201059,101003241,1440,7560.0
2025-06,1201059,101003346,216,2857.68
2025-06,1201059,101003347,1512,20003.76
2025-06,1201059,101004141,1296,18701.28
2025-06,1201059,101004224,432,5715.36
2025-06,1201059,101004245,216,2857.68
2025-06,1201059,101004261,810,19205.1
2025-06,1201060,101002715,3680,32641.6
2025-06,1201060,101003241,825,4776.75
2025-06,1201060,101003346,96,1355.52
2025-06,1201060,101003347,768,10844.16
2025-06,1201060,101004141,792,12371.04
2025-06,1201060,101004245,96,1355.52
2025-06,1201060,101004261,504,12549.6
2025-06,1201064,101002188,189,2402.19
2025-06,1201064,101002402,252,3202.92
2025-06,1201064,101003241,165,1041.15
2025-06,1201064,101070153,252,3202.92
2025-06,1201064,101070154,189,2402.19
2025-06,1201064,101070156,252,3202.92
2025-06,1201064,101070158,189,2402.19
2025-06,1201064,101070162,126,1601.46
2025-06,1201064,101070165,189,2402.19
2025-06,1201064,101070168,252,3202.92
2025-06,1201065,101002381,15,222.0
2025-06,1201065,101002402,0,-145.15
2025-06,1201065,101002612,15,153.45
2025-06,1201065,101002716,54,436.32
2025-06,1201065,101003015,576,6203.52
2025-06,1201065,101003241,0,-371.16
2025-06,1201065,101003346,144,1710.72
2025-06,1201065,101003347,72,855.36
2025-06,1201065,101003360,0,-185.58
2025-06,1201065,101004141,72,830.53
2025-06,1201065,101004230,0,-81.26
2025-06,1201065,101004245,36,427.68
2025-06,1201065,101004257,16,144.96
2025-06,1201065,101004261,342,5916.599999999999
2025-06,1201065,101070040,51,362.1
2025-06,1201065,101070154,0,-145.15
2025-06,1201065,101070156,0,-145.15
2025-06,1201065,101070158,0,-145.15
2025-06,1201065,101070162,90,792.29
2025-06,1201065,101070165,36,342.72
2025-06,1201065,101070168,90,856.8
2025-06,1201073,101002188,63,631.26
2025-06,1201073,101002402,126,1265.6699999999998
2025-06,1201073,101002612,300,2900.4
2025-06,1201073,101002715,160,1319.8400000000001
2025-06,1201073,101002717,320,2646.4
2025-06,1201073,101002859,330,1728.21
2025-06,1201073,101003241,330,1726.06
2025-06,1201073,101004141,216,3111.7000000000003
2025-06,1201073,101004224,576,7607.8099999999995
2025-06,1201073,101004230,216,5117.11
2025-06,1201073,101004233,384,3675.65
2025-06,1201073,101004257,192,1574.3
2025-06,1201073,101004261,360,8522.86
2025-06,1201073,101070040,0,-2.1
2025-06,1201073,101070153,126,1264.09
2025-06,1201073,101070154,126,1264.09
2025-06,1201073,101070156,252,2531.3399999999997
2025-06,1201073,101070158,126,1262.52
2025-06,1201073,101070162,378,3790.71
2025-06,1201073,101070165,189,1900.08
2025-06,1201073,101070168,378,3795.43
2025-06,1201076,101003360,90,513.0
2025-06,1201076,101004174,90,513.0
2025-06,1201076,101004261,81,1401.3
2025-06,1201090,101002381,150,1963.5
2025-06,1201090,101004224,192,2540.16
2025-06,1201090,101004233,192,1841.28
2025-06,1201090,101004261,72,1707.12
2025-06,1201090,101005690,288,2761.92
2025-06,1201090,101070158,252,2537.64
2025-06,1201090,101070162,189,1903.23
2025-06,1205002,101002859,540,2284.2
2025-06,1205002,101003133,1080,7192.8
2025-06,1205002,101003457,720,3045.6
2025-06,1205002,101070156,144,1167.84
2025-06,1205002,101070158,288,2335.68
2025-06,1205002,101070162,288,2335.68
2025-06,1205005,101002612,150,1462.5
2025-06,1205005,101002859,165,876.15
2025-06,1205005,101003241,165,876.15
2025-06,1205005,101003347,96,1278.72
2025-06,1205005,101004257,96,798.72
2025-06,1205005,101005690,96,931.2
2025-06,1205005,101070156,126,1287.72
2025-06,1205005,101070158,189,1931.58
2025-06,1205005,101070162,315,3219.3
2025-06,1205005,101070165,189,1931.58
2025-06,1205009,101003015,144,2122.56
2025-06,1205009,101004141,72,914.4
2025-06,1205009,101004224,192,2213.76
2025-06,1205009,101004257,96,662.4
2025-06,1205009,101004261,144,2963.52
2025-06,1205013,101003241,360,2070.0
2025-06,1205013,101004224,432,5162.4
2025-06,1205013,101004261,162,2813.94
2025-06,1205013,101070156,144,1385.28
2025-06,1205013,101070158,288,2770.56
2025-06,1205013,101070162,1728,16623.36
2025-06,1205013,101070165,1584,15238.08
2025-06,1205019,101004224,6480,77500.8
2025-06,1205021,101004174,1440,9086.4
2025-06,1205026,101002715,24840,181332.0
2025-06,1205026,101002717,16920,123516.0
2025-06,1205026,101003241,31680,155865.6
2025-06,1205026,101070155,35136,174977.28
2025-06,1205026,101070161,35136,174977.28
2025-06,1205027,101004200,5760,5760.0
2025-06,1205033,101002188,27,280.8
2025-06,1205033,101002402,27,280.8
2025-06,1205033,101003347,15,189.6
2025-06,1205033,101004141,15,209.55
2025-06,1205033,101004261,72,1607.04
2025-06,1205033,101070153,30,312.0
2025-06,1205033,101070154,43,447.2
2025-06,1205033,101070156,27,280.8
2025-06,1205033,101070158,27,280.8
2025-06,1205033,101070162,15,156.0
2025-06,1205033,101070165,27,280.8
2025-06,1205034,101002715,320,2624.0
2025-06,1205034,101002716,144,1287.36
2025-06,1205034,101003241,330,1712.7
2025-06,1205034,101003359,165,856.35
2025-06,1205034,101004224,480,6302.4
2025-06,1205034,101004233,288,2730.24
2025-06,1205034,101004257,384,3110.4
2025-06,1205034,101005690,192,1820.16
2025-06,1205034,101070156,63,625.59
2025-06,1205034,101070158,126,1251.18
2025-06,1205034,101070162,252,2502.36
2025-06,1205034,101070168,189,1876.77
2025-06,1205046,101002381,75,1078.5
2025-06,1205046,101004261,0,-3985.2
2025-06,1205046,101005690,192,1987.2
2025-06,1205046,101070040,238,1677.9
2025-06,1205046,101070152,288,1595.52
2025-06,1205046,101070155,288,1595.52
2025-06,1205046,101070161,576,3191.04
2025-06,1205046,101070164,288,1595.52
2025-06,1205047,101070156,378,3598.56
2025-06,1205047,101070162,378,3598.56
2025-06,1205047,101070165,252,2399.04
2025-06,1205047,101070168,504,4798.08
2025-06,1205051,101002612,0,-544.0899999999999
2025-06,1205051,101002715,0,-20606.79
2025-06,1205051,101002717,0,-560.62
2025-06,1205051,101003346,0,-535.47
2025-06,1205051,101003347,0,-1070.94
2025-06,1205051,101003359,0,-365.95
2025-06,1205051,101004141,0,-888.54
2025-06,1205051,101004224,0,-13519.210000000001
2025-06,1205051,101004229,0,-708.21
2025-06,1205051,101004230,0,-708.21
2025-06,1205051,101004233,0,-357.32
2025-06,1205051,101004257,0,-310.8
2025-06,1205051,101004261,0,-13804.84
2025-06,1205051,101005690,0,-357.32
2025-06,1205051,101070017,0,-357.32
2025-06,1205051,101070153,0,-288.47
2025-06,1205051,101070154,0,-576.94
2025-06,1205051,101070156,0,-865.4
2025-06,1205051,101070158,0,-576.94
2025-06,1205051,101070162,0,-1153.85
2025-06,1205051,101070165,0,-865.4
2025-06,1205056,101002715,3520,24640.0
2025-06,1205057,101002717,54,442.8
2025-06,1205057,101070153,54,536.22
2025-06,1205057,101070162,189,1876.77
2025-06,1205057,101070165,126,1251.18
2025-06,1205060,101003346,18,269.64
2025-06,1205060,101003347,18,269.64
2025-06,1205060,101004229,18,468.9
2025-06,1205060,101004230,18,468.9
2025-06,C5800,101002161,7056,59210.43
2025-06,C5800,101003028,11880,52123.5
2025-06,C5800,101003118,17640,77395.5
2025-06,C5800,101003119,27720,121621.5
2025-06,C5800,101003122,27360,120042.0
2025-06,C5800,101003207,29160,202049.64
2025-06,C5800,101003236,7200,31590.0
2025-06,C5800,101003242,13320,58441.5
2025-06,C5800,101003449,6480,28431.0
2025-06,C5800,101004148,78336,651442.17
2025-06,C5800,101004189,37800,419409.89999999997
2025-06,C5800,101004190,6480,28431.0
2025-06,C5800,101004226,10692,213011.37
2025-06,C5800,101004246,6048,67105.58
2025-06,C5800,101004262,8208,91071.86
2025-06,C5800,101070173,11520,96670.08
2025-06,C5800,101070175,15840,132921.36
2025-06,C5800,101070176,16416,137754.86
2025-06,C5800,101070179,13392,112378.95999999999
2025-06,NCASH510,101001911,1,12.3
2025-06,NCASH510,101002612,1,7.6
2025-06,NCASH510,101002859,5,20.5
2025-06,NCASH510,101003241,5,20.5
2025-06,NCASH510,101003346,3,31.5
2025-06,NCASH510,101003347,3,31.5
2025-06,NCASH510,101003359,1,4.1
2025-06,NCASH510,101003360,1,4.1
2025-06,NCASH510,101004141,22,250.8
2025-06,NCASH510,101004224,90,945.0
2025-06,NCASH510,101004233,1,7.5
2025-06,NCASH510,101004245,2,21.0
2025-06,NCASH510,101004261,2,37.6
2025-06,NCASH510,101070153,1,7.9
2025-06,NCASH510,101070165,55,440.0
2025-06,NCASH510,101070168,55,440.0
2025-07,1200006,101002715,360,3009.6
2025-07,1200006,101003241,1800,9599.04
2025-07,1200006,101003359,720,3839.62
2025-07,1200006,101004183,720,3839.62
2025-07,1200006,101004224,432,5778.43
2025-07,1200006,101004261,324,7481.55
2025-07,1200006,101070153,288,2950.04
2025-07,1200006,101070154,288,2950.04
2025-07,1200006,101070156,144,1475.02
2025-07,1200006,101070162,1152,11800.17
2025-07,1200006,101070168,288,2950.04
2025-07,1200015,101002381,150,2072.4
2025-07,1200015,101002402,288,2858.8
2025-07,1200015,101003015,48,705.41
2025-07,1200015,101003346,336,4588.95
2025-07,1200015,101003347,216,2828.39
2025-07,1200015,101003360,360,1862.78
2025-07,1200015,101004141,162,2440.63
2025-07,1200015,101004229,162,3809.22
2025-07,1200015,101004233,160,1622.02
2025-07,1200015,101004257,192,1682.84
2025-07,1200015,101070017,207,1976.83
2025-07,1200015,101070040,238,1935.23
2025-07,1200015,101070153,288,2858.8
2025-07,1200015,101070156,288,2858.8
2025-07,1200015,101070158,288,2858.8
2025-07,1200015,101070162,1152,11435.23
2025-07,1200017,101003241,720,3839.62
2025-07,1200017,101003347,864,9375.26
2025-07,1200017,101004141,810,9712.869999999999
2025-07,1200017,101004261,810,18703.88
2025-07,1200017,101070162,720,7375.1
2025-07,1200017,101070168,864,8850.12
2025-07,1200018,101002381,300,3814.8
2025-07,1200018,101002612,600,5797.45
2025-07,1200018,101002715,360,2977.92
2025-07,1200018,101002859,360,1881.79
2025-07,1200018,101003241,720,3763.58
2025-07,1200018,101003360,720,3763.58
2025-07,1200018,101004174,360,1881.79
2025-07,1200018,101004257,192,1581.47
2025-07,1200019,101002859,360,1976.83
2025-07,1200019,101003241,360,1976.83
2025-07,1200019,101003347,216,2950.04
2025-07,1200019,101003360,180,988.42
2025-07,1200019,101004141,162,2440.63
2025-07,1200019,101004229,81,1904.6
2025-07,1200019,101004257,96,841.42
2025-07,1200019,101070154,72,775.53
2025-07,1200019,101070156,144,1551.05
2025-07,1200019,101070158,144,1551.05
2025-07,1200019,101070162,1728,18612.63
2025-07,1200019,101070165,288,3102.11
2025-07,1200020,101002188,288,2900.16
2025-07,1200020,101002402,576,5800.32
2025-07,1200020,101002715,360,2977.2
2025-07,1200020,101004257,288,2364.48
2025-07,1200020,101070153,288,2900.16
2025-07,1200020,101070154,144,1450.08
2025-07,1200020,101070156,432,4350.24
2025-07,1200020,101070158,288,2900.16
2025-07,1200020,101070162,1008,10150.56
2025-07,1200020,101070165,288,2900.16
2025-07,1200020,101070168,576,5800.32
2025-07,1200023,101002612,600,5797.44
2025-07,1200023,101002859,360,1881.79
2025-07,1200023,101003346,216,2858.8
2025-07,1200023,101003360,360,1881.79
2025-07,1200023,101004141,486,7048.17
2025-07,1200023,101004229,162,3717.96
2025-07,1200023,101004230,162,3717.96
2025-07,1200023,101004233,192,1845.04
2025-07,1200023,101004261,324,7435.95
2025-07,1200023,101070153,288,2889.22
2025-07,1200023,101070154,144,1444.61
2025-07,1200027,101002188,216,2060.64
2025-07,1200027,101002402,216,2060.64
2025-07,1200027,101004257,160,1254.4
2025-07,1200027,101070153,216,2060.64
2025-07,1200027,101070154,324,3090.96
2025-07,1200027,101070156,540,5151.599999999999
2025-07,1200027,101070158,324,3090.96
2025-07,1200027,101070162,540,5151.599999999999
2025-07,1200027,101070165,216,2060.64
2025-07,1200027,101070168,540,5151.599999999999
2025-07,1200029,101002188,144,1429.4
2025-07,1200029,101002402,216,2144.1000000000004
2025-07,1200029,101002612,300,2882.88
2025-07,1200029,101002716,162,1454.11
2025-07,1200029,101003241,1980,10245.310000000001
2025-07,1200029,101003346,108,1414.2
2025-07,1200029,101003347,216,2828.39
2025-07,1200029,101003359,540,2794.17
2025-07,1200029,101003360,360,1862.78
2025-07,1200029,101004141,162,2326.58
2025-07,1200029,101004224,648,8485.18
2025-07,1200029,101004257,288,2341.79
2025-07,1200029,101070153,288,2858.8
2025-07,1200029,101070154,144,1429.4
2025-07,1200029,101070156,288,2858.8
2025-07,1200029,101070158,216,2144.1000000000004
2025-07,1200029,101070162,792,7861.7
2025-07,1200029,101070165,1368,13579.330000000002
2025-07,1200029,101070168,1080,10720.52
2025-07,1200031,101002715,360,3072.96
2025-07,1200031,101002716,648,6101.57
2025-07,1200031,101002859,360,1995.84
2025-07,1200031,101003346,216,2950.04
2025-07,1200031,101003347,216,2950.04
2025-07,1200031,101004141,486,7390.31
2025-07,1200031,101004224,216,2950.04
2025-07,1200031,101004229,162,3832.01
2025-07,1200031,101004230,162,3832.01
2025-07,1200031,101004233,384,3913.11
2025-07,1200031,101004245,216,2950.04
2025-07,1200031,101004257,192,1692.98
2025-07,1200031,101004261,324,7664.03
2025-07,1200031,101005690,192,1956.56
2025-07,1200031,101070162,720,7831.3
2025-07,1200031,101070165,288,3132.52
2025-07,1200031,101070168,432,4698.78
2025-07,1200035,101002188,288,3193.34
2025-07,1200035,101002381,150,2191.2
2025-07,1200035,101002402,288,3193.34
2025-07,1200035,101002612,900,9171.36
2025-07,1200035,101002715,0,14.11999999999989
2025-07,1200035,101002716,972,9237.89
2025-07,1200035,101002859,720,4029.7
2025-07,1200035,101003015,288,4257.79
2025-07,1200035,101003241,3600,20148.5
2025-07,1200035,101003346,432,5960.9
2025-07,1200035,101003347,1080,14902.27
2025-07,1200035,101003359,360,2014.85
2025-07,1200035,101003360,720,4029.7
2025-07,1200035,101004141,1944,29834.949999999997
2025-07,1200035,101004174,720,4029.7
2025-07,1200035,101004183,360,2014.85
2025-07,1200035,101004224,2592,35765.47
2025-07,1200035,101004229,324,7709.64
2025-07,1200035,101004230,324,7709.64
2025-07,1200035,101004233,384,3973.94
2025-07,1200035,101004257,768,6893.56
2025-07,1200035,101004261,1134,26983.760000000002
2025-07,1200035,101070153,432,4790.01
2025-07,1200035,101070154,576,6386.68
2025-07,1200035,101070156,1440,15966.7
2025-07,1200035,101070158,864,9580.02
2025-07,1200035,101070162,3456,38320.16
2025-07,1200035,101070165,2160,23959.31
2025-07,1200035,101070168,5040,55895.05
2025-07,1200047,101002188,720,7250.4
2025-07,1200047,101002402,288,2900.16
2025-07,1200047,101004141,27,389.61
2025-07,1200047,101070153,288,2900.16
2025-07,1200047,101070154,432,4350.24
2025-07,1200047,101070156,720,7250.4
2025-07,1200047,101070158,576,5800.32
2025-07,1200047,101070162,1152,11600.64
2025-07,1200047,101070165,576,5800.32
2025-07,1200047,101070168,1152,11600.64
2025-07,1200048,101002402,432,5109.35
2025-07,1200048,101003346,216,3102.11
2025-07,1200048,101004233,192,2098.48
2025-07,1200048,101070153,144,1703.12
2025-07,1200048,101070156,288,3406.23
2025-07,1200048,101070162,576,6812.47
2025-07,1200048,101070165,1440,17031.17
2025-07,1200048,101070168,288,3406.23
2025-07,1200055,101002402,144,1596.67
2025-07,1200055,101002859,360,2014.85
2025-07,1200055,101003241,360,2014.85
2025-07,1200055,101003346,432,5960.91
2025-07,1200055,101003347,432,5960.91
2025-07,1200055,101003359,360,2014.85
2025-07,1200055,101003360,360,2014.85
2025-07,1200055,101004141,324,4972.49
2025-07,1200055,101004174,360,2014.85
2025-07,1200055,101004224,0,-29349.22
2025-07,1200055,101004230,162,3854.82
2025-07,1200055,101004233,192,1986.97
2025-07,1200055,101004261,162,3854.82
2025-07,1200055,101070158,144,1596.67
2025-07,1200055,101070165,432,4790.02
2025-07,1200055,101070168,1440,15966.71
2025-07,1200056,101002188,179,1382.3600000000001
2025-07,1200056,101002402,378,3687.82
2025-07,1200056,101002715,1920,14650.210000000001
2025-07,1200056,101002859,495,2637.85
2025-07,1200056,101003241,825,4317.49
2025-07,1200056,101003359,330,1792.53
2025-07,1200056,101004233,192,1843.2
2025-07,1200056,101004257,384,2946.48
2025-07,1200056,101070153,315,2930.08
2025-07,1200056,101070154,441,4033.05
2025-07,1200056,101070156,882,8380.83
2025-07,1200056,101070158,379,3621.8
2025-07,1200056,101070162,630,6320.7
2025-07,1200056,101070165,227,1662.8500000000001
2025-07,1200056,101070168,945,9244.16
2025-07,1200064,101002188,144,1630.08
2025-07,1200064,101002402,144,1630.08
2025-07,1200064,101002715,160,1303.8
2025-07,1200064,101002859,165,948.75
2025-07,1200064,101070153,288,3154.8599999999997
2025-07,1200064,101070154,0,-105.3
2025-07,1200064,101070156,144,1419.48
2025-07,1200064,101070158,144,1630.08
2025-07,1200064,101070162,144,1419.48
2025-07,1200064,101070165,144,1524.78
2025-07,1200064,101070168,144,1314.1799999999998
2025-07,1200067,101002381,150,2220.0
2025-07,1200067,101002715,0,-23787.0
2025-07,1200067,101002716,648,6194.88
2025-07,1200067,101002717,720,5668.860000000001
2025-07,1200067,101003241,720,4140.0
2025-07,1200067,101003347,432,6073.92
2025-07,1200067,101003360,720,4140.0
2025-07,1200067,101004141,567,8811.18
2025-07,1200067,101004174,180,1035.0
2025-07,1200067,101004224,1512,21258.72
2025-07,1200067,101004233,96,1010.88
2025-07,1200067,101004261,162,2411.86
2025-07,1200067,101070017,96,1010.88
2025-07,1200067,101070156,72,815.04
2025-07,1200067,101070165,144,1630.08
2025-07,1200077,101001911,150,1872.6000000000004
2025-07,1200077,101002622,0,-4623.73
2025-07,1200077,101003648,20856,258678.86000000002
2025-07,1200077,101004125,9900,134076.81
2025-07,1200077,101004196,14112,126070.79000000001
2025-07,1200077,101004225,0,-1680.93
2025-07,1200077,101070156,2394,23523.0
2025-07,1200077,101070163,69525,914808.58
2025-07,1200077,101070166,5805,78953.22
2025-07,1200095,101002381,300,4080.21
2025-07,1200095,101002612,2550,23525.42
2025-07,1200095,101002715,0,-1718.06
2025-07,1200095,101002859,2475,13086.91
2025-07,1200095,101003241,4290,22273.6
2025-07,1200095,101003346,1536,18694.7
2025-07,1200095,101003347,576,6805.25
2025-07,1200095,101004174,1815,9335.52
2025-07,1200095,101004224,6720,79893.25
2025-07,1200095,101004229,360,8747.28
2025-07,1200095,101004230,1584,36579.73
2025-07,1200095,101004233,2112,18881.57
2025-07,1200095,101004245,672,8447.91
2025-07,1200095,101004257,3264,26711.22
2025-07,1200095,101004261,3816,82996.91
2025-07,1200095,101005690,1728,16114.69
2025-07,1200095,101070156,1386,11816.49
2025-07,1200095,101070162,1449,12424.24
2025-07,1200095,101070168,2772,24519.62
2025-07,1200100,101001911,9075,-10958.950000000004
2025-07,1200100,101003648,19976,262367.22000000003
2025-07,1200100,101004098,37248,305463.31
2025-07,1200100,101070163,12555,181435.16
2025-07,1200100,101070166,3645,51063.7
2025-07,1200113,101002381,1125,16233.0
2025-07,1200113,101002612,2100,21528.0
2025-07,1200113,101002715,2080,18760.0
2025-07,1200113,101002717,480,4369.6
2025-07,1200113,101003241,330,2019.6
2025-07,1200113,101004224,1248,16623.36
2025-07,1200113,101004233,960,9312.0
2025-07,1200113,101004257,1728,15811.2
2025-07,1200113,101004261,2952,73484.64
2025-07,1200113,101070156,1323,15061.41
2025-07,1200113,101070158,693,7812.629999999999
2025-07,1200113,101070162,2394,27222.3
2025-07,1200113,101070165,1764,20074.95
2025-07,1200113,101070168,1323,14352.66
2025-07,1200119,101002381,300,3920.4
2025-07,1200119,101002612,300,2930.4
2025-07,1200119,101003346,216,2889.22
2025-07,1200119,101004224,432,5778.43
2025-07,1200119,101004230,324,7481.55
2025-07,1200119,101004233,384,3750.91
2025-07,1200119,101004261,324,7481.56
2025-07,1200119,101070153,144,1475.02
2025-07,1200119,101070156,288,2950.04
2025-07,1200119,101070158,144,1475.02
2025-07,1200119,101070162,576,5900.08
2025-07,1200119,101070165,576,5900.08
2025-07,1200119,101070168,576,5900.08
2025-07,1200140,101002188,288,3102.11
2025-07,1200140,101002381,150,2105.4
2025-07,1200140,101002402,144,1551.05
2025-07,1200140,101002612,300,3009.6
2025-07,1200140,101002859,720,3953.66
2025-07,1200140,101003241,1440,7907.33
2025-07,1200140,101003346,648,8850.12
2025-07,1200140,101003359,1080,5930.5
2025-07,1200140,101003360,1800,9884.16
2025-07,1200140,101004174,720,3953.66
2025-07,1200140,101004224,0,-27345.6
2025-07,1200140,101004229,162,3809.2
2025-07,1200140,101004230,324,7618.41
2025-07,1200140,101004233,576,5839.26
2025-07,1200140,101004245,1080,14750.22
2025-07,1200140,101004257,576,5048.5199999999995
2025-07,1200140,101004261,0,-24154.2
2025-07,1200140,101070017,192,1946.42
2025-07,1200140,101070156,144,1551.05
2025-07,1200148,101002859,360,2070.0
2025-07,1200148,101003241,360,2070.0
2025-07,1200148,101003347,1080,15184.8
2025-07,1200148,101003359,360,2070.0
2025-07,1200148,101003360,360,2070.0
2025-07,1200148,101004141,972,15104.88
2025-07,1200148,101004245,864,12147.84
2025-07,1200148,101070156,144,1630.08
2025-07,1200148,101070162,288,3260.16
2025-07,1200153,101002612,900,9288.0
2025-07,1200153,101004229,432,10713.6
2025-07,1200153,101004230,720,17856.0
2025-07,1200153,101005690,576,6082.56
2025-07,1200153,101070017,192,2027.52
2025-07,1200153,101070153,693,7234.92
2025-07,1200153,101070156,1134,11838.96
2025-07,1200153,101070162,1260,13154.400000000001
2025-07,1200153,101070165,1197,12496.68
2025-07,1200153,101070168,567,5919.48
2025-07,1200160,101002612,1050,9532.5
2025-07,1200160,101002859,1650,8197.2
2025-07,1200160,101003347,1440,18186.239999999998
2025-07,1200160,101004174,1650,7962.900000000001
2025-07,1200160,101004224,1728,22095.36
2025-07,1200160,101004261,2304,54521.28
2025-07,1200160,101070156,1449,12981.15
2025-07,1200160,101070162,2331,21134.61
2025-07,1200160,101070168,1764,16304.400000000001
2025-07,1200173,101003347,96,1270.08
2025-07,1200173,101004141,216,3116.88
2025-07,1200173,101004224,288,3810.24
2025-07,1200173,101004230,72,1707.12
2025-07,1200173,101004233,96,920.64
2025-07,1200173,101004261,144,3414.24
2025-07,1200173,101005690,96,920.64
2025-07,1200173,101070156,63,634.41
2025-07,1200173,101070158,252,2537.64
2025-07,1200173,101070162,378,3806.46
2025-07,1200173,101070165,126,1268.82
2025-07,1200173,101070168,378,3806.46
2025-07,1200180,101002188,432,4631.04
2025-07,1200180,101002402,432,4631.04
2025-07,1200180,101070153,432,4631.04
2025-07,1200180,101070154,432,4631.04
2025-07,1200180,101070156,432,4631.04
2025-07,1200180,101070158,432,4631.04
2025-07,1200180,101070162,432,4631.04
2025-07,1200180,101070165,288,3087.36
2025-07,1200180,101070168,1008,10805.76
2025-07,1200188,101002381,300,3927.0
2025-07,1200188,101002612,600,5808.0
2025-07,1200188,101003241,990,5197.5
2025-07,1200188,101004224,384,5080.32
2025-07,1200188,101004261,360,8535.6
2025-07,1200188,101070156,189,1903.23
2025-07,1200188,101070158,126,1268.82
2025-07,1200188,101070162,2016,20301.12
2025-07,1200197,101002381,75,522.76
2025-07,1200197,101002612,1950,18047.14
2025-07,1200197,101002715,10720,83265.4
2025-07,1200197,101002717,480,3733.02
2025-07,1200197,101003015,3584,49243.14
2025-07,1200197,101003241,3630,17518.96
2025-07,1200197,101003347,480,5950.8099999999995
2025-07,1200197,101003360,0,-16.01
2025-07,1200197,101004174,0,-16.01
2025-07,1200197,101004224,7104,83757.78
2025-07,1200197,101004229,72,1628.54
2025-07,1200197,101004230,144,2975.5
2025-07,1200197,101004233,1536,13603.37
2025-07,1200197,101004257,2688,20853.9
2025-07,1200197,101004261,5184,112734.43
2025-07,1200197,101070017,96,887.51
2025-07,1200197,101070153,567,5099.95
2025-07,1200197,101070154,315,2638.48
2025-07,1200197,101070156,2898,24765.65
2025-07,1200197,101070158,441,3726.6
2025-07,1200197,101070162,3402,27591.1
2025-07,1200197,101070165,3402,28796.89
2025-07,1200197,101070168,756,6118.39
2025-07,1200200,101002379,963,-105179.18000000001
2025-07,1200200,101002612,10890,96778.6
2025-07,1200200,101002717,2520,9562.880000000001
2025-07,1200200,101002859,9810,43856.740000000005
2025-07,1200200,101003241,7920,38681.280000000006
2025-07,1200200,101003346,156,-2777.9700000000003
2025-07,1200200,101003359,1750,4841.92
2025-07,1200200,101004141,510,5327.97
2025-07,1200200,101004174,2160,5842.280000000001
2025-07,1200200,101004183,0,-12642.91
2025-07,1200200,101004224,1202,15297.94
2025-07,1200200,101004229,220,4330.0
2025-07,1200200,101004230,239,5597.91
2025-07,1200200,101004233,14432,117937.95999999999
2025-07,1200200,101004245,56,761.28
2025-07,1200200,101004261,2106,41382.82
2025-07,1200200,101005690,1447,13494.45
2025-07,1200200,101070040,601,6665.09
2025-07,1200200,101070154,504,4307.96
2025-07,1200200,101070155,1130,4795.0
2025-07,1200200,101070156,3654,43555.68
2025-07,1200200,101070161,3264,2716.0899999999997
2025-07,1200200,101070162,3577,36788.65
2025-07,1200200,101070164,940,5544.5199999999995
2025-07,1200200,101070165,2160,21085.11
2025-07,1200200,101070168,4851,27908.86
2025-07,1200236,101002381,300,3927.0
2025-07,1200236,101002612,1200,11616.0
2025-07,1200236,101002859,360,575.81
2025-07,1200236,101003241,720,3780.0
2025-07,1200236,101003347,648,-21058.43
2025-07,1200236,101003360,720,1151.6400000000003
2025-07,1200236,101004141,1296,-1947.8700000000008
2025-07,1200236,101004174,0,-1314.19
2025-07,1200236,101004224,4104,3023.2000000000007
2025-07,1200236,101004229,324,7682.04
2025-07,1200236,101004230,324,5011.25
2025-07,1200236,101004233,384,3682.56
2025-07,1200236,101004245,216,2857.68
2025-07,1200236,101004257,192,1576.32
2025-07,1200236,101004261,2754,65297.34
2025-07,1200236,101005690,192,1841.28
2025-07,1200236,101070017,384,3682.56
2025-07,1200236,101070040,476,3898.44
2025-07,1200236,101070152,288,1451.52
2025-07,1200236,101070156,432,4350.24
2025-07,1200236,101070158,288,2900.16
2025-07,1200236,101070161,576,2903.04
2025-07,1200236,101070162,576,5800.32
2025-07,1200236,101070165,432,4350.24
2025-07,1200236,101070167,1728,6690.54
2025-07,1200256,101002715,1440,12816.0
2025-07,1200256,101002717,480,4272.0
2025-07,1200256,101003241,825,4801.5
2025-07,1200256,101004224,3168,44732.159999999996
2025-07,1200256,101004261,936,22426.559999999998
2025-07,1200256,101070161,270,1539.0
2025-07,1200265,101002188,144,1643.04
2025-07,1200265,101002402,144,1643.04
2025-07,1200265,101002715,360,3160.8
2025-07,1200265,101002717,360,3160.8
2025-07,1200265,101002859,180,1042.2
2025-07,1200265,101003241,360,2052.0
2025-07,1200265,101003359,180,1042.2
2025-07,1200265,101004174,360,2084.4
2025-07,1200265,101070040,238,2142.0
2025-07,1200265,101070153,144,1643.04
2025-07,1200265,101070154,144,1643.04
2025-07,1200265,101070156,1152,13114.08
2025-07,1200265,101070158,144,1643.04
2025-07,1200265,101070162,720,8154.719999999999
2025-07,1200265,101070165,720,8154.719999999999
2025-07,1200265,101070168,864,9858.24
2025-07,1200273,101002612,0,-4132.5
2025-07,1200273,101002859,0,-2370.0
2025-07,1200273,101003241,0,-2370.0
2025-07,1200273,101070162,1080,10834.56
2025-07,1200273,101070165,540,5417.28
2025-07,1200273,101070168,1080,10834.56
2025-07,1200280,101002188,63,710.64
2025-07,1200280,101003241,165,970.2
2025-07,1200280,101070154,441,4974.48
2025-07,1200280,101070156,315,3553.2
2025-07,1200280,101070158,126,1421.28
2025-07,1200280,101070162,630,7106.4
2025-07,1200280,101070165,441,4974.48
2025-07,1200280,101070168,252,2842.56
2025-07,1200288,101002188,144,1285.92
2025-07,1200288,101002402,144,1285.92
2025-07,1200288,101002612,1200,10932.0
2025-07,1200288,101002715,360,2952.0
2025-07,1200288,101004174,360,1688.4
2025-07,1200288,101070153,720,6429.6
2025-07,1200288,101070154,576,5143.68
2025-07,1200288,101070156,3456,30862.08
2025-07,1200288,101070158,864,7715.52
2025-07,1200288,101070162,5616,50150.880000000005
2025-07,1200288,101070165,1152,10287.36
2025-07,1200288,101070168,3744,33433.92
2025-07,1200363,101002381,150,1951.95
2025-07,1200363,101002612,4500,42642.600000000006
2025-07,1200363,101002859,360,1926.29
2025-07,1200363,101003346,216,2924.81
2025-07,1200363,101003347,216,2924.81
2025-07,1200363,101003360,180,963.14
2025-07,1200363,101004141,162,2405.89
2025-07,1200363,101004174,180,963.14
2025-07,1200363,101004224,9072,112247.56999999999
2025-07,1200363,101004229,81,1910.56
2025-07,1200363,101004230,2916,63605.84
2025-07,1200363,101004233,3648,32393.08
2025-07,1200363,101004245,54,731.2
2025-07,1200363,101004261,6156,139146.79
2025-07,1200363,101070153,216,2252.58
2025-07,1200363,101070154,72,739.07
2025-07,1200363,101070156,1440,15135.13
2025-07,1200363,101070158,1008,10594.58
2025-07,1200363,101070162,288,2991.6400000000003
2025-07,1200363,101070168,1440,15028.970000000001
2025-07,1200419,101002188,567,6100.92
2025-07,1200419,101002402,630,6778.8
2025-07,1200419,101002612,600,5898.0
2025-07,1200419,101002715,480,3897.6000000000004
2025-07,1200419,101002859,660,3491.4
2025-07,1200419,101003241,1155,6109.950000000001
2025-07,1200419,101003346,288,3706.56
2025-07,1200419,101003359,330,1745.7
2025-07,1200419,101004174,495,2618.55
2025-07,1200419,101004230,216,5108.4
2025-07,1200419,101004233,288,2764.8
2025-07,1200419,101004261,504,11919.599999999999
2025-07,1200419,101070153,882,9490.32
2025-07,1200419,101070154,945,10168.2
2025-07,1200419,101070156,567,6100.92
2025-07,1200419,101070162,819,8812.44
2025-07,1200419,101070165,693,7456.68
2025-07,1200441,101002381,150,1942.5
2025-07,1200441,101002402,45,446.85
2025-07,1200441,101002612,75,720.75
2025-07,1200441,101003241,180,934.2
2025-07,1200441,101003347,72,945.36
2025-07,1200441,101004224,72,945.36
2025-07,1200441,101004261,162,3819.96
2025-07,1200441,101070153,144,1429.92
2025-07,1200441,101070154,99,983.07
2025-07,1200441,101070158,144,1429.92
2025-07,1200441,101070162,144,1429.92
2025-07,1200441,101070165,144,1429.92
2025-07,1200441,101070168,144,1429.92
2025-07,1200460,101002402,144,1475.02
2025-07,1200460,101002612,300,2904.4700000000003
2025-07,1200460,101002715,720,6019.2
2025-07,1200460,101002859,0,-16.99
2025-07,1200460,101003241,0,-16.99
2025-07,1200460,101003346,216,2889.22
2025-07,1200460,101004174,0,-16.99
2025-07,1200460,101004224,0,-13063.68
2025-07,1200460,101004230,324,7481.55
2025-07,1200460,101004233,192,1842.27
2025-07,1200460,101004261,1296,19428.6
2025-07,1200460,101070156,288,2936.99
2025-07,1200460,101070162,288,2897.84
2025-07,1200460,101070165,288,2884.79
2025-07,1200460,101070168,576,5782.66
2025-07,1200473,101002188,189,2156.49
2025-07,1200473,101002402,252,2875.32
2025-07,1200473,101002715,640,5676.8
2025-07,1200473,101002859,165,955.35
2025-07,1200473,101003241,165,955.35
2025-07,1200473,101003359,165,955.35
2025-07,1200473,101004174,165,955.35
2025-07,1200473,101070153,189,2156.49
2025-07,1200473,101070154,441,5031.81
2025-07,1200473,101070156,630,7188.3
2025-07,1200473,101070158,315,3594.15
2025-07,1200473,101070162,378,4312.98
2025-07,1200473,101070165,252,2875.32
2025-07,1200473,101070168,630,7188.3
2025-07,1200505,101002612,1350,11029.5
2025-07,1200505,101002715,10260,67305.6
2025-07,1200505,101002717,180,1180.8
2025-07,1200505,101003241,2700,11907.0
2025-07,1200505,101004233,2304,18570.239999999998
2025-07,1200505,101070154,288,2430.72
2025-07,1200505,101070156,432,3430.08
2025-07,1200505,101070158,216,1715.04
2025-07,1200505,101070162,2376,18865.44
2025-07,1200505,101070165,1008,8003.52
2025-07,1200505,101070168,864,6860.16
2025-07,1200514,101002381,2475,34297.5
2025-07,1200514,101002402,2772,30445.38
2025-07,1200514,101002715,800,6660.8
2025-07,1200514,101003346,2304,31269.120000000003
2025-07,1200514,101004224,9600,125475.84
2025-07,1200514,101004233,5568,51436.8
2025-07,1200514,101004257,3840,31042.559999999998
2025-07,1200514,101070153,2646,28537.739999999998
2025-07,1200514,101070154,189,2044.98
2025-07,1200514,101070156,2898,31878.0
2025-07,1200514,101070162,8820,95235.84
2025-07,1200514,101070165,4662,50604.12
2025-07,1200514,101070168,4662,51365.16
2025-07,1200518,101001911,2850,-15640.779999999999
2025-07,1200518,101003648,21296,278218.41000000003
2025-07,1200518,101004098,30240,-12911.170000000013
2025-07,1200521,101002715,800,7600.0
2025-07,1200521,101004174,165,999.9
2025-07,1200521,101070154,126,1466.64
2025-07,1200521,101070156,1260,14666.4
2025-07,1200521,101070165,126,1466.64
2025-07,1200521,101070166,990,15117.3
2025-07,1200548,101004174,2310,13374.900000000001
2025-07,1200548,101004196,2496,23961.600000000002
2025-07,1200548,101004224,15264,211711.68
2025-07,1200548,101070156,4473,45445.68
2025-07,1200548,101070162,5670,57607.200000000004
2025-07,1200610,101002715,160,1480.56
2025-07,1200610,101070168,315,3535.43
2025-07,1200611,101002188,63,622.46
2025-07,1200611,101002402,31,306.29
2025-07,1200611,101002715,1120,9138.08
2025-07,1200611,101003241,1320,6816.55
2025-07,1200611,101004224,864,11287.59
2025-07,1200611,101004233,288,2716.59
2025-07,1200611,101004257,48,386.86
2025-07,1200611,101004261,36,844.64
2025-07,1200611,101070154,126,1244.92
2025-07,1200649,101002188,0,132.01999999999998
2025-07,1200649,101002381,0,15.3
2025-07,1200649,101002402,0,48.11
2025-07,1200649,101002612,0,119.49
2025-07,1200649,101002715,0,289.66
2025-07,1200649,101002859,0,32.32
2025-07,1200649,101003015,0,69.97
2025-07,1200649,101003241,0,201.07
2025-07,1200649,101003346,0,95.80000000000001
2025-07,1200649,101003347,0,120.2
2025-07,1200649,101004141,0,98.37
2025-07,1200649,101004224,0,278.08
2025-07,1200649,101004230,0,29.94
2025-07,1200649,101004261,0,374.69
2025-07,1200649,101070040,0,16.28
2025-07,1200649,101070153,0,106.02
2025-07,1200649,101070154,0,12.03
2025-07,1200649,101070156,0,47.53
2025-07,1200649,101070158,0,23.17
2025-07,1200649,101070162,0,127.76
2025-07,1200649,101070165,0,89.43
2025-07,1200649,101070168,0,536.37
2025-07,1200654,101001911,11550,112064.99
2025-07,1200654,101002622,240,2656.64
2025-07,1200654,101003648,29128,380538.39
2025-07,1200654,101004098,28128,265134.24
2025-07,1200654,101004125,180,2539.64
2025-07,1200654,101070163,270,3863.18
2025-07,1200657,101001911,0,-37378.130000000005
2025-07,1200657,101003648,22528,294313.67
2025-07,1200657,101004098,29472,277997.58
2025-07,1200659,101001911,9375,-12780.569999999996
2025-07,1200659,101002622,22960,271017.95
2025-07,1200659,101003648,35992,470212.13
2025-07,1200659,101004098,39936,376700.33
2025-07,1200659,101004125,315,4444.37
2025-07,1200659,101070163,315,4507.02
2025-07,1200664,101002188,189,1782.27
2025-07,1200664,101002402,315,2970.45
2025-07,1200664,101070153,441,4158.63
2025-07,1200664,101070154,378,3564.54
2025-07,1200664,101070156,441,4158.63
2025-07,1200664,101070158,567,5346.81
2025-07,1200664,101070162,252,2376.36
2025-07,1200664,101070165,441,4158.63
2025-07,1200664,101070168,756,7129.08
2025-07,1200671,101001911,300,-39691.7
2025-07,1200671,101002622,560,5732.14
2025-07,1200671,101003648,18920,247786.91999999998
2025-07,1200671,101004098,36768,348330.89
2025-07,1200671,101004125,1080,15237.84
2025-07,1200671,101070163,1260,18028.19
2025-07,1200682,101001911,675,-28651.67
2025-07,1200682,101002622,560,5731.85
2025-07,1200682,101003648,26576,347198.16000000003
2025-07,1200682,101004098,24768,233626.65
2025-07,1200682,101004125,180,2539.64
2025-07,1200682,101070163,405,5794.75
2025-07,1200698,101002381,300,3814.8
2025-07,1200698,101002402,144,1444.61
2025-07,1200698,101002612,300,2898.72
2025-07,1200698,101002715,0,-14064.51
2025-07,1200698,101002859,360,1881.79
2025-07,1200698,101003241,720,3763.58
2025-07,1200698,101003346,648,8576.41
2025-07,1200698,101003347,216,2858.8
2025-07,1200698,101003360,360,1881.79
2025-07,1200698,101004141,162,2349.39
2025-07,1200698,101004224,648,-24858.449999999997
2025-07,1200698,101004230,324,7435.93
2025-07,1200698,101004233,384,3690.09
2025-07,1200698,101004245,216,2858.8
2025-07,1200698,101004261,0,-52686.66
2025-07,1200698,101070017,192,1845.04
2025-07,1200698,101070156,432,4333.83
2025-07,1200698,101070162,1584,15890.68
2025-07,1200698,101070165,144,1444.61
2025-07,1200698,101070168,2304,23113.73
2025-07,1200711,101001911,10500,109368.09
2025-07,1200711,101002622,1440,17437.42
2025-07,1200711,101003648,1936,25175.53
2025-07,1200711,101004098,40608,382574.17
2025-07,1200711,101004125,1980,27808.46
2025-07,1200711,101070163,15075,214881.9
2025-07,1200711,101070166,675,9657.93
2025-07,1200718,101002381,150,2286.0
2025-07,1200718,101002612,900,9297.0
2025-07,1200718,101002717,720,6386.4
2025-07,1200718,101002859,1080,6253.2
2025-07,1200718,101003241,2160,12506.4
2025-07,1200718,101003359,720,4168.8
2025-07,1200718,101003360,1080,6253.2
2025-07,1200718,101004141,648,10121.76
2025-07,1200718,101004174,360,2084.4
2025-07,1200718,101004257,192,1770.24
2025-07,1200718,101070017,192,2035.2
2025-07,1200718,101070162,1152,13144.32
2025-07,1200718,101070168,864,9858.24
2025-07,1200719,101002612,300,3099.0
2025-07,1200719,101002859,180,1042.2
2025-07,1200719,101003241,900,5211.0
2025-07,1200719,101003359,180,1042.2
2025-07,1200719,101003360,540,3126.6
2025-07,1200719,101004174,360,2084.4
2025-07,1200721,101003133,360,2361.6
2025-07,1200721,101003457,360,1587.6
2025-07,1200742,101002612,3600,28128.45
2025-07,1200742,101002715,5040,34834.380000000005
2025-07,1200742,101002717,1800,9003.45
2025-07,1200742,101070153,1728,12027.33
2025-07,1200742,101070154,4608,39232.130000000005
2025-07,1200742,101070156,4608,39290.1
2025-07,1200742,101070158,2880,17120.22
2025-07,1200742,101070162,5760,50161.46
2025-07,1200742,101070165,1872,12606.79
2025-07,1200753,101070153,576,6307.2
2025-07,1200753,101070154,432,4730.4
2025-07,1200753,101070156,864,9460.8
2025-07,1200753,101070158,720,7884.0
2025-07,1200753,101070162,864,9460.8
2025-07,1200753,101070165,576,6307.2
2025-07,1200753,101070168,288,3153.6
2025-07,1200763,101001911,1099,16160.05
2025-07,1200763,101002402,2422,21580.53
2025-07,1200763,101002612,26850,234230.7
2025-07,1200763,101002715,2057,14747.58
2025-07,1200763,101002859,1762,8568.22
2025-07,1200763,101003241,33796,164351.22
2025-07,1200763,101003346,18360,209453.28
2025-07,1200763,101003347,12096,139032.55
2025-07,1200763,101003359,1309,6366.179999999999
2025-07,1200763,101004141,5887,77201.77
2025-07,1200763,101004224,69796,800318.15
2025-07,1200763,101004229,8363,172738.52
2025-07,1200763,101004230,16957,344456.49
2025-07,1200763,101004233,8871,78227.92
2025-07,1200763,101004245,215,2382.5099999999998
2025-07,1200763,101004257,15218,99579.34
2025-07,1200763,101004261,40315,829469.78
2025-07,1200763,101005690,8261,73169.48
2025-07,1200763,101005693,0,-139.68
2025-07,1200763,101005699,0,-1.2
2025-07,1200763,101070153,15520,112383.59999999999
2025-07,1200763,101070154,1712,15915.98
2025-07,1200763,101070156,25805,185377.86
2025-07,1200763,101070158,714,6629.79
2025-07,1200763,101070161,80730,301503.44
2025-07,1200763,101070162,2327,16397.85
2025-07,1200763,101070164,41909,154077.23
2025-07,1200763,101070165,5858,41831.84
2025-07,1200763,101070168,855,7464.51
2025-07,1200769,101002612,300,2745.9
2025-07,1200769,101002715,1440,11631.6
2025-07,1200769,101002716,1296,11284.92
2025-07,1200769,101003015,288,3970.94
2025-07,1200769,101003347,216,2912.11
2025-07,1200769,101004174,1080,5670.0
2025-07,1200769,101004224,432,5404.32
2025-07,1200769,101004229,486,11523.06
2025-07,1200769,101004230,648,15111.199999999999
2025-07,1200769,101004233,1920,18623.23
2025-07,1200769,101004257,1152,9431.62
2025-07,1200769,101004261,162,3588.14
2025-07,1200769,101070154,1296,13136.689999999999
2025-07,1200769,101070156,2016,20883.17
2025-07,1200769,101070158,576,6041.95
2025-07,1200769,101070162,2304,24336.29
2025-07,1200769,101070165,3312,35532.42
2025-07,1200769,101070168,1728,18462.809999999998
2025-07,1200771,101002612,1200,12324.0
2025-07,1200771,101002715,1440,12700.800000000001
2025-07,1200771,101002717,560,4939.2
2025-07,1200771,101003241,660,3788.4
2025-07,1200771,101003346,300,4212.0
2025-07,1200771,101003347,384,5391.36
2025-07,1200771,101004224,1992,27967.68
2025-07,1200771,101004245,186,2611.44
2025-07,1200771,101070156,630,7119.0
2025-07,1200771,101070158,189,2135.7
2025-07,1200771,101070162,504,5695.2
2025-07,1200771,101070165,315,3559.5
2025-07,1200771,101070168,378,4271.4
2025-07,1200781,101002715,3240,26568.0
2025-07,1200781,101002717,680,5576.0
2025-07,1200781,101003241,30,140.1
2025-07,1200781,101004174,195,910.65
2025-07,1200781,101004261,1044,17232.96
2025-07,1200781,101070156,2331,21141.06
2025-07,1200781,101070158,27,241.38
2025-07,1200781,101070162,2520,22810.86
2025-07,1200781,101070165,945,8573.04
2025-07,1200781,101070168,693,6195.42
2025-07,1200785,101002188,504,5695.2
2025-07,1200785,101002402,504,5695.2
2025-07,1200785,101002612,300,3081.0
2025-07,1200785,101002715,1920,16934.4
2025-07,1200785,101002717,320,2822.4
2025-07,1200785,101002859,330,1894.2
2025-07,1200785,101003241,495,2841.3
2025-07,1200785,101004174,330,1894.2
2025-07,1200785,101070153,315,3559.5
2025-07,1200785,101070154,693,7830.9
2025-07,1200785,101070156,945,10678.5
2025-07,1200785,101070158,630,7119.0
2025-07,1200785,101070162,693,7830.9
2025-07,1200785,101070165,756,8542.8
2025-07,1200785,101070168,1071,12102.3
2025-07,1200786,101002402,189,2156.49
2025-07,1200786,101002612,150,1549.5
2025-07,1200786,101002859,330,1910.7
2025-07,1200786,101003241,330,1910.7
2025-07,1200786,101003359,165,955.35
2025-07,1200786,101004141,72,1124.64
2025-07,1200786,101004174,330,1910.7
2025-07,1200786,101004224,672,9488.64
2025-07,1200786,101004261,288,7171.2
2025-07,1200786,101070153,63,718.83
2025-07,1200786,101070154,378,4312.98
2025-07,1200786,101070156,378,4312.98
2025-07,1200786,101070158,315,3594.15
2025-07,1200786,101070162,378,4312.98
2025-07,1200786,101070165,189,2156.49
2025-07,1200786,101070168,630,7188.3
2025-07,1200793,101002188,63,917.91
2025-07,1200793,101003241,165,1189.65
2025-07,1200793,101004174,495,3568.95
2025-07,1200793,101070153,126,1835.82
2025-07,1200793,101070154,504,7343.28
2025-07,1200793,101070158,126,1835.82
2025-07,1200793,101070162,909,13244.13
2025-07,1200793,101070165,423,6163.11
2025-07,1200793,101070168,1233,17964.81
2025-07,1200806,101002612,600,6912.0
2025-07,1200806,101003346,432,6773.76
2025-07,1200806,101003347,432,6773.76
2025-07,1200806,101004230,324,8709.12
2025-07,1200806,101004261,810,21772.8
2025-07,1200806,101070040,476,4740.96
2025-07,1200806,101070154,288,3594.24
2025-07,1200806,101070162,864,10782.72
2025-07,1200806,101070168,576,7188.48
2025-07,1200826,101002715,80,656.8
2025-07,1200826,101002859,70,373.1
2025-07,1200826,101004257,160,1174.4
2025-07,1200841,101002381,4800,53077.41
2025-07,1200841,101002612,6300,45267.01
2025-07,1200841,101002859,8280,38387.51
2025-07,1200841,101003241,5040,20651.11
2025-07,1200841,101003347,3024,28904.059999999998
2025-07,1200841,101004224,17713,189594.89
2025-07,1200841,101004229,2268,42901.68
2025-07,1200841,101004230,3564,60621.82
2025-07,1200841,101004233,5760,42993.31
2025-07,1200841,101004261,11664,196918.59
2025-07,1200841,101005690,3648,27381.519999999997
2025-07,1200841,101005693,0,-2299.56
2025-07,1200841,101070017,1920,11764.659999999998
2025-07,1200841,101070026,0,-848.79
2025-07,1200841,101070152,8064,31052.92
2025-07,1200841,101070155,12096,44830.14
2025-07,1200841,101070157,0,223.25
2025-07,1200841,101070161,19872,68503.6
2025-07,1200841,101070164,9792,37463.35
2025-07,1200841,101070167,9504,36306.96
2025-07,1200854,101002715,1080,9484.550000000001
2025-07,1200854,101002716,324,3095.83
2025-07,1200854,101002717,360,3172.5899999999997
2025-07,1200854,101003241,720,4149.71
2025-07,1200854,101003347,0,-10.08
2025-07,1200854,101004141,0,-9.55
2025-07,1200854,101004224,2160,30288.38
2025-07,1200854,101004245,216,3006.46
2025-07,1200854,101070153,0,-1.88
2025-07,1200854,101070156,576,6534.38
2025-07,1200854,101070158,0,-17.79
2025-07,1200854,101070162,432,4902.05
2025-07,1200854,101070165,144,1631.8999999999999
2025-07,1200854,101070168,576,6528.55
2025-07,1200872,101002715,3960,32757.11
2025-07,1200872,101003347,432,5717.61
2025-07,1200872,101004141,648,9397.56
2025-07,1200872,101004245,432,5717.61
2025-07,1200872,101070162,720,7223.04
2025-07,1200872,101070165,144,1444.61
2025-07,1200872,101070168,576,5778.43
2025-07,1200887,101070153,252,2467.08
2025-07,1200887,101070156,378,3700.62
2025-07,1200887,101070162,1449,14185.71
2025-07,1200887,101070165,1449,14185.71
2025-07,1200887,101070168,252,2467.08
2025-07,1200890,101002612,100,1013.76
2025-07,1200890,101003241,165,923.47
2025-07,1200927,101002612,300,2451.0
2025-07,1200927,101003133,3600,23616.0
2025-07,1200927,101003347,432,4536.0
2025-07,1200927,101004219,2268,16216.2
2025-07,1200927,101004261,810,15276.6
2025-07,1200929,101003347,864,11435.21
2025-07,1200929,101004141,1620,23493.89
2025-07,1200929,101004245,432,5717.61
2025-07,1200929,101070162,1440,14446.08
2025-07,1200929,101070168,1440,14446.08
2025-07,1200933,101002188,288,2858.8
2025-07,1200933,101002612,600,5765.76
2025-07,1200933,101003015,288,4105.73
2025-07,1200933,101003241,720,3725.57
2025-07,1200933,101003347,216,2828.39
2025-07,1200933,101070156,432,4288.2
2025-07,1200933,101070158,144,1429.4
2025-07,1200933,101070162,576,5717.61
2025-07,1200933,101070165,432,4288.2
2025-07,1200933,101070168,1440,14294.03
2025-07,1200943,101002715,360,3160.8
2025-07,1200943,101003241,1080,6156.0
2025-07,1200943,101070154,144,1612.8
2025-07,1200943,101070156,288,3225.6
2025-07,1200943,101070162,144,1612.8
2025-07,1200943,101070165,288,3225.6
2025-07,1200948,101070162,432,4698.78
2025-07,1200948,101070168,576,6265.03
2025-07,1200949,101002402,288,3132.52
2025-07,1200949,101002859,180,997.92
2025-07,1200949,101003346,216,2950.04
2025-07,1200949,101003347,432,5900.08
2025-07,1200949,101004141,324,4926.87
2025-07,1200949,101004183,180,997.92
2025-07,1200949,101004224,648,8850.12
2025-07,1200949,101004230,81,1916.01
2025-07,1200949,101004261,162,3832.01
2025-07,1200949,101005690,96,978.28
2025-07,1200949,101070156,288,3132.52
2025-07,1200949,101070162,288,3132.52
2025-07,1200949,101070165,432,4698.78
2025-07,1200949,101070168,1008,10963.82
2025-07,1200969,101070156,756,7749.0
2025-07,1200969,101070158,108,1080.0
2025-07,1200969,101070162,324,3321.0
2025-07,1200969,101070165,756,7749.0
2025-07,1200969,101070168,1296,13284.0
2025-07,1200973,101002188,126,1382.22
2025-07,1200973,101002715,160,1387.2
2025-07,1200973,101002717,160,1387.2
2025-07,1200973,101002859,165,925.65
2025-07,1200973,101003241,330,1851.3
2025-07,1200973,101004174,165,925.65
2025-07,1200973,101070153,63,691.11
2025-07,1200973,101070154,126,1382.22
2025-07,1200973,101070156,63,691.11
2025-07,1200973,101070158,126,1382.22
2025-07,1200973,101070162,189,2073.33
2025-07,1200973,101070165,126,1382.22
2025-07,1200973,101070168,378,4146.66
2025-07,1200976,101002612,300,3600.0
2025-07,1200976,101003241,330,2217.6
2025-07,1200976,101070153,126,1678.32
2025-07,1200976,101070154,126,1678.32
2025-07,1200976,101070156,126,1678.32
2025-07,1200976,101070162,189,2517.48
2025-07,1200976,101070165,126,1678.32
2025-07,1200977,101002381,75,1417.5
2025-07,1200984,101002612,3000,26850.0
2025-07,1200984,101004224,8856,116134.56
2025-07,1200985,101001911,1200,-16152.36
2025-07,1200985,101002622,4320,36290.58
2025-07,1200985,101003648,4488,46818.600000000006
2025-07,1200985,101004098,6240,53017.32
2025-07,1200985,101004125,2880,29236.91
2025-07,1200985,101070163,5265,60289.969999999994
2025-07,1200989,101001911,2975,36748.799999999996
2025-07,1200989,101004196,6720,63709.6
2025-07,1200989,101070163,4500,64716.0
2025-07,1200989,101070166,11430,164363.4
2025-07,1200995,101002188,288,3193.34
2025-07,1200995,101002716,972,9237.91
2025-07,1200995,101002717,720,6209.28
2025-07,1200995,101003241,1080,6044.549999999999
2025-07,1200995,101003347,216,2980.45
2025-07,1200995,101003360,1080,6044.549999999999
2025-07,1200995,101004141,648,9944.98
2025-07,1200995,101004174,720,4029.7
2025-07,1200995,101004183,360,2014.85
2025-07,1200995,101004229,162,3854.82
2025-07,1200995,101004230,162,3854.82
2025-07,1200995,101004233,192,1986.97
2025-07,1200995,101004245,216,2980.45
2025-07,1200995,101004261,324,7709.64
2025-07,1200995,101070040,238,2098.59
2025-07,1200995,101070154,144,1596.67
2025-07,1200995,101070156,144,1596.67
2025-07,1200995,101070158,288,3193.34
2025-07,1200995,101070162,576,6386.6900000000005
2025-07,1200995,101070165,432,4790.01
2025-07,1200995,101070168,864,9580.029999999999
2025-07,1200996,101070156,126,1421.28
2025-07,1200996,101070162,252,2842.56
2025-07,1200996,101070165,126,1421.28
2025-07,1200998,101002188,144,1215.36
2025-07,1200998,101002402,144,1215.36
2025-07,1200998,101002612,300,2451.0
2025-07,1200998,101002859,360,1587.6
2025-07,1200998,101003241,360,1587.6
2025-07,1200998,101003359,180,793.8
2025-07,1200998,101003360,180,793.8
2025-07,1200998,101004174,360,1587.6
2025-07,1200998,101004183,180,793.8
2025-07,1200998,101004233,192,1547.52
2025-07,1200998,101004257,192,1320.96
2025-07,1200998,101005690,192,1547.52
2025-07,1200998,101070153,144,1215.36
2025-07,1200998,101070154,144,1215.36
2025-07,1200998,101070156,144,1143.36
2025-07,1200998,101070158,144,1143.36
2025-07,1200998,101070162,216,1715.04
2025-07,1200998,101070165,216,1715.04
2025-07,1200998,101070168,216,1715.04
2025-07,1201001,101002188,63,691.89
2025-07,1201001,101002612,450,4561.92
2025-07,1201001,101002859,165,923.47
2025-07,1201001,101003241,165,923.47
2025-07,1201001,101003360,82,458.94
2025-07,1201001,101004183,82,458.94
2025-07,1201001,101004233,288,2950.04
2025-07,1201001,101004257,144,1277.34
2025-07,1201001,101005690,96,983.35
2025-07,1201001,101070017,96,983.35
2025-07,1201001,101070162,504,5535.12
2025-07,1201001,101070168,441,4843.23
2025-07,1201002,101070156,1080,8575.2
2025-07,1201002,101070158,432,3430.08
2025-07,1201002,101070162,1296,10290.24
2025-07,1201002,101070165,576,4573.44
2025-07,1201002,101070168,792,6288.48
2025-07,1201009,101003133,1800,11358.0
2025-07,1201009,101003456,288,2203.2
2025-07,1201009,101003457,360,1533.6
2025-07,1201009,101004141,162,2110.86
2025-07,1201009,101004219,324,2229.12
2025-07,1201009,101004224,864,10247.04
2025-07,1201009,101004229,162,3321.0
2025-07,1201009,101004230,243,4981.5
2025-07,1201009,101004261,162,3321.0
2025-07,1201009,101070162,216,1944.0
2025-07,1201009,101070165,216,1944.0
2025-07,1201012,101004233,192,1824.77
2025-07,1201012,101070153,144,1429.4
2025-07,1201012,101070156,288,2858.8
2025-07,1201012,101070162,1296,12864.61
2025-07,1201012,101070168,1440,14294.01
2025-07,1201020,101002716,324,2936.74
2025-07,1201020,101002717,360,2977.92
2025-07,1201020,101003241,1080,5645.37
2025-07,1201020,101003347,0,-427.68
2025-07,1201020,101003360,360,1881.79
2025-07,1201020,101004141,648,8347.8
2025-07,1201020,101004224,1728,22870.44
2025-07,1201020,101070162,1296,10827.07
2025-07,1201020,101070165,432,3464.0599999999995
2025-07,1201020,101070168,432,2811.74
2025-07,1201029,101002188,288,2819.52
2025-07,1201029,101003133,1800,11808.0
2025-07,1201029,101003241,360,1836.0
2025-07,1201029,101003346,216,2646.0
2025-07,1201029,101003347,216,2646.0
2025-07,1201029,101003456,720,5716.8
2025-07,1201029,101003457,360,1587.6
2025-07,1201029,101004141,324,4361.04
2025-07,1201029,101070156,144,1337.76
2025-07,1201029,101070158,288,2675.52
2025-07,1201031,101002612,600,5797.44
2025-07,1201031,101002859,360,1881.79
2025-07,1201031,101003347,1080,14294.02
2025-07,1201031,101003360,720,3763.58
2025-07,1201031,101004141,1944,28192.67
2025-07,1201035,101002612,2250,24145.5
2025-07,1201035,101002715,160,1395.2
2025-07,1201035,101002859,165,933.9
2025-07,1201035,101003241,495,2932.05
2025-07,1201035,101003359,165,933.9
2025-07,1201035,101004174,330,1882.65
2025-07,1201035,101070153,3528,43672.86
2025-07,1201035,101070156,5355,62320.85999999999
2025-07,1201035,101070158,4536,56004.479999999996
2025-07,1201035,101070162,7497,87591.42
2025-07,1201035,101070165,5292,64205.82
2025-07,1201035,101070168,6363,73834.74
2025-07,1201043,101002612,450,5157.0
2025-07,1201043,101002715,960,9312.0
2025-07,1201043,101002717,320,3104.0
2025-07,1201043,101002859,165,1039.5
2025-07,1201043,101003015,128,2137.6
2025-07,1201043,101003241,495,3118.5
2025-07,1201043,101003359,165,1039.5
2025-07,1201043,101003360,165,1039.5
2025-07,1201043,101004174,330,2079.0
2025-07,1201043,101070154,819,10122.84
2025-07,1201043,101070156,126,1557.36
2025-07,1201043,101070158,1260,15573.6
2025-07,1201043,101070168,315,3893.4
2025-07,1201045,101070017,823,9530.34
2025-07,1201047,101004214,19200,159852.59
2025-07,1201050,101002381,0,-1316.28
2025-07,1201050,101002402,288,2858.8
2025-07,1201050,101002612,300,2882.9
2025-07,1201050,101002859,0,-17661.6
2025-07,1201050,101003241,0,-5193.0
2025-07,1201050,101003346,216,2828.39
2025-07,1201050,101003347,216,2828.39
2025-07,1201050,101004141,162,706.3699999999999
2025-07,1201050,101004174,360,1862.78
2025-07,1201050,101004224,0,-3905.13
2025-07,1201050,101004261,0,-52342.54
2025-07,1201050,101070156,144,1429.4
2025-07,1201050,101070158,288,2858.8
2025-07,1201050,101070165,0,-2991.17
2025-07,1201054,101002402,189,2131.92
2025-07,1201054,101070153,252,2842.56
2025-07,1201054,101070154,63,710.64
2025-07,1201054,101070156,504,5685.12
2025-07,1201054,101070158,315,3553.2
2025-07,1201054,101070162,1890,21319.2
2025-07,1201054,101070165,441,4974.48
2025-07,1201054,101070168,126,1421.28
2025-07,1201061,101002402,144,1382.4
2025-07,1201061,101003241,720,3513.6
2025-07,1201061,101003360,360,1756.8
2025-07,1201061,101004174,360,1756.8
2025-07,1201061,101004224,216,2425.68
2025-07,1201061,101004230,162,3214.08
2025-07,1201061,101004261,324,6428.16
2025-07,1201061,101070154,288,2764.8
2025-07,1201061,101070156,288,2603.52
2025-07,1201061,101070158,144,1301.76
2025-07,1201061,101070162,144,1301.76
2025-07,1201061,101070165,144,1301.76
2025-07,1201073,101002188,126,1436.4
2025-07,1201073,101002402,63,718.2
2025-07,1201073,101002612,150,1647.0
2025-07,1201073,101002715,320,3008.0
2025-07,1201073,101002859,330,1960.2
2025-07,1201073,101003241,330,1960.2
2025-07,1201073,101004141,144,2373.12
2025-07,1201073,101004224,576,8663.04
2025-07,1201073,101004230,72,1877.76
2025-07,1201073,101004233,384,4193.28
2025-07,1201073,101004257,192,1797.12
2025-07,1201073,101004261,360,9388.8
2025-07,1201073,101070153,126,1436.4
2025-07,1201073,101070154,189,2154.6
2025-07,1201073,101070156,189,2154.6
2025-07,1201073,101070158,126,1436.4
2025-07,1201073,101070162,567,6463.8
2025-07,1201073,101070165,189,2154.6
2025-07,1201073,101070168,504,5745.6
2025-07,1201076,101002381,45,639.54
2025-07,1201076,101002859,180,997.94
2025-07,1201076,101005690,48,489.14
2025-07,1201076,101070040,51,444.31
2025-07,1201076,101070154,72,783.13
2025-07,1201076,101070156,72,783.13
2025-07,1201090,101004224,192,2540.16
2025-07,1201090,101004230,576,13656.96
2025-07,1201090,101004261,216,5121.36
2025-07,1201090,101070162,63,634.41
2025-07,1205005,101002612,150,1656.0
2025-07,1205005,101002859,165,990.0
2025-07,1205005,101003347,96,1443.84
2025-07,1205005,101004224,384,5775.36
2025-07,1205005,101004257,288,2730.24
2025-07,1205005,101005690,96,1059.84
2025-07,1205005,101070156,63,725.76
2025-07,1205005,101070158,126,1451.52
2025-07,1205005,101070162,315,3628.8
2025-07,1205005,101070168,378,4354.56
2025-07,1205009,101002716,144,1468.8
2025-07,1205009,101003359,165,970.2
2025-07,1205009,101004257,96,887.04
2025-07,1205009,101004261,72,1866.24
2025-07,1205021,101004174,2880,18849.6
2025-07,1205026,101002715,5400,39420.0
2025-07,1205026,101002717,1440,10512.0
2025-07,1205026,101003241,9360,46051.200000000004
2025-07,1205026,101070155,288,1434.24
2025-07,1205026,101070161,288,1434.24
2025-07,1205033,101002402,10,114.8
2025-07,1205033,101003347,10,141.1
2025-07,1205033,101004141,10,155.5
2025-07,1205033,101004229,30,725.7
2025-07,1205033,101004230,40,967.6
2025-07,1205033,101004257,30,278.1
2025-07,1205033,101070153,15,172.2
2025-07,1205033,101070154,30,344.4
2025-07,1205033,101070156,30,344.4
2025-07,1205033,101070162,15,172.2
2025-07,1205033,101070165,30,344.4
2025-07,1205034,101002715,320,2624.0
2025-07,1205034,101002716,144,1287.36
2025-07,1205034,101003241,330,1712.7
2025-07,1205034,101003347,192,2520.96
2025-07,1205034,101003359,165,856.35
2025-07,1205034,101004224,384,5041.92
2025-07,1205034,101004233,288,2730.24
2025-07,1205034,101004257,288,2332.8
2025-07,1205034,101005690,192,1820.16
2025-07,1205034,101070156,189,1876.77
2025-07,1205034,101070158,63,625.59
2025-07,1205034,101070162,126,1251.18
2025-07,1205034,101070168,252,2502.36
2025-07,1205044,101002188,144,1527.84
2025-07,1205044,101002715,360,2905.2
2025-07,1205044,101004224,432,5551.2
2025-07,1205044,101070154,144,1527.84
2025-07,1205044,101070156,1008,10694.88
2025-07,1205044,101070162,720,7639.2
2025-07,1205044,101070165,864,9167.04
2025-07,1205044,101070168,1008,10694.88
2025-07,1205046,101002717,360,3139.2
2025-07,1205046,101002859,360,2037.6
2025-07,1205046,101003346,216,3002.4
2025-07,1205046,101003347,432,6004.8
2025-07,1205046,101004230,162,3986.82
2025-07,1205046,101004233,384,3974.4
2025-07,1205046,101004257,576,5166.72
2025-07,1205046,101004261,162,3986.82
2025-07,1205046,101005690,192,1987.2
2025-07,1205046,101070168,576,6387.84
2025-07,1205047,101070156,252,2740.95
2025-07,1205047,101070162,252,2740.95
2025-07,1205047,101070165,252,2740.95
2025-07,1205047,101070168,756,8222.87
2025-07,1205054,101002715,0,-51368.4
2025-07,1205054,101004224,0,-24675.84
2025-07,1205054,101004261,0,-3999.7799999999997
2025-07,1205057,101002402,63,625.59
2025-07,1205057,101070153,126,1251.18
2025-07,1205057,101070156,189,1876.77
2025-07,1205057,101070162,63,625.59
2025-07,1205057,101070165,189,1876.77
2025-07,1205059,101002188,126,1310.4
2025-07,1205059,101002402,126,1310.4
2025-07,1205059,101002715,320,2540.8
2025-07,1205059,101070154,126,1310.4
2025-07,1205059,101070168,126,1310.4
2025-07,1205062,101004224,50,656.5
2025-07,C5800,101002161,144,1264.15
2025-07,C5800,101002613,1200,10191.84
2025-07,C5800,101003028,8640,39657.6
2025-07,C5800,101003242,41400,190026.0
2025-07,C5800,101004148,58560,490592.27
2025-07,C5800,101004189,50760,589201.8
2025-07,C5800,101004226,2268,47269.66
2025-07,C5800,101004246,7128,82738.96
2025-07,C5800,101004262,6048,70202.76999999999
2025-07,C5800,101070173,5760,50565.899999999994
2025-07,C5800,101070175,864,7584.88
2025-07,C5800,101070176,8928,78377.12999999999
2025-07,C5800,101070179,8288,72758.7
2025-07,NCASH510,101001911,2,24.6
2025-07,NCASH510,101002188,2,15.8
2025-07,NCASH510,101002402,1,7.9
2025-07,NCASH510,101002612,5,38.0
2025-07,NCASH510,101002859,7,28.7
2025-07,NCASH510,101003241,33,150.3
2025-07,NCASH510,101003347,3,31.5
2025-07,NCASH510,101003360,250,1175.0
2025-07,NCASH510,101004098,10,86.0
2025-07,NCASH510,101004141,3,34.2
2025-07,NCASH510,101004224,5,52.5
2025-07,NCASH510,101004230,1,18.8
2025-07,NCASH510,101004233,1,7.5
2025-07,NCASH510,101004261,2,37.6
2025-07,NCASH510,101070040,3,19.2
2025-07,NCASH510,101070153,1,7.9
2025-07,NCASH510,101070154,4,31.6
2025-07,NCASH510,101070156,12,94.8
2025-07,NCASH510,101070158,3,23.7
2025-07,NCASH510,101070161,25,112.5
2025-07,NCASH510,101070162,159,1421.1
2025-07,NCASH510,101070164,50,225.0
2025-07,NCASH510,101070168,2,15.8
2025-08,1200002,101004141,0,-177.27
2025-08,1200002,101004224,0,-213.64
2025-08,1200002,101070162,0,-109.09
2025-08,1200007,101002612,300,3294.0
2025-08,1200007,101003241,540,3207.6
2025-08,1200007,101004183,180,1069.2
2025-08,1200007,101004224,432,6497.28
2025-08,1200007,101004257,192,1797.12
2025-08,1200007,101004261,243,6337.44
2025-08,1200007,101005690,96,1048.32
2025-08,1200007,101070040,238,2213.4
2025-08,1200007,101070153,72,820.8
2025-08,1200007,101070154,72,820.8
2025-08,1200007,101070156,72,820.8
2025-08,1200007,101070162,72,820.8
2025-08,1200007,101070165,72,820.8
2025-08,1200007,101070168,288,3283.2
2025-08,1200008,101003241,360,2116.8
2025-08,1200008,101004141,162,2643.84
2025-08,1200008,101004224,216,3214.08
2025-08,1200008,101004261,162,4199.04
2025-08,1200008,101070153,144,1624.32
2025-08,1200008,101070158,144,1624.32
2025-08,1200008,101070162,2160,17867.52
2025-08,1200008,101070165,864,9745.92
2025-08,1200008,101070168,432,4872.96
2025-08,1200010,101002612,215,2328.45
2025-08,1200010,101002716,162,1594.08
2025-08,1200010,101003241,165,986.7
2025-08,1200010,101003359,165,986.7
2025-08,1200010,101004183,75,448.5
2025-08,1200010,101004233,192,2100.48
2025-08,1200010,101004261,180,4451.4
2025-08,1200010,101005690,192,2054.4
2025-08,1200010,101070017,144,1575.36
2025-08,1200010,101070162,126,1477.98
2025-08,1200010,101070165,63,738.99
2025-08,1200010,101070168,189,2216.97
2025-08,1200015,101002402,288,2707.2
2025-08,1200015,101002612,1170,13050.0
2025-08,1200015,101002859,1740,10339.2
2025-08,1200015,101003241,2040,12211.2
2025-08,1200015,101003346,216,3214.08
2025-08,1200015,101003347,216,3214.08
2025-08,1200015,101004141,504,8369.28
2025-08,1200015,101004174,720,4233.6
2025-08,1200015,101004230,162,4199.04
2025-08,1200015,101004233,192,2073.6
2025-08,1200015,101004245,216,3214.08
2025-08,1200015,101005690,192,2073.6
2025-08,1200015,101070153,288,2707.2
2025-08,1200015,101070156,288,2707.2
2025-08,1200015,101070158,288,2707.2
2025-08,1200015,101070162,2016,19641.6
2025-08,1200015,101070165,288,2707.2
2025-08,1200015,101070168,1296,12182.4
2025-08,1200016,101002381,100,1570.0
2025-08,1200016,101002717,100,970.0
2025-08,1200016,101002859,200,1248.0
2025-08,1200016,101003241,360,2246.4
2025-08,1200016,101003346,100,1552.0
2025-08,1200016,101004174,200,1248.0
2025-08,1200016,101004229,50,1336.0
2025-08,1200016,101004230,100,2672.0
2025-08,1200016,101004233,100,1152.0
2025-08,1200016,101004257,160,1593.6
2025-08,1200016,101070017,200,2304.0
2025-08,1200016,101070165,300,3060.0
2025-08,1200017,101002612,300,3330.0
2025-08,1200017,101002859,1080,6544.8
2025-08,1200017,101003241,1440,8726.4
2025-08,1200017,101003359,360,2181.6
2025-08,1200017,101003360,360,2181.6
2025-08,1200017,101004141,972,16174.08
2025-08,1200017,101004174,360,2181.6
2025-08,1200017,101004229,162,4250.88
2025-08,1200017,101070162,288,3352.32
2025-08,1200017,101070165,432,5028.48
2025-08,1200018,101002381,300,3720.0
2025-08,1200018,101002612,600,6588.0
2025-08,1200018,101002716,0,-437.4
2025-08,1200018,101002859,1080,6415.200000000001
2025-08,1200018,101003241,1080,6415.200000000001
2025-08,1200018,101003346,432,6497.28
2025-08,1200018,101003347,0,-2138.4
2025-08,1200018,101003359,720,4276.8
2025-08,1200018,101003360,720,4276.8
2025-08,1200018,101004141,972,16018.56
2025-08,1200018,101004174,360,2138.4
2025-08,1200018,101004229,162,4224.96
2025-08,1200018,101004230,162,4224.96
2025-08,1200018,101004233,576,6289.92
2025-08,1200018,101004245,216,3248.64
2025-08,1200018,101004257,576,5391.36
2025-08,1200018,101005690,0,-2575.0
2025-08,1200018,101070153,144,-683.4000000000001
2025-08,1200018,101070158,144,1641.6
2025-08,1200018,101070162,2592,24624.0
2025-08,1200018,101070165,144,1641.6
2025-08,1200018,101070168,1728,16416.0
2025-08,1200019,101002188,144,1762.56
2025-08,1200019,101002402,144,1762.56
2025-08,1200019,101003241,360,2246.4
2025-08,1200019,101003346,216,3352.32
2025-08,1200019,101003347,432,6704.64
2025-08,1200019,101004141,324,5546.88
2025-08,1200019,101004224,1728,21464.16
2025-08,1200019,101004261,810,17314.56
2025-08,1200019,101070153,144,1762.56
2025-08,1200019,101070154,144,1762.56
2025-08,1200019,101070162,2736,27907.199999999997
2025-08,1200019,101070165,1296,13219.199999999999
2025-08,1200019,101070168,1296,12044.16
2025-08,1200020,101002188,288,2908.8
2025-08,1200020,101002402,144,1425.6
2025-08,1200020,101002715,360,2988.0
2025-08,1200020,101004257,192,1566.72
2025-08,1200020,101070040,238,1927.8
2025-08,1200020,101070153,144,1454.4
2025-08,1200020,101070154,288,2908.8
2025-08,1200020,101070156,432,4363.2
2025-08,1200020,101070158,576,5817.6
2025-08,1200020,101070162,1008,10180.8
2025-08,1200020,101070165,432,4363.2
2025-08,1200020,101070168,576,5817.6
2025-08,1200023,101002402,144,0.0
2025-08,1200023,101002612,300,3294.0
2025-08,1200023,101002859,360,2138.4
2025-08,1200023,101003241,360,2138.4
2025-08,1200023,101003359,360,2138.4
2025-08,1200023,101004141,486,8009.28
2025-08,1200023,101004245,216,3248.64
2025-08,1200023,101004261,162,4224.96
2025-08,1200023,101070017,192,2096.64
2025-08,1200023,101070153,432,4924.8
2025-08,1200023,101070156,288,3283.2
2025-08,1200023,101070158,144,1641.6
2025-08,1200023,101070165,288,3283.2
2025-08,1200027,101002188,324,3090.96
2025-08,1200027,101002402,432,4121.28
2025-08,1200027,101002715,240,1872.0
2025-08,1200027,101003241,300,1518.0
2025-08,1200027,101004233,160,1456.0
2025-08,1200027,101004257,160,1254.4
2025-08,1200027,101070153,648,6181.92
2025-08,1200027,101070154,756,7212.24
2025-08,1200027,101070156,972,9272.88
2025-08,1200027,101070158,540,5151.599999999999
2025-08,1200027,101070162,1188,11333.52
2025-08,1200027,101070165,648,6181.919999999999
2025-08,1200027,101070168,540,5151.6
2025-08,1200029,101002188,144,1624.32
2025-08,1200029,101002402,216,2436.48
2025-08,1200029,101003241,360,2101.23
2025-08,1200029,101003346,108,1607.04
2025-08,1200029,101003360,180,1058.4
2025-08,1200029,101004141,81,1321.92
2025-08,1200029,101070153,144,1624.32
2025-08,1200029,101070156,72,812.16
2025-08,1200029,101070165,144,0.0
2025-08,1200029,101070168,144,1624.32
2025-08,1200031,101002715,1080,8467.2
2025-08,1200031,101002716,324,3499.2
2025-08,1200031,101002717,360,3528.0
2025-08,1200031,101002859,360,2289.6
2025-08,1200031,101003241,1080,6868.8
2025-08,1200031,101003346,216,3386.88
2025-08,1200031,101003347,216,3386.88
2025-08,1200031,101003360,360,2289.6
2025-08,1200031,101004141,324,5650.56
2025-08,1200031,101004174,360,2289.6
2025-08,1200031,101004229,162,3515.2
2025-08,1200031,101004230,162,3515.2
2025-08,1200031,101004233,192,2257.92
2025-08,1200031,101005690,192,2257.92
2025-08,1200032,101002188,0,-246.24
2025-08,1200032,101002402,0,-410.4
2025-08,1200032,101002612,0,-312.0
2025-08,1200032,101002859,0,-208.8
2025-08,1200032,101003241,0,-417.6
2025-08,1200032,101003346,0,-151.2
2025-08,1200032,101003347,0,-302.4
2025-08,1200032,101003359,0,-156.6
2025-08,1200032,101003360,0,-156.6
2025-08,1200032,101004141,0,-379.08
2025-08,1200032,101004174,0,-208.8
2025-08,1200032,101004183,0,-104.4
2025-08,1200032,101004224,0,-3024.0
2025-08,1200032,101004233,0,-915.84
2025-08,1200032,101004257,0,-1854.72
2025-08,1200032,101005690,0,-915.84
2025-08,1200032,101070017,0,-457.92
2025-08,1200032,101070153,0,-164.16
2025-08,1200032,101070154,0,-574.56
2025-08,1200032,101070156,0,-902.88
2025-08,1200032,101070158,0,-410.4
2025-08,1200032,101070162,0,-656.64
2025-08,1200032,101070165,0,-410.4
2025-08,1200032,101070168,0,-902.88
2025-08,1200035,101002188,432,5443.200000000001
2025-08,1200035,101002381,450,7470.0
2025-08,1200035,101002402,576,7257.6
2025-08,1200035,101002612,1200,13896.0
2025-08,1200035,101002715,0,0.0
2025-08,1200035,101002716,324,3499.2
2025-08,1200035,101002717,720,7056.0
2025-08,1200035,101002859,1080,6868.799999999999
2025-08,1200035,101003015,288,3880.8
2025-08,1200035,101003241,3240,20606.4
2025-08,1200035,101003346,648,10160.64
2025-08,1200035,101003347,648,10160.64
2025-08,1200035,101003359,1080,6868.799999999999
2025-08,1200035,101003360,1440,9158.4
2025-08,1200035,101004141,2106,36728.64
2025-08,1200035,101004174,720,4579.2
2025-08,1200035,101004183,360,2289.6
2025-08,1200035,101004224,1512,20321.28
2025-08,1200035,101004229,162,3515.2
2025-08,1200035,101004230,486,10545.599999999999
2025-08,1200035,101004233,1152,13547.52
2025-08,1200035,101004245,864,13547.52
2025-08,1200035,101004257,768,7833.6
2025-08,1200035,101004261,1134,28932.8
2025-08,1200035,101070153,576,7257.6
2025-08,1200035,101070154,576,6652.8
2025-08,1200035,101070156,1296,16329.6
2025-08,1200035,101070158,432,5443.200000000001
2025-08,1200035,101070162,2160,23587.2
2025-08,1200035,101070165,1872,15422.400000000001
2025-08,1200035,101070168,2016,25401.6
2025-08,1200047,101002188,288,2908.8
2025-08,1200047,101002402,288,2851.2
2025-08,1200047,101004224,96,1251.84
2025-08,1200047,101004257,192,1566.72
2025-08,1200047,101070153,432,4363.200000000001
2025-08,1200047,101070154,576,5817.6
2025-08,1200047,101070156,576,5817.6
2025-08,1200047,101070158,432,4363.200000000001
2025-08,1200047,101070162,1152,11635.2
2025-08,1200047,101070165,144,1454.4
2025-08,1200047,101070168,432,4363.200000000001
2025-08,1200048,101002402,720,9676.8
2025-08,1200048,101003346,432,6204.21
2025-08,1200048,101003360,360,2128.9
2025-08,1200048,101070153,1584,12850.79
2025-08,1200048,101070156,576,7276.95
2025-08,1200048,101070158,720,9212.31
2025-08,1200048,101070162,1440,19353.6
2025-08,1200048,101070165,3888,41726.37
2025-08,1200048,101070168,1008,13083.029999999999
2025-08,1200055,101002381,150,2490.0
2025-08,1200055,101002402,144,1512.0
2025-08,1200055,101002859,360,2289.6
2025-08,1200055,101003241,360,2289.6
2025-08,1200055,101003346,432,6773.76
2025-08,1200055,101003347,432,6773.76
2025-08,1200055,101003359,360,2289.6
2025-08,1200055,101003360,360,2289.6
2025-08,1200055,101004141,486,8475.84
2025-08,1200055,101004224,2808,35232.96
2025-08,1200055,101004230,162,3515.2
2025-08,1200055,101004233,192,2257.92
2025-08,1200055,101004261,972,21037.12
2025-08,1200055,101070156,432,4536.0
2025-08,1200055,101070158,288,3024.0
2025-08,1200055,101070162,720,7560.0
2025-08,1200055,101070165,432,4536.0
2025-08,1200055,101070168,432,4536.0
2025-08,1200056,101002188,1008,11995.2
2025-08,1200056,101002402,378,4498.200000000001
2025-08,1200056,101002715,4640,42456.0
2025-08,1200056,101002859,165,1049.4
2025-08,1200056,101003241,1155,7345.8
2025-08,1200056,101003359,165,1049.4
2025-08,1200056,101004174,165,1049.4
2025-08,1200056,101004233,384,4131.84
2025-08,1200056,101004257,576,5299.2
2025-08,1200056,101070153,630,7497.0
2025-08,1200056,101070154,1323,15743.7
2025-08,1200056,101070156,1071,12744.9
2025-08,1200056,101070158,882,10495.8
2025-08,1200056,101070162,1134,13494.6
2025-08,1200056,101070165,1323,15743.7
2025-08,1200056,101070168,6426,76469.4
2025-08,1200064,101002715,0,-108.17
2025-08,1200064,101003241,0,-2.79
2025-08,1200064,101070153,0,-211.16
2025-08,1200064,101070154,0,-211.18
2025-08,1200064,101070156,0,-105.58
2025-08,1200064,101070158,0,-105.58
2025-08,1200064,101070162,0,-105.58
2025-08,1200064,101070165,0,-105.58
2025-08,1200064,101070168,0,-105.58
2025-08,1200067,101002381,150,2422.5
2025-08,1200067,101002859,360,2289.6
2025-08,1200067,101003346,216,3386.88
2025-08,1200067,101003347,216,3386.88
2025-08,1200067,101003359,360,2289.6
2025-08,1200067,101003360,360,2289.6
2025-08,1200067,101004141,324,5598.72
2025-08,1200067,101004183,180,1144.8
2025-08,1200067,101004229,81,2177.28
2025-08,1200067,101004230,162,4354.56
2025-08,1200067,101004245,216,3386.88
2025-08,1200067,101004257,192,1935.36
2025-08,1200067,101004261,405,8709.12
2025-08,1200067,101005690,192,2234.88
2025-08,1200067,101070156,72,898.56
2025-08,1200067,101070158,72,898.56
2025-08,1200067,101070162,288,1797.12
2025-08,1200067,101070168,432,5391.36
2025-08,1200077,101001911,150,2236.9
2025-08,1200077,101002622,0,-132.11
2025-08,1200077,101003648,19536,238018.34
2025-08,1200077,101004125,7830,100836.24
2025-08,1200077,101004196,14208,124478.12000000001
2025-08,1200077,101004225,0,-2.1
2025-08,1200077,101070156,1953,20309.77
2025-08,1200077,101070163,57330,763433.27
2025-08,1200077,101070166,4545,60248.71
2025-08,1200095,101002381,450,6464.47
2025-08,1200095,101002612,3750,37760.27
2025-08,1200095,101002715,0,-28.6
2025-08,1200095,101002859,2805,15770.33
2025-08,1200095,101003241,6600,36787.18
2025-08,1200095,101003346,1344,17013.99
2025-08,1200095,101003347,576,7264.31
2025-08,1200095,101004174,2310,12955.34
2025-08,1200095,101004224,7296,92741.56999999999
2025-08,1200095,101004229,288,6875.3
2025-08,1200095,101004230,1944,47030.090000000004
2025-08,1200095,101004233,2976,30126.52
2025-08,1200095,101004245,288,3606.08
2025-08,1200095,101004257,3456,29967.62
2025-08,1200095,101004261,5184,120946.4
2025-08,1200095,101005690,1728,17450.06
2025-08,1200095,101070156,1953,16706.64
2025-08,1200095,101070162,1890,16330.41
2025-08,1200095,101070168,4977,44683.71
2025-08,1200100,101001911,18000,250023.59
2025-08,1200100,101003648,27104,307056.2
2025-08,1200100,101004098,146112,1389558.76
2025-08,1200100,101070163,8910,131009.37
2025-08,1200100,101070166,11475,167803.30000000002
2025-08,1200108,101003648,0,-1153.94
2025-08,1200108,101004098,0,-1093.69
2025-08,1200113,101002381,1650,19333.329999999998
2025-08,1200113,101002612,3000,26446.23
2025-08,1200113,101002715,2080,14621.59
2025-08,1200113,101002717,480,1551.4199999999998
2025-08,1200113,101003241,990,3876.2200000000003
2025-08,1200113,101003347,1056,12325.39
2025-08,1200113,101004224,3264,37717.35
2025-08,1200113,101004233,5568,43860.090000000004
2025-08,1200113,101004257,1728,14097.76
2025-08,1200113,101004261,5328,113717.76999999999
2025-08,1200113,101070156,1260,9437.34
2025-08,1200113,101070158,189,826.0600000000002
2025-08,1200113,101070162,2142,11544.730000000001
2025-08,1200113,101070165,1134,8448.64
2025-08,1200113,101070168,819,6160.38
2025-08,1200117,101002188,288,2995.2
2025-08,1200117,101002402,144,1497.6
2025-08,1200117,101002715,720,5644.8
2025-08,1200117,101004257,576,5806.08
2025-08,1200117,101070154,288,2995.2
2025-08,1200117,101070156,576,5990.4
2025-08,1200117,101070158,576,5990.4
2025-08,1200117,101070162,720,7488.0
2025-08,1200117,101070165,144,1497.6
2025-08,1200117,101070168,864,8985.6
2025-08,1200119,101002612,900,9990.0
2025-08,1200119,101003241,1080,6544.8
2025-08,1200119,101003347,432,6566.4
2025-08,1200119,101004224,432,6566.4
2025-08,1200119,101004261,324,8501.76
2025-08,1200119,101070017,192,2131.2
2025-08,1200119,101070154,432,5028.48
2025-08,1200119,101070156,144,1676.16
2025-08,1200119,101070158,144,1676.16
2025-08,1200119,101070162,432,5028.48
2025-08,1200119,101070165,288,0.0
2025-08,1200119,101070168,720,8380.8
2025-08,1200140,101002381,150,2392.5
2025-08,1200140,101002612,900,10260.0
2025-08,1200140,101002859,720,4492.8
2025-08,1200140,101003241,720,4492.8
2025-08,1200140,101003347,648,10056.96
2025-08,1200140,101004141,486,8320.32
2025-08,1200140,101070040,238,2327.64
2025-08,1200140,101070156,288,3525.12
2025-08,1200148,101002612,300,3084.0
2025-08,1200148,101003241,1080,6210.0
2025-08,1200148,101003346,216,3036.96
2025-08,1200148,101003360,540,3105.0
2025-08,1200148,101004141,1620,25174.8
2025-08,1200148,101004174,180,1035.0
2025-08,1200148,101004261,162,1610.2800000000002
2025-08,1200148,101070040,0,-214.2
2025-08,1200148,101070162,576,6520.32
2025-08,1200148,101070165,144,1630.08
2025-08,1200148,101070168,864,9780.48
2025-08,1200153,101002381,675,9659.9
2025-08,1200153,101002612,2100,21397.7
2025-08,1200153,101002715,0,-1106.47
2025-08,1200153,101002717,0,-23.54
2025-08,1200153,101003015,0,-994.27
2025-08,1200153,101003241,1320,7258.83
2025-08,1200153,101003347,0,-68.0
2025-08,1200153,101004224,0,-1790.86
2025-08,1200153,101004229,360,8078.4
2025-08,1200153,101004230,360,7892.5199999999995
2025-08,1200153,101004233,1536,15949.13
2025-08,1200153,101004257,0,-275.13
2025-08,1200153,101004261,0,-2225.75
2025-08,1200153,101005690,1440,15168.43
2025-08,1200153,101070017,480,5014.45
2025-08,1200153,101070153,252,2552.05
2025-08,1200153,101070156,63,411.36
2025-08,1200153,101070158,0,-63.21
2025-08,1200153,101070162,126,969.1100000000001
2025-08,1200153,101070165,378,3707.92
2025-08,1200153,101070168,504,5261.76
2025-08,1200160,101002612,2100,22155.0
2025-08,1200160,101002859,1650,9441.3
2025-08,1200160,101003347,768,10905.6
2025-08,1200160,101004174,2475,14087.7
2025-08,1200160,101004224,2112,30389.76
2025-08,1200160,101004261,2160,52945.92
2025-08,1200160,101070156,252,2580.48
2025-08,1200160,101070162,567,5919.48
2025-08,1200160,101070168,504,5160.96
2025-08,1200173,101002612,150,1647.0
2025-08,1200173,101003347,96,1443.84
2025-08,1200173,101004224,288,4331.52
2025-08,1200173,101004230,72,1877.76
2025-08,1200173,101004233,192,2096.64
2025-08,1200173,101004261,144,3755.52
2025-08,1200173,101005690,192,2096.64
2025-08,1200173,101070156,189,2154.6
2025-08,1200173,101070158,189,2154.6
2025-08,1200173,101070162,315,3591.0
2025-08,1200173,101070165,126,1436.4
2025-08,1200173,101070168,189,2154.6
2025-08,1200176,101002402,108,1218.24
2025-08,1200176,101070153,108,1218.24
2025-08,1200176,101070154,216,2436.48
2025-08,1200176,101070156,216,2436.48
2025-08,1200176,101070158,216,2436.48
2025-08,1200176,101070162,108,1218.24
2025-08,1200176,101070165,108,1218.24
2025-08,1200180,101002188,288,3369.6
2025-08,1200180,101002402,288,3369.6
2025-08,1200180,101002715,360,3294.0
2025-08,1200180,101070153,288,3369.6
2025-08,1200180,101070154,288,3369.6
2025-08,1200180,101070156,576,6739.2
2025-08,1200180,101070158,576,6739.2
2025-08,1200180,101070162,576,6739.2
2025-08,1200180,101070165,432,5054.4
2025-08,1200180,101070168,864,10108.8
2025-08,1200187,101002381,300,4710.0
2025-08,1200187,101002402,288,2966.4
2025-08,1200187,101003241,1080,6804.0
2025-08,1200187,101003346,216,3352.32
2025-08,1200187,101003347,432,6704.64
2025-08,1200187,101004224,864,10739.84
2025-08,1200187,101004261,162,3494.4
2025-08,1200187,101070153,144,1483.2
2025-08,1200187,101070156,288,2966.4
2025-08,1200187,101070162,432,4449.6
2025-08,1200187,101070165,432,4449.6
2025-08,1200187,101070168,864,8899.2
2025-08,1200188,101002381,750,10837.5
2025-08,1200188,101002612,1200,13176.0
2025-08,1200188,101003241,2145,12741.3
2025-08,1200188,101004224,1728,25989.120000000003
2025-08,1200188,101004261,720,18777.6
2025-08,1200188,101005690,192,2096.64
2025-08,1200188,101070156,1575,17955.0
2025-08,1200188,101070158,1764,20109.6
2025-08,1200188,101070162,4032,45964.8
2025-08,1200188,101070165,126,1436.4
2025-08,1200197,101002381,450,5554.29
2025-08,1200197,101002612,6150,58838.73
2025-08,1200197,101002715,31360,232753.75
2025-08,1200197,101002717,1280,9371.81
2025-08,1200197,101003015,5760,74762.08
2025-08,1200197,101003241,10395,53474.89
2025-08,1200197,101003347,768,8754.390000000001
2025-08,1200197,101003360,330,1699.1
2025-08,1200197,101004174,330,1716.6899999999998
2025-08,1200197,101004224,22656,264432.94
2025-08,1200197,101004229,144,2970.62
2025-08,1200197,101004230,576,11762.05
2025-08,1200197,101004233,5472,51010.52
2025-08,1200197,101004257,5856,46681.26
2025-08,1200197,101004261,5328,109059.26
2025-08,1200197,101070017,384,3468.46
2025-08,1200197,101070153,945,8375.6
2025-08,1200197,101070154,504,4337.86
2025-08,1200197,101070156,6741,59270.11
2025-08,1200197,101070158,1071,9406.87
2025-08,1200197,101070162,12096,108649.6
2025-08,1200197,101070165,8505,75054.37
2025-08,1200197,101070168,3402,30292.94
2025-08,1200200,101002379,6884,135477.12
2025-08,1200200,101002612,11774,135754.22
2025-08,1200200,101002717,1080,10627.2
2025-08,1200200,101002859,6480,40370.4
2025-08,1200200,101003241,7740,48220.200000000004
2025-08,1200200,101003346,888,13994.880000000001
2025-08,1200200,101003359,3009,18746.07
2025-08,1200200,101004141,901,16605.43
2025-08,1200200,101004174,900,5607.0
2025-08,1200200,101004183,2589,16129.47
2025-08,1200200,101004224,1279,20157.04
2025-08,1200200,101004229,225,6367.5
2025-08,1200200,101004230,365,10329.5
2025-08,1200200,101004233,11397,129697.86
2025-08,1200200,101004245,31,488.56
2025-08,1200200,101004261,1650,46695.0
2025-08,1200200,101005690,2258,25696.04
2025-08,1200200,101070040,505,5600.45
2025-08,1200200,101070154,441,5256.72
2025-08,1200200,101070155,1694,10079.3
2025-08,1200200,101070156,945,11264.400000000001
2025-08,1200200,101070161,3176,18897.2
2025-08,1200200,101070162,4259,50767.28
2025-08,1200200,101070164,2089,12429.55
2025-08,1200200,101070165,2520,30038.4
2025-08,1200200,101070168,252,3003.84
2025-08,1200209,101002612,150,1800.0
2025-08,1200209,101002715,320,3232.0
2025-08,1200209,101003241,330,2217.6
2025-08,1200209,101070153,315,4195.8
2025-08,1200209,101070156,378,5034.96
2025-08,1200209,101070158,189,2517.48
2025-08,1200209,101070162,252,3356.64
2025-08,1200209,101070168,441,5874.12
2025-08,1200236,101002381,300,3927.0
2025-08,1200236,101002612,1200,11616.0
2025-08,1200236,101002715,1080,8931.599999999999
2025-08,1200236,101002859,2520,14472.0
2025-08,1200236,101003241,2160,11836.8
2025-08,1200236,101003346,216,2857.68
2025-08,1200236,101003347,864,11430.72
2025-08,1200236,101003359,1080,5670.0
2025-08,1200236,101003360,1080,5918.4
2025-08,1200236,101004141,2268,32727.239999999998
2025-08,1200236,101004174,720,3780.0
2025-08,1200236,101004183,360,1890.0
2025-08,1200236,101004224,5832,77157.36
2025-08,1200236,101004233,384,3937.92
2025-08,1200236,101004245,216,2857.68
2025-08,1200236,101004257,576,4728.96
2025-08,1200236,101004261,2430,57615.3
2025-08,1200236,101005690,384,3682.56
2025-08,1200236,101070017,192,2096.64
2025-08,1200236,101070040,714,5847.66
2025-08,1200236,101070156,576,5800.32
2025-08,1200236,101070158,576,5991.84
2025-08,1200236,101070161,1152,5806.08
2025-08,1200236,101070162,3600,36252.0
2025-08,1200236,101070164,288,1451.52
2025-08,1200236,101070165,1440,14883.84
2025-08,1200236,101070167,1728,8709.119999999999
2025-08,1200236,101070168,2880,29193.12
2025-08,1200255,101002188,0,-38.15
2025-08,1200255,101002402,0,-38.15
2025-08,1200255,101002715,0,-39.31
2025-08,1200255,101002717,0,-39.31
2025-08,1200255,101003241,0,-24.86
2025-08,1200255,101004141,0,-31.05
2025-08,1200255,101004224,0,-75.48
2025-08,1200255,101004261,0,-49.31
2025-08,1200255,101070153,0,-19.07
2025-08,1200255,101070154,0,-76.29
2025-08,1200255,101070156,0,-190.74
2025-08,1200255,101070158,0,-76.29
2025-08,1200255,101070162,0,-152.59
2025-08,1200255,101070165,0,-190.74
2025-08,1200255,101070168,0,-228.88
2025-08,1200256,101002715,1600,13681.26
2025-08,1200256,101002717,640,5684.71
2025-08,1200256,101002859,0,-9120.4
2025-08,1200256,101003241,1155,-7478.9
2025-08,1200256,101004224,1152,15031.449999999999
2025-08,1200256,101004261,792,18976.32
2025-08,1200256,101070161,405,2308.5
2025-08,1200265,101002188,432,4929.12
2025-08,1200265,101002715,1800,15804.0
2025-08,1200265,101002717,360,3160.8
2025-08,1200265,101003241,1440,8208.0
2025-08,1200265,101004261,162,4033.8
2025-08,1200265,101070154,864,9858.24
2025-08,1200265,101070156,2160,24554.88
2025-08,1200265,101070158,1440,16339.68
2025-08,1200265,101070162,2592,29453.760000000002
2025-08,1200265,101070165,1872,21238.559999999998
2025-08,1200265,101070168,1152,13144.32
2025-08,1200273,101002715,0,-594.29
2025-08,1200273,101003241,1500,8910.0
2025-08,1200273,101004224,600,5317.49
2025-08,1200273,101004261,540,11736.0
2025-08,1200273,101070162,1944,20930.4
2025-08,1200273,101070165,648,1231.2
2025-08,1200273,101070168,1944,20930.4
2025-08,1200288,101002612,1800,17496.0
2025-08,1200288,101004233,96,921.6
2025-08,1200288,101004257,96,771.84
2025-08,1200288,101005690,96,921.6
2025-08,1200288,101070040,119,956.76
2025-08,1200288,101070153,1296,12934.08
2025-08,1200288,101070156,720,7185.6
2025-08,1200288,101070158,576,5748.48
2025-08,1200288,101070162,3456,34490.880000000005
2025-08,1200288,101070165,864,8622.720000000001
2025-08,1200288,101070168,576,5748.48
2025-08,1200363,101002381,6150,79817.01
2025-08,1200363,101002402,144,1478.13
2025-08,1200363,101002612,2100,20542.899999999998
2025-08,1200363,101002859,5400,28684.17
2025-08,1200363,101003241,1080,5778.86
2025-08,1200363,101003346,216,2605.73
2025-08,1200363,101003347,216,2605.73
2025-08,1200363,101003359,180,963.14
2025-08,1200363,101003360,180,858.0699999999999
2025-08,1200363,101004141,162,2143.42
2025-08,1200363,101004174,0,-105.07
2025-08,1200363,101004183,180,963.14
2025-08,1200363,101004224,8208,109228.45000000001
2025-08,1200363,101004229,81,1702.1299999999999
2025-08,1200363,101004230,2916,67529.70999999999
2025-08,1200363,101004233,2112,19933.309999999998
2025-08,1200363,101004245,54,651.4300000000001
2025-08,1200363,101004261,6237,145862.83000000002
2025-08,1200363,101070153,3888,39828.920000000006
2025-08,1200363,101070154,144,1397.5
2025-08,1200363,101070156,288,2956.26
2025-08,1200363,101070158,72,739.07
2025-08,1200363,101070162,288,2795.01
2025-08,1200363,101070165,144,1478.13
2025-08,1200363,101070168,3888,39425.79
2025-08,1200419,101002188,315,3389.4
2025-08,1200419,101002402,315,3389.4
2025-08,1200419,101002612,450,4423.5
2025-08,1200419,101002715,640,5196.8
2025-08,1200419,101002859,495,2618.55
2025-08,1200419,101003241,660,3491.4
2025-08,1200419,101003346,288,3706.56
2025-08,1200419,101003359,165,872.85
2025-08,1200419,101004141,216,3103.92
2025-08,1200419,101004174,495,2618.55
2025-08,1200419,101004230,288,6811.2
2025-08,1200419,101004233,480,4608.0
2025-08,1200419,101004261,576,13622.4
2025-08,1200419,101070017,480,4608.0
2025-08,1200419,101070153,504,5423.04
2025-08,1200419,101070154,819,8812.44
2025-08,1200419,101070156,1134,12201.84
2025-08,1200419,101070162,945,10168.2
2025-08,1200419,101070165,630,6778.8
2025-08,1200441,101002188,0,-27.03
2025-08,1200441,101002381,150,2145.0
2025-08,1200441,101002402,126,1421.28
2025-08,1200441,101002612,210,2293.2
2025-08,1200441,101002715,360,3348.0
2025-08,1200441,101003241,180,1058.4
2025-08,1200441,101003347,72,838.85
2025-08,1200441,101004224,504,6801.98
2025-08,1200441,101004261,324,8398.08
2025-08,1200441,101070153,144,1597.29
2025-08,1200441,101070154,144,1597.29
2025-08,1200441,101070156,144,1624.32
2025-08,1200441,101070162,144,1570.26
2025-08,1200441,101070165,144,1570.26
2025-08,1200441,101070168,288,3194.58
2025-08,1200460,101002402,432,1676.16
2025-08,1200460,101002715,4320,34200.0
2025-08,1200460,101004224,4320,49248.0
2025-08,1200460,101004261,6156,131777.28000000003
2025-08,1200460,101070156,720,8380.8
2025-08,1200460,101070158,576,1676.16
2025-08,1200460,101070162,720,8380.8
2025-08,1200460,101070165,720,8380.8
2025-08,1200460,101070168,2016,21790.079999999998
2025-08,1200473,101002188,315,3969.0
2025-08,1200473,101002402,315,3969.0
2025-08,1200473,101002715,-320,-2540.8
2025-08,1200473,101070153,252,3175.2
2025-08,1200473,101070154,378,4762.8
2025-08,1200473,101070156,630,7938.0
2025-08,1200473,101070158,252,3175.2
2025-08,1200473,101070162,252,3175.2
2025-08,1200473,101070165,630,7938.0
2025-08,1200473,101070168,630,7938.0
2025-08,1200514,101002381,300,4305.0
2025-08,1200514,101002402,378,4248.72
2025-08,1200514,101003346,480,6489.6
2025-08,1200514,101004224,1056,14277.12
2025-08,1200514,101004233,480,4516.8
2025-08,1200514,101004257,384,3440.64
2025-08,1200514,101070153,504,5664.96
2025-08,1200514,101070154,315,3540.6
2025-08,1200514,101070156,441,4956.84
2025-08,1200514,101070162,2268,25492.32
2025-08,1200514,101070165,1197,13454.279999999999
2025-08,1200514,101070168,630,7081.2
2025-08,1200518,101001911,6900,87023.78
2025-08,1200518,101003648,31240,311423.11000000004
2025-08,1200518,101004098,125760,1183104.08
2025-08,1200548,101003346,0,-3374.0
2025-08,1200548,101004174,7425,40675.01
2025-08,1200548,101004196,3456,30021.74
2025-08,1200548,101004224,7392,71133.42
2025-08,1200548,101070156,3276,24177.45
2025-08,1200548,101070162,9450,88529.29000000001
2025-08,1200610,101002717,20,185.07
2025-08,1200610,101004141,9,146.15
2025-08,1200610,101004233,16,171.94
2025-08,1200610,101004261,72,1856.91
2025-08,1200610,101070168,630,7070.85
2025-08,1200611,101002188,63,707.09
2025-08,1200611,101002402,63,707.09
2025-08,1200611,101002715,2240,20727.84
2025-08,1200611,101003241,2805,16410.93
2025-08,1200611,101003347,96,1421.34
2025-08,1200611,101004141,72,1169.16
2025-08,1200611,101004224,3744,55432.16
2025-08,1200611,101004233,480,5158.08
2025-08,1200611,101004257,96,882.6
2025-08,1200611,101004261,144,3713.82
2025-08,1200611,101005690,192,2063.24
2025-08,1200611,101070040,238,2188.12
2025-08,1200611,101070153,63,707.09
2025-08,1200611,101070154,189,2121.27
2025-08,1200611,101070156,126,1414.17
2025-08,1200611,101070162,1449,16262.99
2025-08,1200611,101070165,63,707.09
2025-08,1200649,101002188,144,1353.6
2025-08,1200649,101002402,144,1353.6
2025-08,1200649,101002859,360,2116.8
2025-08,1200649,101003241,1080,6350.4
2025-08,1200649,101003346,324,4821.12
2025-08,1200649,101003347,108,1607.04
2025-08,1200649,101004141,81,1321.92
2025-08,1200649,101004229,41,1062.72
2025-08,1200649,101004230,41,1062.72
2025-08,1200649,101070154,216,2030.4
2025-08,1200649,101070156,216,2030.4
2025-08,1200649,101070158,216,2030.4
2025-08,1200649,101070162,1080,10152.0
2025-08,1200649,101070165,936,8798.4
2025-08,1200654,101001911,8625,107028.93000000001
2025-08,1200654,101002622,240,3056.64
2025-08,1200654,101003648,30448,310835.02
2025-08,1200654,101004098,52896,495486.27
2025-08,1200654,101004125,90,1269.82
2025-08,1200654,101070163,135,1931.58
2025-08,1200657,101003648,28776,371953.44
2025-08,1200657,101004098,96192,903700.06
2025-08,1200659,101001911,9375,117345.76
2025-08,1200659,101002622,16640,197465.9
2025-08,1200659,101003648,19272,250505.16
2025-08,1200659,101004098,120288,1134355.56
2025-08,1200659,101004125,360,5079.29
2025-08,1200659,101070163,315,4507.03
2025-08,1200664,101002188,252,2716.56
2025-08,1200664,101002402,252,2716.56
2025-08,1200664,101070153,189,2037.42
2025-08,1200664,101070154,441,4753.98
2025-08,1200664,101070156,504,5433.12
2025-08,1200664,101070158,315,3395.7
2025-08,1200664,101070162,819,8828.82
2025-08,1200664,101070165,315,3395.7
2025-08,1200664,101070168,693,7470.54
2025-08,1200671,101001911,525,6634.16
2025-08,1200671,101002622,320,3075.5
2025-08,1200671,101003648,15752,202325.77000000002
2025-08,1200671,101004098,133248,1258063.47
2025-08,1200671,101004125,540,8000.4
2025-08,1200671,101070163,720,10688.67
2025-08,1200682,101001911,300,3734.93
2025-08,1200682,101002622,160,1437.66
2025-08,1200682,101003648,16808,156658.72
2025-08,1200682,101004098,70560,665564.29
2025-08,1200682,101004125,315,4444.37
2025-08,1200682,101070163,270,3863.16
2025-08,1200695,101002381,300,4290.0
2025-08,1200695,101002859,330,1940.4
2025-08,1200695,101004233,480,5184.0
2025-08,1200695,101005690,384,4147.2
2025-08,1200698,101002402,1008,11491.2
2025-08,1200698,101002612,0,-116.99
2025-08,1200698,101002715,4680,33840.0
2025-08,1200698,101003241,0,-75.95
2025-08,1200698,101004224,3024,38983.68
2025-08,1200698,101004261,3888,84499.2
2025-08,1200698,101070156,1296,4924.8
2025-08,1200698,101070158,720,-116.61
2025-08,1200698,101070162,2880,32715.39
2025-08,1200698,101070165,864,8033.09
2025-08,1200698,101070168,3600,40748.45
2025-08,1200711,101001911,5625,71080.31
2025-08,1200711,101002622,960,10826.529999999999
2025-08,1200711,101003648,2816,36789.22
2025-08,1200711,101004098,103968,980688.57
2025-08,1200711,101004125,1260,17777.48
2025-08,1200711,101070163,16245,232435.09
2025-08,1200711,101070166,720,10301.8
2025-08,1200713,101002402,0,-63.82
2025-08,1200713,101002612,0,-123.27
2025-08,1200713,101002715,0,-375.63
2025-08,1200713,101002716,0,-372.91
2025-08,1200713,101002859,0,-81.32
2025-08,1200713,101003241,0,-81.32
2025-08,1200713,101003347,216,3352.32
2025-08,1200713,101003359,0,-81.32
2025-08,1200713,101003360,720,4373.36
2025-08,1200713,101004141,810,13695.689999999999
2025-08,1200713,101004230,0,-156.13
2025-08,1200713,101004257,192,1785.8799999999999
2025-08,1200713,101004261,0,-156.13
2025-08,1200713,101070040,0,-298.68
2025-08,1200713,101070161,576,3559.68
2025-08,1200713,101070164,0,-63.82
2025-08,1200713,101070167,576,3432.0499999999997
2025-08,1200718,101002381,150,2286.0
2025-08,1200718,101002612,900,9297.0
2025-08,1200718,101002716,324,3110.4
2025-08,1200718,101002717,720,6386.4
2025-08,1200718,101002859,720,4168.8
2025-08,1200718,101003241,4320,25012.8
2025-08,1200718,101003347,1080,15249.6
2025-08,1200718,101003359,1080,6253.200000000001
2025-08,1200718,101003360,2880,16675.2
2025-08,1200718,101004141,4212,65791.44
2025-08,1200718,101004174,720,4168.8
2025-08,1200718,101004233,192,2035.2
2025-08,1200718,101004257,576,5310.72
2025-08,1200718,101004261,324,8067.6
2025-08,1200718,101005690,192,2035.2
2025-08,1200718,101070040,238,2142.0
2025-08,1200718,101070156,144,1643.04
2025-08,1200718,101070161,576,3288.96
2025-08,1200718,101070162,288,3286.08
2025-08,1200718,101070167,288,1644.48
2025-08,1200718,101070168,1296,14787.36
2025-08,1200719,101002381,150,2388.0
2025-08,1200719,101002612,450,4342.5
2025-08,1200719,101002717,180,1596.6
2025-08,1200719,101002859,360,1908.0
2025-08,1200719,101003241,1080,5900.4
2025-08,1200719,101003347,648,8467.2
2025-08,1200719,101003359,540,2950.2
2025-08,1200719,101003360,1080,5724.0
2025-08,1200719,101004141,1296,19187.28
2025-08,1200719,101004174,180,954.0
2025-08,1200719,101004183,360,1996.2
2025-08,1200719,101004257,288,2517.12
2025-08,1200719,101005690,96,1017.6
2025-08,1200719,101070162,1728,19716.48
2025-08,1200719,101070168,1728,20059.2
2025-08,1200742,101002612,1950,16839.15
2025-08,1200742,101002715,2160,18193.53
2025-08,1200742,101002717,180,-179.8499999999999
2025-08,1200742,101070153,720,5082.35
2025-08,1200742,101070154,1440,12029.55
2025-08,1200742,101070156,1440,12777.539999999999
2025-08,1200742,101070158,720,3872.34
2025-08,1200742,101070162,1872,16257.27
2025-08,1200742,101070165,576,2358.1000000000004
2025-08,1200753,101002859,360,2095.2
2025-08,1200753,101070153,576,6814.08
2025-08,1200753,101070154,288,3407.04
2025-08,1200753,101070156,720,8517.6
2025-08,1200753,101070158,720,8517.6
2025-08,1200753,101070162,576,6814.08
2025-08,1200753,101070165,720,8517.6
2025-08,1200753,101070168,576,6814.08
2025-08,1200761,101002402,216,2903.04
2025-08,1200761,101002715,180,1836.0
2025-08,1200761,101002717,180,1836.0
2025-08,1200761,101004233,192,2384.64
2025-08,1200761,101004257,192,2085.12
2025-08,1200761,101070153,360,4838.4
2025-08,1200761,101070158,216,2903.04
2025-08,1200761,101070162,504,6773.76
2025-08,1200761,101070165,1440,13547.52
2025-08,1200761,101070168,288,3870.72
2025-08,1200763,101001911,586,8624.869999999999
2025-08,1200763,101002402,1977,15240.68
2025-08,1200763,101002612,24900,219237.04
2025-08,1200763,101002715,532,3825.05
2025-08,1200763,101002859,1509,7341.22
2025-08,1200763,101003241,28215,137270.23
2025-08,1200763,101003346,12420,142851.3
2025-08,1200763,101003347,10848,124777.11
2025-08,1200763,101003359,654,3182.35
2025-08,1200763,101004141,4457,59691.27
2025-08,1200763,101004224,57984,667530.72
2025-08,1200763,101004229,4299,88815.83
2025-08,1200763,101004230,11956,247169.48
2025-08,1200763,101004233,7432,65934.5
2025-08,1200763,101004245,93,1069.68
2025-08,1200763,101004257,8225,53939.67
2025-08,1200763,101004261,37224,769752.75
2025-08,1200763,101005690,6231,55226.03
2025-08,1200763,101070153,9276,82590.81999999999
2025-08,1200763,101070154,216,2008.1799999999998
2025-08,1200763,101070156,15151,136980.7
2025-08,1200763,101070158,465,4324.7
2025-08,1200763,101070161,46710,209655.96
2025-08,1200763,101070162,1477,13732.37
2025-08,1200763,101070164,27540,124863.08
2025-08,1200763,101070165,5449,50666.06
2025-08,1200763,101070168,2680,24921.47
2025-08,1200769,101002612,600,5578.2
2025-08,1200769,101002715,1080,8232.84
2025-08,1200769,101002716,648,5426.68
2025-08,1200769,101002717,360,2679.48
2025-08,1200769,101003015,829,11397.07
2025-08,1200769,101003241,720,3402.0
2025-08,1200769,101004224,432,5316.84
2025-08,1200769,101004229,162,3456.92
2025-08,1200769,101004261,648,14521.67
2025-08,1200769,101070154,288,2783.81
2025-08,1200769,101070156,720,6525.36
2025-08,1200769,101070158,144,1478.74
2025-08,1200769,101070162,1296,12092.96
2025-08,1200769,101070165,864,8004.099999999999
2025-08,1200769,101070168,576,5393.96
2025-08,1200771,101002715,800,7056.0
2025-08,1200771,101004224,84,1179.36
2025-08,1200771,101070156,567,6407.1
2025-08,1200771,101070158,126,1423.8
2025-08,1200771,101070162,378,4271.4
2025-08,1200771,101070165,252,2847.6
2025-08,1200771,101070168,378,4271.4
2025-08,1200781,101002188,9,89.37
2025-08,1200781,101002402,9,89.37
2025-08,1200781,101002715,14560,119358.44
2025-08,1200781,101002717,3520,28859.98
2025-08,1200781,101003241,330,1712.7
2025-08,1200781,101004174,165,856.35
2025-08,1200781,101004261,1008,23768.64
2025-08,1200781,101070153,9,89.37
2025-08,1200781,101070154,9,89.37
2025-08,1200781,101070156,2961,26608.44
2025-08,1200781,101070162,3087,27653.5
2025-08,1200781,101070165,756,6875.9800000000005
2025-08,1200781,101070168,4158,37456.85
2025-08,1200785,101002188,126,1572.48
2025-08,1200785,101002402,315,3931.2
2025-08,1200785,101002612,150,1728.0
2025-08,1200785,101002715,640,6272.0
2025-08,1200785,101002717,160,1568.0
2025-08,1200785,101002859,165,1049.4
2025-08,1200785,101003241,330,2098.8
2025-08,1200785,101004174,165,1049.4
2025-08,1200785,101070153,126,1572.48
2025-08,1200785,101070154,441,5503.68
2025-08,1200785,101070156,630,7862.4
2025-08,1200785,101070158,315,3931.2
2025-08,1200785,101070162,378,4717.44
2025-08,1200785,101070165,252,3144.96
2025-08,1200785,101070168,567,7076.16
2025-08,1200793,101002612,226,2820.48
2025-08,1200793,101002859,330,2379.3
2025-08,1200793,101003241,330,2379.3
2025-08,1200793,101004174,716,5162.36
2025-08,1200793,101070153,126,1835.82
2025-08,1200793,101070154,756,11014.92
2025-08,1200793,101070156,14,203.98
2025-08,1200793,101070158,257,3744.49
2025-08,1200793,101070162,1390,20252.3
2025-08,1200793,101070165,256,3729.92
2025-08,1200793,101070168,895,13040.15
2025-08,1200821,101002715,360,3528.0
2025-08,1200821,101003241,720,4579.2
2025-08,1200821,101003346,216,3386.88
2025-08,1200821,101004141,486,8475.84
2025-08,1200821,101004224,648,6773.76
2025-08,1200821,101004257,192,1958.4
2025-08,1200821,101004261,162,4380.48
2025-08,1200821,101070155,144,907.2
2025-08,1200821,101070162,288,3628.8
2025-08,1200821,101070165,288,1814.4
2025-08,1200821,101070168,288,3628.8
2025-08,1200826,101002715,70,574.7
2025-08,1200826,101002859,30,159.9
2025-08,1200826,101004257,200,1468.0
2025-08,1200839,101002188,144,1641.6
2025-08,1200839,101002402,144,1641.6
2025-08,1200839,101002612,300,3294.0
2025-08,1200839,101002715,720,3384.0
2025-08,1200839,101002717,360,3384.0
2025-08,1200839,101002859,360,2138.4
2025-08,1200839,101003241,360,2138.4
2025-08,1200839,101003346,216,3248.64
2025-08,1200839,101003359,360,2138.4
2025-08,1200839,101003360,360,2138.4
2025-08,1200839,101004174,360,2138.4
2025-08,1200839,101004230,162,4224.96
2025-08,1200839,101004233,384,4193.28
2025-08,1200839,101004245,216,3248.64
2025-08,1200839,101004257,192,1797.12
2025-08,1200839,101004261,162,4224.96
2025-08,1200839,101005690,192,2096.64
2025-08,1200839,101070153,144,1641.6
2025-08,1200839,101070156,144,1641.6
2025-08,1200839,101070158,144,1641.6
2025-08,1200839,101070162,144,0.0
2025-08,1200839,101070165,144,1641.6
2025-08,1200839,101070168,144,1641.6
2025-08,1200841,101002381,4950,54806.78
2025-08,1200841,101002612,7800,58760.57
2025-08,1200841,101002859,10440,43132.47
2025-08,1200841,101003241,6840,30802.3
2025-08,1200841,101003347,5184,57694.99
2025-08,1200841,101004224,22032,238793.65
2025-08,1200841,101004229,4050,76569.83
2025-08,1200841,101004230,5994,111037.59
2025-08,1200841,101004233,8832,67679.84999999999
2025-08,1200841,101004261,17172,314608.07
2025-08,1200841,101005690,6144,48156.439999999995
2025-08,1200841,101005693,0,-3136.73
2025-08,1200841,101070017,4416,36667.47
2025-08,1200841,101070026,0,-1383.57
2025-08,1200841,101070152,8352,30992.82
2025-08,1200841,101070155,10656,36710.11
2025-08,1200841,101070161,16128,55084.619999999995
2025-08,1200841,101070164,8640,30342.75
2025-08,1200841,101070167,9504,34808.0
2025-08,1200872,101003241,1440,8553.6
2025-08,1200872,101003359,360,2138.4
2025-08,1200872,101003360,1080,6415.2
2025-08,1200872,101070164,288,1641.6
2025-08,1200872,101070168,144,1641.6
2025-08,1200887,101070153,315,3083.85
2025-08,1200887,101070156,315,3083.85
2025-08,1200887,101070162,1449,14185.71
2025-08,1200887,101070165,1449,14185.71
2025-08,1200887,101070168,252,2467.08
2025-08,1200915,101002402,126,1738.8
2025-08,1200915,101004257,96,1071.36
2025-08,1200915,101070153,315,4347.0
2025-08,1200915,101070156,504,6955.2
2025-08,1200915,101070158,63,869.4
2025-08,1200915,101070162,378,5216.4
2025-08,1200915,101070165,126,1738.8
2025-08,1200915,101070168,315,4347.0
2025-08,1200918,101002188,108,1360.8
2025-08,1200918,101002402,216,2721.6
2025-08,1200918,101070153,378,4762.8
2025-08,1200918,101070154,216,2721.6
2025-08,1200918,101070156,540,6804.0
2025-08,1200918,101070162,972,12247.2
2025-08,1200918,101070165,378,4762.8
2025-08,1200918,101070168,432,5443.2
2025-08,1200927,101002612,600,4902.0
2025-08,1200927,101003133,1800,11808.0
2025-08,1200927,101003347,432,4536.0
2025-08,1200927,101003457,720,3175.2
2025-08,1200927,101004219,1620,11583.0
2025-08,1200927,101004233,576,4642.56
2025-08,1200927,101004261,486,9165.96
2025-08,1200929,101004224,1080,12994.56
2025-08,1200929,101004261,324,6754.72
2025-08,1200929,101070162,1440,13680.0
2025-08,1200929,101070168,1440,13680.0
2025-08,1200948,101002381,150,2145.0
2025-08,1200948,101002402,288,2707.2
2025-08,1200948,101002717,360,3348.0
2025-08,1200948,101002859,180,1058.4
2025-08,1200948,101003241,360,2116.8
2025-08,1200948,101003360,180,1058.4
2025-08,1200948,101004230,324,6713.28
2025-08,1200948,101005690,384,4147.2
2025-08,1200948,101070153,288,2707.2
2025-08,1200948,101070154,144,1353.6
2025-08,1200948,101070158,144,1353.6
2025-08,1200948,101070162,432,4060.8
2025-08,1200948,101070165,288,2707.2
2025-08,1200948,101070168,576,5414.4
2025-08,1200949,101002859,180,1134.0
2025-08,1200949,101003360,180,1134.0
2025-08,1200949,101004141,324,5598.72
2025-08,1200949,101004224,1512,18779.2
2025-08,1200949,101004233,96,1111.68
2025-08,1200949,101004257,96,961.92
2025-08,1200949,101004261,162,3494.4
2025-08,1200949,101070156,288,2966.4
2025-08,1200949,101070158,288,2966.4
2025-08,1200949,101070162,288,2966.4
2025-08,1200949,101070168,864,8899.2
2025-08,1200956,101002188,0,-322.56
2025-08,1200956,101002402,0,-141.12
2025-08,1200956,101002715,0,-280.8
2025-08,1200956,101002859,0,-34.2
2025-08,1200956,101003241,0,-410.4
2025-08,1200956,101004224,0,-254.88
2025-08,1200956,101070153,0,-141.12
2025-08,1200956,101070154,0,-322.56
2025-08,1200956,101070156,0,-322.56
2025-08,1200956,101070158,0,-322.56
2025-08,1200956,101070162,0,-322.56
2025-08,1200956,101070165,0,-141.12
2025-08,1200956,101070168,0,-645.12
2025-08,1200973,101002188,63,691.11
2025-08,1200973,101002715,320,2774.4
2025-08,1200973,101002859,165,925.65
2025-08,1200973,101003241,330,1851.3
2025-08,1200973,101003359,165,925.65
2025-08,1200973,101004174,330,1851.3
2025-08,1200973,101070153,189,2073.33
2025-08,1200973,101070154,126,1382.22
2025-08,1200973,101070156,189,2073.33
2025-08,1200973,101070158,126,1382.22
2025-08,1200973,101070162,252,2764.44
2025-08,1200973,101070165,189,2073.33
2025-08,1200973,101070168,693,7602.21
2025-08,1200976,101002612,150,1800.0
2025-08,1200976,101070153,63,839.16
2025-08,1200976,101070154,189,2517.48
2025-08,1200976,101070156,63,839.16
2025-08,1200976,101070162,126,1678.32
2025-08,1200976,101070165,126,1678.32
2025-08,1200976,101070168,252,3356.64
2025-08,1200984,101004224,11880,140736.96
2025-08,1200984,101004230,25920,543801.6
2025-08,1200985,101001911,3750,47648.06
2025-08,1200985,101002622,3920,49442.32
2025-08,1200985,101003648,7128,59064.649999999994
2025-08,1200985,101004098,23328,221493.69
2025-08,1200985,101004125,4185,59932.7
2025-08,1200985,101070163,5175,75238.55
2025-08,1200989,101002622,3200,40960.0
2025-08,1200989,101004196,1920,1383.5999999999985
2025-08,1200989,101070163,6300,90594.0
2025-08,1200989,101070166,10800,137304.0
2025-08,1200995,101002188,144,1814.4
2025-08,1200995,101002612,600,6948.0
2025-08,1200995,101002716,972,10497.599999999999
2025-08,1200995,101002717,1080,10584.0
2025-08,1200995,101002859,720,4579.2
2025-08,1200995,101003241,1080,6868.799999999999
2025-08,1200995,101003346,216,3386.88
2025-08,1200995,101003347,432,6773.76
2025-08,1200995,101003359,720,4579.2
2025-08,1200995,101003360,720,4579.2
2025-08,1200995,101004141,1134,19776.96
2025-08,1200995,101004174,360,2289.6
2025-08,1200995,101004183,360,2289.6
2025-08,1200995,101004224,216,3386.88
2025-08,1200995,101004229,162,4380.48
2025-08,1200995,101004230,162,4380.48
2025-08,1200995,101004245,216,3386.88
2025-08,1200995,101004261,486,12276.16
2025-08,1200995,101070153,144,1814.4
2025-08,1200995,101070154,288,3628.8
2025-08,1200995,101070156,288,3628.8
2025-08,1200995,101070158,288,3628.8
2025-08,1200995,101070162,1008,8467.2
2025-08,1200995,101070165,288,3628.8
2025-08,1200995,101070168,1152,14515.2
2025-08,1200996,101070156,63,710.64
2025-08,1200996,101070162,126,1421.28
2025-08,1200996,101070165,63,710.64
2025-08,1201000,101002188,72,607.68
2025-08,1201000,101002381,75,825.75
2025-08,1201000,101002402,72,607.68
2025-08,1201000,101002715,360,2361.6
2025-08,1201000,101002716,324,2316.6
2025-08,1201000,101002717,360,2361.6
2025-08,1201000,101002859,180,793.8
2025-08,1201000,101003346,108,1134.0
2025-08,1201000,101003360,180,793.8
2025-08,1201000,101004229,81,1527.66
2025-08,1201000,101004230,81,1527.66
2025-08,1201000,101004233,96,773.76
2025-08,1201000,101004245,216,2268.0
2025-08,1201000,101004261,81,1527.66
2025-08,1201000,101070153,144,1215.36
2025-08,1201000,101070154,144,1215.36
2025-08,1201000,101070156,72,571.68
2025-08,1201000,101070158,72,571.68
2025-08,1201000,101070162,72,571.68
2025-08,1201000,101070165,72,571.68
2025-08,1201002,101070156,1584,12576.96
2025-08,1201002,101070162,3312,26297.28
2025-08,1201002,101070165,1152,9146.88
2025-08,1201002,101070168,2160,17150.4
2025-08,1201009,101002402,288,2344.32
2025-08,1201009,101002612,150,1182.0
2025-08,1201009,101003241,360,1533.6
2025-08,1201009,101003346,216,2183.76
2025-08,1201009,101003347,540,5459.400000000001
2025-08,1201009,101003359,360,1533.6
2025-08,1201009,101003360,360,1533.6
2025-08,1201009,101003456,144,1101.6
2025-08,1201009,101003457,360,1533.6
2025-08,1201009,101004141,972,10701.720000000001
2025-08,1201009,101004224,1944,19653.840000000004
2025-08,1201009,101004233,576,4475.52
2025-08,1201009,101004245,216,2183.76
2025-08,1201009,101004257,384,2549.76
2025-08,1201009,101004261,324,5883.84
2025-08,1201009,101070153,288,2344.32
2025-08,1201009,101070154,144,1172.16
2025-08,1201009,101070156,144,1101.6
2025-08,1201009,101070162,360,2754.0
2025-08,1201009,101070165,216,1652.3999999999999
2025-08,1201009,101070168,576,4406.4
2025-08,1201014,101003347,120,1862.4
2025-08,1201014,101004141,90,1540.8
2025-08,1201014,101004224,360,4469.76
2025-08,1201014,101070162,108,1101.6
2025-08,1201014,101070165,108,1101.6
2025-08,1201014,101070168,216,2203.2
2025-08,1201016,101002402,189,2608.2
2025-08,1201016,101004174,990,6831.0
2025-08,1201016,101004257,384,4285.44
2025-08,1201016,101070153,630,8694.0
2025-08,1201016,101070156,630,8694.0
2025-08,1201016,101070158,315,4347.0
2025-08,1201016,101070162,630,8694.0
2025-08,1201016,101070165,504,6955.2
2025-08,1201016,101070168,882,12171.6
2025-08,1201020,101004261,162,3390.4
2025-08,1201020,101070162,864,9849.6
2025-08,1201020,101070165,288,0.0
2025-08,1201020,101070168,576,6566.4
2025-08,1201026,101003133,10440,68486.4
2025-08,1201026,101003456,144,1143.36
2025-08,1201031,101002859,360,2138.4
2025-08,1201031,101003241,1080,6415.2
2025-08,1201031,101004230,162,4224.96
2025-08,1201031,101004233,192,2096.64
2025-08,1201031,101070040,238,1850.7
2025-08,1201031,101070156,720,8208.0
2025-08,1201031,101070158,720,8208.0
2025-08,1201031,101070162,432,0.0
2025-08,1201031,101070168,720,8208.0
2025-08,1201033,101003133,7200,47232.0
2025-08,1201033,101003456,1440,11433.6
2025-08,1201033,101004219,9720,69498.0
2025-08,1201034,101002402,144,1215.36
2025-08,1201034,101003241,720,3175.2
2025-08,1201034,101004224,1296,13608.0
2025-08,1201034,101004229,162,3055.32
2025-08,1201034,101004230,486,9165.96
2025-08,1201034,101004233,192,1547.52
2025-08,1201034,101004261,162,3055.32
2025-08,1201034,101070156,144,1143.36
2025-08,1201035,101002612,2700,31005.0
2025-08,1201035,101002715,160,1552.0
2025-08,1201035,101002859,330,2079.0
2025-08,1201035,101003241,825,5227.200000000001
2025-08,1201035,101004174,495,3138.3
2025-08,1201035,101070153,567,7076.159999999999
2025-08,1201035,101070156,6552,81428.76000000001
2025-08,1201035,101070158,126,1572.48
2025-08,1201035,101070162,10836,134568.0
2025-08,1201035,101070165,252,3129.84
2025-08,1201035,101070168,10080,125133.12
2025-08,1201045,101070017,0,-7110.72
2025-08,1201046,101002859,300,1323.0
2025-08,1201046,101004174,300,1323.0
2025-08,1201046,101004261,63,1188.18
2025-08,1201046,101005690,160,1289.6
2025-08,1201046,101070153,54,455.76
2025-08,1201046,101070154,216,1823.04
2025-08,1201046,101070158,54,428.76
2025-08,1201046,101070162,162,1286.28
2025-08,1201046,101070165,54,428.76
2025-08,1201046,101070168,54,428.76
2025-08,1201047,101004214,12864,121340.97
2025-08,1201047,101070020,5720,74728.08
2025-08,1201050,101004200,0,-34156.8
2025-08,1201050,101004224,12960,154275.84
2025-08,1201050,101005699,0,-53040.8
2025-08,1201050,101070162,0,-8726.4
2025-08,1201050,101070165,0,-6835.68
2025-08,1201050,101070168,0,-5817.6
2025-08,1201058,101002188,0,-48.96
2025-08,1201058,101003241,0,-64.8
2025-08,1201058,101004224,0,-45.36
2025-08,1201058,101070156,0,-48.96
2025-08,1201058,101070158,0,-48.96
2025-08,1201058,101070162,0,-48.96
2025-08,1201058,101070168,0,-48.96
2025-08,1201059,101002715,3600,33840.0
2025-08,1201059,101003241,1440,8553.6
2025-08,1201059,101003347,1080,16243.2
2025-08,1201059,101004141,324,5339.52
2025-08,1201059,101004224,1080,16243.2
2025-08,1201059,101004261,486,12674.88
2025-08,1201060,101002715,2880,28224.0
2025-08,1201060,101003241,660,4197.6
2025-08,1201060,101003347,1248,19568.64
2025-08,1201060,101004141,936,16323.84
2025-08,1201060,101004224,480,7526.4
2025-08,1201060,101004261,504,13628.16
2025-08,1201061,101002402,0,-151.6
2025-08,1201061,101003241,0,-386.28
2025-08,1201061,101003360,0,-193.14
2025-08,1201061,101004174,0,-193.14
2025-08,1201061,101004224,0,-285.7
2025-08,1201061,101004230,0,-367.33
2025-08,1201061,101004261,0,-734.66
2025-08,1201061,101070154,0,-303.19
2025-08,1201061,101070156,0,-303.19
2025-08,1201061,101070158,0,-151.6
2025-08,1201061,101070162,0,-151.6
2025-08,1201061,101070165,0,-151.6
2025-08,1201065,101002716,18,192.6
2025-08,1201065,101002717,20,194.0
2025-08,1201065,101003015,573,7648.6
2025-08,1201065,101003347,48,744.96
2025-08,1201065,101004141,54,933.12
2025-08,1201065,101004196,192,2223.36
2025-08,1201065,101070167,576,3559.68
2025-08,1201068,101002402,18,222.48
2025-08,1201068,101003241,30,183.6
2025-08,1201068,101003346,24,372.48
2025-08,1201068,101003347,24,357.36
2025-08,1201068,101003359,30,189.0
2025-08,1201068,101003360,15,94.5
2025-08,1201068,101004141,18,298.35
2025-08,1201068,101004174,15,91.8
2025-08,1201068,101004224,36,543.6
2025-08,1201068,101004229,0,-19.98
2025-08,1201068,101004230,27,699.12
2025-08,1201068,101004233,32,370.56
2025-08,1201068,101004245,24,372.48
2025-08,1201068,101004257,32,320.64
2025-08,1201068,101004261,27,705.78
2025-08,1201068,101005690,16,185.28
2025-08,1201068,101070153,18,219.42
2025-08,1201068,101070154,36,444.96
2025-08,1201068,101070156,27,333.72
2025-08,1201068,101070158,18,222.48
2025-08,1201068,101070162,27,333.72
2025-08,1201068,101070165,18,222.48
2025-08,1201068,101070168,18,219.42
2025-08,1201071,101002715,0,-26568.0
2025-08,1201071,101004224,0,-72384.23000000001
2025-08,1201071,101004261,0,-9657.79
2025-08,1201073,101002188,252,2872.8
2025-08,1201073,101002402,189,2154.6000000000004
2025-08,1201073,101002612,600,6588.0
2025-08,1201073,101002715,320,3008.0
2025-08,1201073,101002859,660,3920.4
2025-08,1201073,101003241,495,2940.3
2025-08,1201073,101004141,288,4746.24
2025-08,1201073,101004224,960,14438.400000000001
2025-08,1201073,101004230,288,7511.04
2025-08,1201073,101004233,864,9434.880000000001
2025-08,1201073,101004257,576,5391.36
2025-08,1201073,101004261,720,18777.6
2025-08,1201073,101070040,119,-1893.3
2025-08,1201073,101070153,252,2872.8
2025-08,1201073,101070154,333,3796.2
2025-08,1201073,101070156,378,4309.200000000001
2025-08,1201073,101070158,189,2154.6000000000004
2025-08,1201073,101070162,945,10773.0
2025-08,1201073,101070165,252,2872.8
2025-08,1201073,101070168,756,8618.4
2025-08,1201090,101004224,288,4331.52
2025-08,1201090,101004233,192,2096.64
2025-08,1201090,101004261,216,5633.28
2025-08,1201090,101070162,252,2872.8
2025-08,1205005,101002612,150,1656.0
2025-08,1205005,101002859,165,990.0
2025-08,1205005,101003241,495,2970.0
2025-08,1205005,101004257,384,3640.32
2025-08,1205005,101005690,96,1059.84
2025-08,1205005,101070156,189,2177.28
2025-08,1205005,101070158,189,2177.28
2025-08,1205005,101070162,630,7257.6
2025-08,1205005,101070168,630,7257.6
2025-08,1205009,101002612,150,1638.0
2025-08,1205009,101002715,160,1312.0
2025-08,1205009,101003241,165,970.2
2025-08,1205009,101004141,72,1175.04
2025-08,1205009,101004224,192,2664.96
2025-08,1205009,101004257,96,771.84
2025-08,1205009,101004261,144,3732.48
2025-08,1205013,101003347,216,3352.32
2025-08,1205013,101004224,432,6704.64
2025-08,1205013,101004261,324,8657.28
2025-08,1205013,101070156,144,1762.56
2025-08,1205013,101070158,144,1762.56
2025-08,1205013,101070162,1728,21150.72
2025-08,1205013,101070165,1584,19388.16
2025-08,1205017,101003133,822,5392.32
2025-08,1205017,101003457,360,1587.6
2025-08,1205017,101004219,324,2316.6
2025-08,1205017,101004233,960,9004.8
2025-08,1205019,101004224,0,-4600.8
2025-08,1205026,101002715,8280,60444.0
2025-08,1205026,101002717,2880,21024.0
2025-08,1205026,101003241,12600,61992.0
2025-08,1205026,101070155,6912,5189.760000000002
2025-08,1205026,101070161,7488,8058.240000000002
2025-08,1205033,101002188,30,344.4
2025-08,1205033,101003347,15,211.65
2025-08,1205033,101004141,15,233.25
2025-08,1205033,101004257,50,463.5
2025-08,1205033,101004261,72,1741.68
2025-08,1205033,101070153,40,459.2
2025-08,1205033,101070154,50,574.0
2025-08,1205033,101070156,50,574.0
2025-08,1205033,101070162,20,229.6
2025-08,1205044,101002188,864,9720.0
2025-08,1205044,101002402,144,1620.0
2025-08,1205044,101002612,300,3258.0
2025-08,1205044,101004261,162,4017.6
2025-08,1205044,101070153,864,9720.0
2025-08,1205044,101070154,864,9720.0
2025-08,1205044,101070156,144,1620.0
2025-08,1205044,101070158,288,3240.0
2025-08,1205044,101070162,432,4860.0
2025-08,1205044,101070165,288,3240.0
2025-08,1205044,101070168,144,1620.0
2025-08,1205046,101002381,150,2157.0
2025-08,1205046,101002716,324,3065.04
2025-08,1205046,101002717,720,6278.4
2025-08,1205046,101003346,216,3002.4
2025-08,1205046,101003347,216,3002.4
2025-08,1205046,101003359,360,2037.6
2025-08,1205046,101004141,648,9933.84
2025-08,1205046,101004174,360,2037.6
2025-08,1205046,101004183,360,2037.6
2025-08,1205046,101004224,1296,18014.4
2025-08,1205046,101004229,324,7973.64
2025-08,1205046,101004245,216,3002.4
2025-08,1205046,101004257,192,1722.24
2025-08,1205046,101004261,810,19934.1
2025-08,1205046,101005690,192,1987.2
2025-08,1205046,101070040,238,2096.78
2025-08,1205046,101070156,288,3193.92
2025-08,1205046,101070162,1440,15969.6
2025-08,1205046,101070167,288,1595.52
2025-08,1205046,101070168,1296,14372.64
2025-08,1205047,101070156,126,1297.8
2025-08,1205047,101070162,126,1297.8
2025-08,1205047,101070168,504,5191.2
2025-08,1205051,101002188,432,4536.0
2025-08,1205051,101002402,432,4536.0
2025-08,1205051,101003015,288,3880.8
2025-08,1205051,101004224,864,10834.88
2025-08,1205051,101004229,162,3515.2
2025-08,1205051,101004230,162,3515.2
2025-08,1205051,101004233,192,2257.92
2025-08,1205051,101004261,324,7003.36
2025-08,1205051,101070153,432,4536.0
2025-08,1205051,101070154,432,4536.0
2025-08,1205051,101070156,576,6048.0
2025-08,1205051,101070158,576,6048.0
2025-08,1205051,101070162,1296,13608.0
2025-08,1205051,101070165,864,9072.0
2025-08,1205051,101070168,2016,21168.0
2025-08,1205053,101002715,9504,74131.2
2025-08,1205053,101003241,15120,70761.6
2025-08,1205057,101002402,315,3553.2
2025-08,1205057,101002715,320,2976.0
2025-08,1205057,101002717,160,1488.0
2025-08,1205057,101003241,165,970.2
2025-08,1205057,101070040,119,1099.56
2025-08,1205057,101070153,567,6395.759999999999
2025-08,1205057,101070154,126,1421.28
2025-08,1205057,101070156,1449,16344.72
2025-08,1205057,101070158,315,3553.2
2025-08,1205057,101070162,441,4974.48
2025-08,1205057,101070165,1197,13502.16
2025-08,1205057,101070168,441,4974.48
2025-08,C5800,101002613,12000,101918.4
2025-08,C5800,101003118,10080,46267.2
2025-08,C5800,101003119,15120,69400.8
2025-08,C5800,101003122,15120,69400.8
2025-08,C5800,101003207,17868,129521.56
2025-08,C5800,101003242,30600,140454.0
2025-08,C5800,101003449,12960,59486.399999999994
2025-08,C5800,101004148,132384,1109060.23
2025-08,C5800,101004189,42768,496433.83999999997
2025-08,C5800,101004226,15390,320758.37
2025-08,C5800,101004262,5400,62681.04
2025-08,C5800,101070173,8208,72056.38
2025-08,C5800,101070175,10080,88490.31
2025-08,C5800,101070176,1728,15169.77
2025-08,C5800,101070179,10224,89754.45999999999
2025-08,NCASH510,101001911,2,24.6
2025-08,NCASH510,101002188,6,47.4
2025-08,NCASH510,101002402,1,7.9
2025-08,NCASH510,101002612,18,136.8
2025-08,NCASH510,101002859,11,45.1
2025-08,NCASH510,101003346,1,10.5
2025-08,NCASH510,101003347,4,42.0
2025-08,NCASH510,101004141,6,68.4
2025-08,NCASH510,101004174,4,16.4
2025-08,NCASH510,101004224,10,105.0
2025-08,NCASH510,101004233,4,30.0
2025-08,NCASH510,101004245,1,10.5
2025-08,NCASH510,101004261,7,131.6
2025-08,NCASH510,101070017,2,15.0
2025-08,NCASH510,101070040,4,25.6
2025-08,NCASH510,101070154,7,55.3
2025-08,NCASH510,101070156,10,79.0
2025-08,NCASH510,101070158,10,79.0
2025-08,NCASH510,101070162,19,150.1
2025-08,NCASH510,101070165,8,63.2
2025-08,NCASH510,101070168,3,23.7
2025-09,1200002,101002859,720,4276.8
2025-09,1200002,101003241,1440,6415.2
2025-09,1200002,101003346,216,2707.2
2025-09,1200002,101003359,720,4276.8
2025-09,1200002,101003360,1080,4276.8
2025-09,1200002,101004141,648,8899.2
2025-09,1200002,101004174,360,2138.4
2025-09,1200002,101004245,432,5414.4
2025-09,1200006,101003241,1440,8726.4
2025-09,1200006,101004183,360,2181.6
2025-09,1200006,101004224,432,6566.4
2025-09,1200006,101004261,648,17003.52
2025-09,1200006,101070153,144,1676.16
2025-09,1200006,101070154,144,1676.16
2025-09,1200006,101070156,144,1676.16
2025-09,1200006,101070158,288,3352.32
2025-09,1200006,101070162,1008,11733.12
2025-09,1200006,101070165,576,6704.64
2025-09,1200006,101070168,432,5028.48
2025-09,1200007,101003359,180,1069.2
2025-09,1200007,101004183,180,1069.2
2025-09,1200007,101004224,432,6497.28
2025-09,1200007,101004257,192,1797.12
2025-09,1200007,101004261,162,4224.96
2025-09,1200007,101005690,96,1048.32
2025-09,1200007,101070162,144,1641.6
2025-09,1200007,101070165,72,820.8
2025-09,1200007,101070168,144,1641.6
2025-09,1200008,101002402,144,1624.32
2025-09,1200008,101070156,144,1624.32
2025-09,1200008,101070162,2448,27613.44
2025-09,1200008,101070165,1296,14618.88
2025-09,1200008,101070168,288,3248.64
2025-09,1200010,101002612,150,1624.5
2025-09,1200010,101002715,320,2886.4
2025-09,1200010,101002859,165,986.7
2025-09,1200010,101003241,330,1973.4
2025-09,1200010,101003359,165,986.7
2025-09,1200010,101003360,90,538.2
2025-09,1200010,101004183,74,442.52
2025-09,1200010,101004224,384,5541.12
2025-09,1200010,101004233,192,2100.48
2025-09,1200010,101005690,96,1027.2
2025-09,1200010,101070156,63,738.99
2025-09,1200010,101070162,63,738.99
2025-09,1200010,101070165,63,738.99
2025-09,1200010,101070168,252,2955.96
2025-09,1200015,101002402,142,1738.08
2025-09,1200015,101002612,300,2730.0
2025-09,1200015,101002859,720,3528.0
2025-09,1200015,101003241,1440,7056.0
2025-09,1200015,101003347,216,2678.4
2025-09,1200015,101003359,427,2113.44
2025-09,1200015,101003360,360,1764.0
2025-09,1200015,101004141,324,4406.4
2025-09,1200015,101004174,360,1764.0
2025-09,1200015,101004183,360,1764.0
2025-09,1200015,101004233,192,1728.0
2025-09,1200015,101070105,648,9642.24
2025-09,1200015,101070153,27,330.48
2025-09,1200015,101070162,783,9583.92
2025-09,1200015,101070165,243,2974.32
2025-09,1200016,101002381,150,2145.0
2025-09,1200016,101002859,360,1764.0
2025-09,1200016,101003241,1080,5292.0
2025-09,1200016,101003346,108,1607.04
2025-09,1200016,101003360,360,1764.0
2025-09,1200016,101004174,180,882.0
2025-09,1200016,101004245,108,1339.2
2025-09,1200016,101004257,96,739.2
2025-09,1200016,101070105,864,12856.32
2025-09,1200016,101070165,432,4872.96
2025-09,1200016,101070168,432,4872.96
2025-09,1200017,101002612,300,2775.0
2025-09,1200017,101003241,2160,10908.0
2025-09,1200017,101003347,1512,19152.0
2025-09,1200017,101003359,720,3636.0
2025-09,1200017,101003360,360,1818.0
2025-09,1200017,101004141,810,11232.0
2025-09,1200017,101004230,162,4250.88
2025-09,1200017,101004245,324,4104.0
2025-09,1200017,101004257,576,4579.2
2025-09,1200017,101004261,486,12752.64
2025-09,1200017,101070105,432,6566.4
2025-09,1200017,101070156,288,3352.32
2025-09,1200017,101070158,72,838.08
2025-09,1200017,101070162,720,8380.8
2025-09,1200017,101070165,432,5028.48
2025-09,1200017,101070168,1152,13409.279999999999
2025-09,1200018,101002381,150,2167.5
2025-09,1200018,101002612,2100,19215.0
2025-09,1200018,101002715,720,6768.0
2025-09,1200018,101002716,324,2781.0
2025-09,1200018,101002859,2520,12474.0
2025-09,1200018,101003015,288,4694.4
2025-09,1200018,101003241,2520,12474.0
2025-09,1200018,101003347,1944,24364.800000000003
2025-09,1200018,101003359,720,3564.0
2025-09,1200018,101003360,2520,12474.0
2025-09,1200018,101004141,2268,31147.199999999997
2025-09,1200018,101004174,1440,7128.0
2025-09,1200018,101004183,360,1782.0
2025-09,1200018,101004230,162,4224.96
2025-09,1200018,101004233,576,5241.6
2025-09,1200018,101004245,1512,18950.4
2025-09,1200018,101004257,384,2995.2
2025-09,1200018,101004261,648,16899.84
2025-09,1200018,101070017,192,1747.2
2025-09,1200018,101070105,1728,25989.12
2025-09,1200018,101070156,144,1641.6
2025-09,1200018,101070158,144,1641.6
2025-09,1200018,101070165,288,3283.2
2025-09,1200019,101002612,1200,11400.0
2025-09,1200019,101002859,1440,7488.0
2025-09,1200019,101003241,1440,7488.0
2025-09,1200019,101003347,864,11174.4
2025-09,1200019,101003359,360,1872.0
2025-09,1200019,101003360,180,936.0
2025-09,1200019,101004141,486,6933.6
2025-09,1200019,101004174,360,1872.0
2025-09,1200019,101004183,180,936.0
2025-09,1200019,101004245,108,1396.8
2025-09,1200019,101004257,96,796.8
2025-09,1200020,101002188,576,5817.6
2025-09,1200020,101002402,288,2851.2
2025-09,1200020,101002715,360,2988.0
2025-09,1200020,101004257,192,1566.72
2025-09,1200020,101070153,288,2908.8
2025-09,1200020,101070154,432,4363.2
2025-09,1200020,101070156,432,4363.2
2025-09,1200020,101070162,720,7272.0
2025-09,1200020,101070165,576,5817.6
2025-09,1200020,101070168,720,7272.0
2025-09,1200023,101002612,300,2745.0
2025-09,1200023,101002859,360,1782.0
2025-09,1200023,101003241,360,1782.0
2025-09,1200023,101003347,216,2707.2
2025-09,1200023,101003360,360,1782.0
2025-09,1200023,101004174,360,1782.0
2025-09,1200023,101004229,162,4224.96
2025-09,1200023,101004230,162,4224.96
2025-09,1200023,101004261,162,4224.96
2025-09,1200023,101070105,432,6497.28
2025-09,1200023,101070153,144,1641.6
2025-09,1200023,101070156,144,1641.6
2025-09,1200023,101070165,288,3283.2
2025-09,1200027,101002188,540,5151.599999999999
2025-09,1200027,101002402,324,3090.96
2025-09,1200027,101002859,600,3036.0
2025-09,1200027,101003241,300,1518.0
2025-09,1200027,101004233,160,1456.0
2025-09,1200027,101070153,540,5151.599999999999
2025-09,1200027,101070154,648,6181.92
2025-09,1200027,101070156,864,8242.56
2025-09,1200027,101070158,864,8242.56
2025-09,1200027,101070162,864,8242.56
2025-09,1200027,101070165,756,7212.24
2025-09,1200027,101070168,648,6181.92
2025-09,1200029,101002402,144,1624.32
2025-09,1200029,101003241,1080,6350.4
2025-09,1200029,101003347,216,3214.08
2025-09,1200029,101003359,180,1058.4
2025-09,1200029,101003360,180,1058.4
2025-09,1200029,101004141,81,1321.92
2025-09,1200029,101004224,324,4821.12
2025-09,1200029,101070153,216,2436.48
2025-09,1200029,101070156,144,1624.32
2025-09,1200029,101070158,72,812.16
2025-09,1200029,101070162,360,4060.8
2025-09,1200029,101070165,936,10558.08
2025-09,1200029,101070168,576,6497.28
2025-09,1200031,101002612,600,5760.0
2025-09,1200031,101002715,360,3492.0
2025-09,1200031,101002716,324,2889.0
2025-09,1200031,101002717,720,5820.0
2025-09,1200031,101002859,180,954.0
2025-09,1200031,101003015,576,9648.0
2025-09,1200031,101003241,1080,5706.0
2025-09,1200031,101003347,216,2822.4
2025-09,1200031,101003359,540,2844.0
2025-09,1200031,101003360,720,3798.0
2025-09,1200031,101004141,890,12884.4
2025-09,1200031,101004183,180,954.0
2025-09,1200031,101004224,648,10056.96
2025-09,1200031,101004230,162,4380.48
2025-09,1200031,101004233,288,2822.4
2025-09,1200031,101004245,324,4204.8
2025-09,1200031,101004257,672,5654.4
2025-09,1200031,101004261,972,26205.120000000003
2025-09,1200031,101005690,96,940.8
2025-09,1200031,101070105,648,10160.64
2025-09,1200031,101070156,288,3594.24
2025-09,1200031,101070162,288,3594.24
2025-09,1200031,101070165,288,3594.24
2025-09,1200031,101070168,432,5374.08
2025-09,1200035,101002188,288,3577.3
2025-09,1200035,101002381,150,2490.0
2025-09,1200035,101002402,576,7257.6
2025-09,1200035,101002612,1200,11904.24
2025-09,1200035,101002715,1800,6144.48
2025-09,1200035,101002716,324,2916.0
2025-09,1200035,101002717,360,2940.0
2025-09,1200035,101002859,720,3816.0
2025-09,1200035,101003015,576,9539.46
2025-09,1200035,101003241,2520,13356.0
2025-09,1200035,101003346,648,9500.02
2025-09,1200035,101003347,864,11289.6
2025-09,1200035,101003359,360,1843.01
2025-09,1200035,101003360,1080,5724.0
2025-09,1200035,101004141,1134,17258.71
2025-09,1200035,101004174,360,1908.0
2025-09,1200035,101004183,360,1908.0
2025-09,1200035,101004224,1728,10433.189999999999
2025-09,1200035,101004229,486,13017.089999999998
2025-09,1200035,101004230,324,6946.8099999999995
2025-09,1200035,101004233,960,10160.64
2025-09,1200035,101004245,432,5080.32
2025-09,1200035,101004257,1152,9792.0
2025-09,1200035,101004261,1782,47936.59
2025-09,1200035,101070105,1080,16934.4
2025-09,1200035,101070153,144,1814.4
2025-09,1200035,101070154,432,5443.200000000001
2025-09,1200035,101070156,288,3628.8
2025-09,1200035,101070158,432,5443.2
2025-09,1200035,101070162,2736,34473.6
2025-09,1200035,101070165,1296,16329.599999999999
2025-09,1200035,101070168,1728,21618.29
2025-09,1200037,101002402,288,3248.64
2025-09,1200037,101003347,216,2678.4
2025-09,1200037,101004141,324,4406.4
2025-09,1200037,101070154,288,3248.64
2025-09,1200037,101070156,288,3248.64
2025-09,1200037,101070158,288,3248.64
2025-09,1200037,101070162,864,9745.92
2025-09,1200037,101070165,576,6497.28
2025-09,1200037,101070168,1080,12182.4
2025-09,1200039,101002402,288,3628.8
2025-09,1200039,101002612,300,2895.0
2025-09,1200039,101003241,1800,9540.0
2025-09,1200039,101003346,216,2822.4
2025-09,1200039,101003347,1512,19756.8
2025-09,1200039,101003360,360,1908.0
2025-09,1200039,101004141,1620,23544.0
2025-09,1200039,101004224,1296,20321.28
2025-09,1200039,101004245,432,5644.8
2025-09,1200039,101004257,384,3264.0
2025-09,1200039,101070105,432,6773.76
2025-09,1200039,101070153,288,3628.8
2025-09,1200039,101070156,432,5443.2
2025-09,1200039,101070158,288,3628.8
2025-09,1200039,101070162,1296,16329.6
2025-09,1200039,101070165,288,3628.8
2025-09,1200039,101070168,1728,21772.8
2025-09,1200041,101070105,54,838.08
2025-09,1200047,101002188,288,2908.8
2025-09,1200047,101002402,288,2851.2
2025-09,1200047,101003241,60,313.2
2025-09,1200047,101004141,9,148.32
2025-09,1200047,101070153,288,2908.8
2025-09,1200047,101070154,144,1454.4
2025-09,1200047,101070156,576,5817.6
2025-09,1200047,101070158,432,4363.200000000001
2025-09,1200047,101070162,1152,11635.2
2025-09,1200047,101070165,432,4363.200000000001
2025-09,1200047,101070168,576,5817.6
2025-09,1200055,101002381,150,2490.0
2025-09,1200055,101002612,1200,11580.0
2025-09,1200055,101002715,0,-2874.96
2025-09,1200055,101002859,720,3352.8
2025-09,1200055,101003241,2880,15213.81
2025-09,1200055,101003346,648,10086.39
2025-09,1200055,101003347,648,8392.95
2025-09,1200055,101003359,360,1621.3899999999999
2025-09,1200055,101003360,360,1580.8600000000001
2025-09,1200055,101004141,802,11605.42
2025-09,1200055,101004174,720,3816.0
2025-09,1200055,101004224,4752,65827.3
2025-09,1200055,101004230,162,4380.48
2025-09,1200055,101004233,384,3763.2
2025-09,1200055,101004245,432,5644.8
2025-09,1200055,101004257,192,1632.0
2025-09,1200055,101004261,1458,39424.32
2025-09,1200055,101070105,432,6773.76
2025-09,1200055,101070156,720,8853.23
2025-09,1200055,101070158,0,-1388.44
2025-09,1200055,101070162,576,7138.27
2025-09,1200055,101070165,720,8873.12
2025-09,1200055,101070168,1584,19657.5
2025-09,1200056,101002188,1512,18219.6
2025-09,1200056,101002402,1071,12820.5
2025-09,1200056,101002715,4320,39688.0
2025-09,1200056,101002859,825,5247.0
2025-09,1200056,101003241,1650,10583.1
2025-09,1200056,101003359,330,2098.8
2025-09,1200056,101004174,495,3148.2000000000003
2025-09,1200056,101004233,480,5164.8
2025-09,1200056,101004257,1824,16965.12
2025-09,1200056,101070153,1071,12971.7
2025-09,1200056,101070154,1890,22717.8
2025-09,1200056,101070156,2835,34038.9
2025-09,1200056,101070158,1260,15069.6
2025-09,1200056,101070162,2457,29465.1
2025-09,1200056,101070165,2268,27064.8
2025-09,1200056,101070168,4221,50683.5
2025-09,1200067,101002188,72,898.56
2025-09,1200067,101002381,150,2422.5
2025-09,1200067,101002402,72,898.56
2025-09,1200067,101002612,300,2880.0
2025-09,1200067,101002716,648,5778.0
2025-09,1200067,101003241,720,3816.0
2025-09,1200067,101003346,216,3386.88
2025-09,1200067,101003359,360,1908.0
2025-09,1200067,101003360,360,1908.0
2025-09,1200067,101004141,324,4665.6
2025-09,1200067,101004174,360,1908.0
2025-09,1200067,101004230,81,2177.28
2025-09,1200067,101004261,324,8709.12
2025-09,1200067,101070040,238,2370.48
2025-09,1200067,101070105,432,6773.76
2025-09,1200067,101070162,288,3594.24
2025-09,1200067,101070168,288,3594.24
2025-09,1200077,101001911,150,2356.5
2025-09,1200077,101003648,16368,230294.24
2025-09,1200077,101004125,6885,103539.6
2025-09,1200077,101004196,11904,121149.12000000001
2025-09,1200077,101004225,0,2.0
2025-09,1200077,101070156,1701,19217.52
2025-09,1200077,101070163,49725,763813.05
2025-09,1200077,101070166,4725,72829.8
2025-09,1200095,101002381,300,4353.0
2025-09,1200095,101002612,2400,25488.0
2025-09,1200095,101002859,2640,15549.6
2025-09,1200095,101003241,2970,17493.300000000003
2025-09,1200095,101003346,1824,24733.44
2025-09,1200095,101003347,576,7810.5599999999995
2025-09,1200095,101004174,1980,11662.2
2025-09,1200095,101004224,6816,92424.96
2025-09,1200095,101004229,288,7153.92
2025-09,1200095,101004230,1944,48288.96
2025-09,1200095,101004233,3936,42233.28
2025-09,1200095,101004245,672,9112.32
2025-09,1200095,101004257,4992,46325.759999999995
2025-09,1200095,101004261,5256,125513.28
2025-09,1200095,101005690,2304,24860.16
2025-09,1200095,101070105,1344,18224.64
2025-09,1200095,101070156,1134,11952.36
2025-09,1200095,101070162,1512,15936.48
2025-09,1200095,101070168,1197,12616.38
2025-09,1200100,101001911,15525,198344.26
2025-09,1200100,101003648,4224,69515.63
2025-09,1200100,101004098,97632,931609.45
2025-09,1200100,101070106,10208,167996.11
2025-09,1200100,101070107,5120,71474.43000000001
2025-09,1200100,101070163,11295,188470.08
2025-09,1200100,101070166,8955,149424.48
2025-09,1200113,101002381,1575,22515.75
2025-09,1200113,101002612,2850,28722.0
2025-09,1200113,101002715,1280,11236.8
2025-09,1200113,101002717,480,4238.4
2025-09,1200113,101003241,990,5692.5
2025-09,1200113,101003347,480,6416.64
2025-09,1200113,101004224,2520,33693.119999999995
2025-09,1200113,101004233,2880,28022.4
2025-09,1200113,101004257,1488,13480.8
2025-09,1200113,101004261,2304,57280.32
2025-09,1200113,101070156,756,8493.66
2025-09,1200113,101070158,756,8525.79
2025-09,1200113,101070162,1953,22219.47
2025-09,1200113,101070165,1134,13119.119999999999
2025-09,1200113,101070168,1071,11334.960000000001
2025-09,1200140,101002859,360,1872.0
2025-09,1200140,101003347,1512,19555.199999999997
2025-09,1200140,101003360,360,1872.0
2025-09,1200140,101004141,1620,23112.0
2025-09,1200140,101004174,360,1872.0
2025-09,1200140,101004183,360,1872.0
2025-09,1200140,101004229,324,8657.28
2025-09,1200140,101004230,648,17314.56
2025-09,1200140,101004261,810,18036.0
2025-09,1200140,101070105,2160,33523.2
2025-09,1200140,101070162,1728,21150.72
2025-09,1200140,101070165,144,1762.56
2025-09,1200148,101002381,75,1207.5
2025-09,1200148,101002612,150,1432.5
2025-09,1200148,101002716,162,1444.5
2025-09,1200148,101002859,360,1890.0
2025-09,1200148,101003241,1080,5670.0
2025-09,1200148,101003347,648,8380.8
2025-09,1200148,101003359,360,1890.0
2025-09,1200148,101003360,900,4725.0
2025-09,1200148,101004141,2430,34992.0
2025-09,1200148,101004174,180,945.0
2025-09,1200148,101004245,216,2793.6
2025-09,1200148,101004261,324,8709.12
2025-09,1200148,101070105,432,6704.64
2025-09,1200148,101070162,576,7119.360000000001
2025-09,1200148,101070165,72,889.92
2025-09,1200148,101070168,432,5339.52
2025-09,1200153,101002381,0,-11.98
2025-09,1200153,101002612,600,6840.0
2025-09,1200153,101003241,0,-9.26
2025-09,1200153,101004229,864,21047.04
2025-09,1200153,101004230,1440,35078.4
2025-09,1200153,101004233,576,6615.820000000001
2025-09,1200153,101005690,384,4419.990000000001
2025-09,1200153,101070017,384,4423.68
2025-09,1200153,101070153,567,6392.33
2025-09,1200153,101070156,63,709.78
2025-09,1200153,101070162,0,-1.72
2025-09,1200153,101070165,0,-5.15
2025-09,1200153,101070168,0,-6.87
2025-09,1200173,101002612,300,3294.0
2025-09,1200173,101003346,96,1443.84
2025-09,1200173,101004141,216,3559.68
2025-09,1200173,101004224,288,4331.52
2025-09,1200173,101004233,96,1048.32
2025-09,1200173,101004261,144,3755.52
2025-09,1200173,101005690,96,1048.32
2025-09,1200173,101070156,126,1436.4
2025-09,1200173,101070158,126,1436.4
2025-09,1200173,101070162,315,3591.0
2025-09,1200173,101070165,126,1436.4
2025-09,1200173,101070168,252,2872.8
2025-09,1200180,101002188,288,3369.6
2025-09,1200180,101002402,144,1684.8
2025-09,1200180,101002612,300,3258.0
2025-09,1200180,101002715,360,3294.0
2025-09,1200180,101002717,360,3294.0
2025-09,1200180,101002859,360,2149.2
2025-09,1200180,101004174,360,2149.2
2025-09,1200180,101004233,192,2096.64
2025-09,1200180,101070040,238,2225.3
2025-09,1200180,101070153,288,3369.6
2025-09,1200180,101070154,288,3369.6
2025-09,1200180,101070156,432,5054.4
2025-09,1200180,101070158,288,3369.6
2025-09,1200180,101070162,576,6739.2
2025-09,1200180,101070165,144,1684.8
2025-09,1200180,101070168,720,8424.0
2025-09,1200188,101002381,225,3251.25
2025-09,1200188,101002612,900,9882.0
2025-09,1200188,101003241,1320,7840.8
2025-09,1200188,101004230,504,13144.32
2025-09,1200188,101004233,576,6289.92
2025-09,1200188,101004257,576,5391.36
2025-09,1200188,101004261,216,5633.28
2025-09,1200188,101005690,576,6289.92
2025-09,1200188,101070156,126,1436.4
2025-09,1200197,101002381,0,5.99
2025-09,1200197,101002612,1200,12486.52
2025-09,1200197,101002715,15040,125832.91
2025-09,1200197,101002717,640,5329.86
2025-09,1200197,101003015,7936,108671.49
2025-09,1200197,101003241,4125,23350.6
2025-09,1200197,101003347,672,8528.33
2025-09,1200197,101003360,0,3.0
2025-09,1200197,101004174,0,3.0
2025-09,1200197,101004224,5856,77896.06
2025-09,1200197,101004229,72,1702.24
2025-09,1200197,101004230,648,14287.76
2025-09,1200197,101004233,96,1001.5300000000001
2025-09,1200197,101004257,576,4945.28
2025-09,1200197,101004261,16416,383507.81
2025-09,1200197,101070017,0,3.17
2025-09,1200197,101070040,119,956.76
2025-09,1200197,101070105,672,10106.88
2025-09,1200197,101070153,0,115.94
2025-09,1200197,101070154,441,4612.75
2025-09,1200197,101070156,441,5155.95
2025-09,1200197,101070158,0,170.76
2025-09,1200197,101070162,567,7048.4
2025-09,1200197,101070165,1512,15075.14
2025-09,1200197,101070168,441,4855.72
2025-09,1200200,101002379,26053,512723.04000000004
2025-09,1200200,101002612,7388,85183.64
2025-09,1200200,101002717,10620,104500.8
2025-09,1200200,101002859,8460,59023.8
2025-09,1200200,101003241,4140,27736.2
2025-09,1200200,101003346,3757,59210.32
2025-09,1200200,101003359,4233,30093.09
2025-09,1200200,101004141,2472,45558.96
2025-09,1200200,101004174,5940,37006.200000000004
2025-09,1200200,101004183,5230,32582.9
2025-09,1200200,101004224,3094,48761.44
2025-09,1200200,101004229,579,16385.7
2025-09,1200200,101004230,255,7216.5
2025-09,1200200,101004233,7659,87159.42
2025-09,1200200,101004245,81,1276.56
2025-09,1200200,101004261,2949,90787.1
2025-09,1200200,101005690,3651,41548.38
2025-09,1200200,101070040,623,6909.07
2025-09,1200200,101070105,989,15586.640000000001
2025-09,1200200,101070154,1638,19524.96
2025-09,1200200,101070155,558,3320.1
2025-09,1200200,101070156,5166,61578.72
2025-09,1200200,101070161,1099,6539.05
2025-09,1200200,101070162,3588,42768.96
2025-09,1200200,101070164,5366,31927.7
2025-09,1200200,101070165,5040,60076.799999999996
2025-09,1200200,101070168,7938,94620.96
2025-09,1200236,101002381,450,6502.5
2025-09,1200236,101002612,2400,26352.0
2025-09,1200236,101002859,2160,12830.4
2025-09,1200236,101003241,2160,12830.400000000001
2025-09,1200236,101003346,216,3248.64
2025-09,1200236,101003359,720,4276.8
2025-09,1200236,101003360,1440,8553.6
2025-09,1200236,101004141,1458,5459.8
2025-09,1200236,101004174,1080,6415.200000000001
2025-09,1200236,101004183,720,4276.8
2025-09,1200236,101004224,1080,104.53999999999996
2025-09,1200236,101004229,162,4224.96
2025-09,1200236,101004230,324,8449.92
2025-09,1200236,101004233,576,6289.92
2025-09,1200236,101004245,432,6497.28
2025-09,1200236,101004257,576,5391.36
2025-09,1200236,101004261,0,-12593.3
2025-09,1200236,101005690,384,4193.28
2025-09,1200236,101070017,384,4193.28
2025-09,1200236,101070105,4320,64972.8
2025-09,1200236,101070152,288,1641.6
2025-09,1200236,101070155,288,1641.6
2025-09,1200236,101070156,288,3283.2
2025-09,1200236,101070158,288,3283.2
2025-09,1200236,101070162,2304,26265.6
2025-09,1200236,101070164,288,1641.6
2025-09,1200236,101070165,864,9849.599999999999
2025-09,1200236,101070168,2448,27907.2
2025-09,1200255,101002188,288,3193.34
2025-09,1200255,101002381,75,1095.6
2025-09,1200255,101002402,432,4790.02
2025-09,1200255,101002612,300,3196.08
2025-09,1200255,101002859,360,2106.44
2025-09,1200255,101003241,540,3159.6499999999996
2025-09,1200255,101003346,108,1439.42
2025-09,1200255,101003360,180,1053.22
2025-09,1200255,101004174,180,1053.22
2025-09,1200255,101004183,180,973.08
2025-09,1200255,101004224,108,1524.1
2025-09,1200255,101004229,81,1861.7
2025-09,1200255,101004230,81,1861.7
2025-09,1200255,101004233,192,1919.23
2025-09,1200255,101004245,108,1439.42
2025-09,1200255,101004257,96,861.7
2025-09,1200255,101004261,162,3942.43
2025-09,1200255,101005690,192,1919.23
2025-09,1200255,101070017,96,993.48
2025-09,1200255,101070040,238,2027.05
2025-09,1200255,101070105,432,6773.76
2025-09,1200255,101070153,432,4790.01
2025-09,1200255,101070154,576,6386.6900000000005
2025-09,1200255,101070156,144,1596.67
2025-09,1200255,101070158,432,4790.01
2025-09,1200255,101070162,2160,23950.079999999998
2025-09,1200255,101070165,144,1596.67
2025-09,1200255,101070168,216,2395.01
2025-09,1200256,101002715,640,5696.0
2025-09,1200256,101002859,330,1920.6
2025-09,1200256,101003241,2970,17285.4
2025-09,1200256,101004224,2880,40665.6
2025-09,1200256,101004261,1584,37952.64
2025-09,1200256,101070161,945,5386.5
2025-09,1200265,101002188,144,1814.4
2025-09,1200265,101070040,238,2570.4
2025-09,1200265,101070153,227,3132.6
2025-09,1200265,101070154,720,9244.800000000001
2025-09,1200265,101070156,1296,17193.6
2025-09,1200265,101070158,576,7603.200000000001
2025-09,1200265,101070162,2304,29894.4
2025-09,1200265,101070165,1152,15206.400000000001
2025-09,1200265,101070168,1584,21168.0
2025-09,1200280,101002188,126,1421.28
2025-09,1200280,101002859,165,970.2
2025-09,1200280,101003241,330,1940.4
2025-09,1200280,101004257,288,2661.12
2025-09,1200280,101070154,504,5685.12
2025-09,1200280,101070156,567,6395.76
2025-09,1200280,101070158,297,3350.16
2025-09,1200280,101070162,882,9948.960000000001
2025-09,1200280,101070165,1197,13502.16
2025-09,1200280,101070168,378,4263.84
2025-09,1200288,101002612,7800,76104.0
2025-09,1200288,101004174,360,1857.6
2025-09,1200288,101070153,1872,18682.559999999998
2025-09,1200288,101070162,1728,17245.440000000002
2025-09,1200288,101070165,1872,18682.559999999998
2025-09,1200288,101070168,432,4311.36
2025-09,1200363,101002381,1200,15615.6
2025-09,1200363,101002612,900,8943.48
2025-09,1200363,101004224,864,12202.44
2025-09,1200363,101004230,1296,30569.01
2025-09,1200363,101004233,1152,11321.86
2025-09,1200363,101004261,1863,45299.22
2025-09,1200363,101070105,1080,14624.06
2025-09,1200400,101002402,108,1069.2
2025-09,1200400,101002716,108,1112.4
2025-09,1200400,101002717,120,996.0
2025-09,1200400,101070156,540,5454.0
2025-09,1200400,101070158,432,4363.2
2025-09,1200400,101070162,972,9817.2
2025-09,1200400,101070165,324,3272.3999999999996
2025-09,1200400,101070168,486,4908.6
2025-09,1200419,101002188,441,4697.43
2025-09,1200419,101002402,630,6731.070000000001
2025-09,1200419,101002612,600,5863.19
2025-09,1200419,101002715,800,6464.57
2025-09,1200419,101002859,660,3459.85
2025-09,1200419,101003241,825,4322.1900000000005
2025-09,1200419,101003346,288,3676.39
2025-09,1200419,101003359,330,1735.18
2025-09,1200419,101004141,360,5173.200000000001
2025-09,1200419,101004174,660,3470.37
2025-09,1200419,101004230,288,6772.179999999999
2025-09,1200419,101004233,384,3663.77
2025-09,1200419,101004261,432,10158.27
2025-09,1200419,101070153,441,4689.4800000000005
2025-09,1200419,101070154,945,10128.43
2025-09,1200419,101070156,1071,11452.39
2025-09,1200419,101070162,567,6085.01
2025-09,1200419,101070165,567,6085.01
2025-09,1200424,101002188,144,1437.12
2025-09,1200424,101002402,432,4224.96
2025-09,1200424,101002612,450,4374.0
2025-09,1200424,101003241,720,3715.2
2025-09,1200424,101004224,216,2782.08
2025-09,1200424,101070040,60,482.4
2025-09,1200424,101070079,1080,6350.4
2025-09,1200424,101070153,576,5748.48
2025-09,1200424,101070154,288,2874.24
2025-09,1200424,101070156,1152,11496.96
2025-09,1200424,101070158,720,7185.599999999999
2025-09,1200424,101070162,2016,20119.68
2025-09,1200424,101070165,576,5748.48
2025-09,1200424,101070168,1296,12934.08
2025-09,1200441,101002381,450,6435.0
2025-09,1200441,101002402,108,1218.24
2025-09,1200441,101002612,165,1801.8
2025-09,1200441,101003241,360,2116.8
2025-09,1200441,101003347,120,1785.6
2025-09,1200441,101004224,432,6428.16
2025-09,1200441,101004261,486,12597.119999999999
2025-09,1200441,101070153,144,1624.32
2025-09,1200441,101070154,171,1928.88
2025-09,1200441,101070156,288,3248.64
2025-09,1200441,101070158,144,1624.32
2025-09,1200441,101070162,144,1624.32
2025-09,1200441,101070165,144,1624.32
2025-09,1200441,101070168,288,3248.64
2025-09,1200460,101002612,1500,16650.0
2025-09,1200460,101002859,360,0.0
2025-09,1200460,101003241,1800,10908.0
2025-09,1200460,101003346,648,9849.6
2025-09,1200460,101003347,1080,16416.0
2025-09,1200460,101003359,360,2181.6
2025-09,1200460,101003360,360,0.0
2025-09,1200460,101004230,162,4250.88
2025-09,1200460,101004233,384,4262.4
2025-09,1200460,101004245,432,3283.2
2025-09,1200460,101070105,648,9849.6
2025-09,1200473,101002188,189,2381.4
2025-09,1200473,101002402,252,3175.2
2025-09,1200473,101002612,30,312.66
2025-09,1200473,101002859,165,944.46
2025-09,1200473,101003241,165,1049.4
2025-09,1200473,101003347,42,592.7
2025-09,1200473,101004141,32,502.27
2025-09,1200473,101004174,165,944.46
2025-09,1200473,101004224,42,592.7
2025-09,1200473,101004229,36,876.1
2025-09,1200473,101004230,32,778.75
2025-09,1200473,101004233,34,359.86
2025-09,1200473,101004257,24,220.32
2025-09,1200473,101004261,32,778.75
2025-09,1200473,101070153,252,3175.2
2025-09,1200473,101070154,441,5556.6
2025-09,1200473,101070156,693,8731.8
2025-09,1200473,101070158,315,3969.0
2025-09,1200473,101070162,252,3175.2
2025-09,1200473,101070165,189,2381.4
2025-09,1200473,101070168,630,7938.0
2025-09,1200514,101002381,675,9603.75
2025-09,1200514,101002402,1134,12594.960000000001
2025-09,1200514,101003346,1248,16811.52
2025-09,1200514,101004224,4032,54389.76
2025-09,1200514,101004233,2784,25780.8
2025-09,1200514,101004257,2016,16628.16
2025-09,1200514,101070153,945,10432.8
2025-09,1200514,101070156,1449,16059.960000000001
2025-09,1200514,101070162,4536,50417.64
2025-09,1200514,101070165,1764,19638.36
2025-09,1200514,101070168,1701,18892.440000000002
2025-09,1200518,101001911,6375,80557.68
2025-09,1200518,101003648,2552,36609.36
2025-09,1200518,101004098,86208,809616.33
2025-09,1200518,101070106,5104,76685.04
2025-09,1200518,101070107,7040,97646.92
2025-09,1200548,101004174,3465,21661.199999999997
2025-09,1200548,101004196,1728,16588.8
2025-09,1200548,101004224,24288,366377.28
2025-09,1200548,101070156,7434,84375.9
2025-09,1200548,101070162,4410,50053.5
2025-09,1200610,101002188,63,707.09
2025-09,1200610,101002715,160,1480.57
2025-09,1200610,101002717,100,925.35
2025-09,1200610,101070154,126,1414.17
2025-09,1200610,101070156,567,6363.78
2025-09,1200610,101070158,126,1414.17
2025-09,1200610,101070162,882,9899.22
2025-09,1200610,101070165,441,4949.6
2025-09,1200610,101070168,1701,19091.34
2025-09,1200611,101002188,63,707.09
2025-09,1200611,101002402,63,707.09
2025-09,1200611,101002715,480,4441.68
2025-09,1200611,101003241,825,4826.74
2025-09,1200611,101004224,192,2842.68
2025-09,1200611,101004233,96,1031.62
2025-09,1200611,101004257,96,882.6
2025-09,1200611,101004261,144,3713.82
2025-09,1200611,101005690,96,1031.62
2025-09,1200611,101070154,63,707.09
2025-09,1200611,101070156,126,1414.17
2025-09,1200611,101070162,693,7777.95
2025-09,1200611,101070165,126,1414.17
2025-09,1200649,101002188,216,2436.48
2025-09,1200649,101002381,75,1072.5
2025-09,1200649,101002402,72,812.16
2025-09,1200649,101002717,360,2790.0
2025-09,1200649,101002859,180,882.0
2025-09,1200649,101003015,144,2332.8
2025-09,1200649,101003241,840,4116.0
2025-09,1200649,101003347,108,1339.2
2025-09,1200649,101004141,81,1109.76
2025-09,1200649,101004230,41,1062.72
2025-09,1200649,101004257,96,739.2
2025-09,1200649,101004261,162,4199.04
2025-09,1200649,101070105,148,2202.24
2025-09,1200649,101070153,72,812.16
2025-09,1200649,101070154,288,3248.64
2025-09,1200649,101070156,144,1624.32
2025-09,1200649,101070158,144,1624.32
2025-09,1200649,101070162,1152,12994.56
2025-09,1200649,101070165,720,8121.6
2025-09,1200654,101001911,32625,412265.8
2025-09,1200654,101002622,560,8201.96
2025-09,1200654,101003648,7128,107094.65
2025-09,1200654,101004098,60096,566861.56
2025-09,1200654,101004125,180,2921.12
2025-09,1200654,101070106,24112,362270.75
2025-09,1200654,101070107,256,3550.79
2025-09,1200654,101070163,495,8146.380000000001
2025-09,1200657,101003648,8712,129449.15
2025-09,1200657,101004098,71808,676061.94
2025-09,1200657,101070106,23408,351693.47
2025-09,1200659,101001911,19650,248307.18
2025-09,1200659,101002622,27600,400440.58
2025-09,1200659,101003648,15400,231377.29
2025-09,1200659,101004098,61440,579538.98
2025-09,1200659,101004125,585,9493.64
2025-09,1200659,101070106,16984,255176.13
2025-09,1200659,101070163,2340,38510.09
2025-09,1200671,101001911,900,11372.84
2025-09,1200671,101002622,960,14060.53
2025-09,1200671,101003648,440,6610.78
2025-09,1200671,101004098,45984,434936.0
2025-09,1200671,101004125,1035,16796.44
2025-09,1200671,101070106,1672,25751.39
2025-09,1200671,101070107,6784,94703.62
2025-09,1200671,101070163,2790,45915.89
2025-09,1200682,101001911,450,5686.43
2025-09,1200682,101002622,320,4686.84
2025-09,1200682,101003648,4576,68752.1
2025-09,1200682,101004098,54240,511624.23
2025-09,1200682,101004125,180,2921.12
2025-09,1200682,101070106,18040,271041.97
2025-09,1200682,101070107,256,3550.8
2025-09,1200682,101070163,270,4443.48
2025-09,1200698,101002381,300,4335.0
2025-09,1200698,101002612,3600,32940.0
2025-09,1200698,101002859,720,4276.8
2025-09,1200698,101003241,4320,21384.0
2025-09,1200698,101003346,1080,16243.2
2025-09,1200698,101003347,5184,64972.8
2025-09,1200698,101003359,360,2138.4
2025-09,1200698,101003360,720,4276.8
2025-09,1200698,101004141,972,13348.8
2025-09,1200698,101004224,4968,74718.72
2025-09,1200698,101004230,972,25349.76
2025-09,1200698,101004233,384,4193.28
2025-09,1200698,101004245,1296,16243.2
2025-09,1200698,101004261,1944,50699.52
2025-09,1200698,101070017,192,2096.64
2025-09,1200698,101070105,1512,22740.48
2025-09,1200698,101070162,1296,14774.4
2025-09,1200698,101070168,1296,14774.4
2025-09,1200706,101002612,600,6588.0
2025-09,1200706,101003241,720,4276.8
2025-09,1200706,101004224,864,12994.56
2025-09,1200706,101004257,576,5391.36
2025-09,1200706,101004261,486,12674.88
2025-09,1200711,101001911,11175,141212.86000000002
2025-09,1200711,101002622,1200,17575.66
2025-09,1200711,101003648,176,2644.32
2025-09,1200711,101004098,82176,775133.39
2025-09,1200711,101004125,1530,24829.52
2025-09,1200711,101070106,1584,23798.82
2025-09,1200711,101070107,12032,166887.48
2025-09,1200711,101070163,13050,214767.74000000002
2025-09,1200711,101070166,270,4443.48
2025-09,1200713,101002381,150,2415.0
2025-09,1200713,101002715,720,6984.0
2025-09,1200713,101002716,972,8667.0
2025-09,1200713,101003347,432,5587.2
2025-09,1200713,101003359,360,1890.0
2025-09,1200713,101003360,360,1890.0
2025-09,1200713,101004141,486,6998.4
2025-09,1200713,101004174,360,1890.0
2025-09,1200713,101004245,432,5587.2
2025-09,1200713,101004257,192,1603.2
2025-09,1200713,101004261,162,4354.56
2025-09,1200713,101070017,192,1852.8
2025-09,1200713,101070040,238,2356.2
2025-09,1200713,101070105,216,3352.32
2025-09,1200713,101070161,576,3559.68
2025-09,1200713,101070167,288,1779.84
2025-09,1200718,101002381,150,2490.0
2025-09,1200718,101002612,1200,11580.0
2025-09,1200718,101002715,720,7056.0
2025-09,1200718,101002859,1440,8013.6
2025-09,1200718,101003241,2520,13356.0
2025-09,1200718,101003347,2376,31046.4
2025-09,1200718,101003359,720,3816.0
2025-09,1200718,101003360,540,2862.0
2025-09,1200718,101004141,2592,37670.4
2025-09,1200718,101004174,1080,5724.0
2025-09,1200718,101004229,162,4380.48
2025-09,1200718,101004257,576,4896.0
2025-09,1200718,101004261,1944,52565.76
2025-09,1200718,101070040,119,1192.38
2025-09,1200718,101070105,1080,16934.4
2025-09,1200718,101070156,432,5443.200000000001
2025-09,1200718,101070161,864,5443.200000000001
2025-09,1200718,101070162,1296,16329.599999999999
2025-09,1200718,101070165,144,1814.4
2025-09,1200718,101070167,864,5443.200000000001
2025-09,1200718,101070168,432,5443.2
2025-09,1200719,101002715,180,1764.0
2025-09,1200719,101002717,360,2940.0
2025-09,1200719,101002859,360,1908.0
2025-09,1200719,101003241,720,3816.0
2025-09,1200719,101003347,216,2822.4
2025-09,1200719,101003359,360,1908.0
2025-09,1200719,101003360,360,1908.0
2025-09,1200719,101004141,486,7063.2
2025-09,1200719,101004174,180,954.0
2025-09,1200719,101004183,180,954.0
2025-09,1200719,101004229,81,2190.24
2025-09,1200719,101004230,81,2190.24
2025-09,1200719,101004245,216,2822.4
2025-09,1200719,101004261,243,6570.72
2025-09,1200719,101005690,96,940.8
2025-09,1200719,101070105,648,10160.64
2025-09,1200719,101070162,288,3628.8
2025-09,1200719,101070165,144,1814.4
2025-09,1200719,101070168,288,3628.8
2025-09,1200720,101002381,150,2422.5
2025-09,1200720,101002612,150,1440.0
2025-09,1200720,101002715,1440,14112.0
2025-09,1200720,101002717,360,2940.0
2025-09,1200720,101002859,180,954.0
2025-09,1200720,101003015,288,4838.4
2025-09,1200720,101003241,2160,11448.0
2025-09,1200720,101003346,108,1693.44
2025-09,1200720,101003347,216,2822.4
2025-09,1200720,101003359,180,954.0
2025-09,1200720,101004141,972,13996.8
2025-09,1200720,101004174,180,954.0
2025-09,1200720,101004183,180,954.0
2025-09,1200720,101004224,216,3386.88
2025-09,1200720,101004230,81,2177.28
2025-09,1200720,101004233,192,1862.4
2025-09,1200720,101004245,216,2822.4
2025-09,1200720,101004257,192,1612.8
2025-09,1200720,101004261,324,8709.12
2025-09,1200720,101070105,216,3386.88
2025-09,1200720,101070156,72,898.56
2025-09,1200742,101002612,1500,16380.0
2025-09,1200742,101002715,1440,13392.0
2025-09,1200742,101002717,720,6696.0
2025-09,1200742,101070153,432,4872.96
2025-09,1200742,101070154,1728,19491.84
2025-09,1200742,101070156,1152,12994.56
2025-09,1200742,101070158,1008,11370.24
2025-09,1200742,101070162,2160,24364.8
2025-09,1200742,101070165,576,6497.28
2025-09,1200763,101001911,845,13263.07
2025-09,1200763,101002402,3158,31064.78
2025-09,1200763,101002612,22650,214301.27000000002
2025-09,1200763,101002715,720,5682.42
2025-09,1200763,101002859,1293,6676.14
2025-09,1200763,101003241,23595,123819.99
2025-09,1200763,101003346,12379,152569.76
2025-09,1200763,101003347,8772,108259.14
2025-09,1200763,101003359,2295,12023.36
2025-09,1200763,101004141,5795,83045.73
2025-09,1200763,101004224,30528,370331.21
2025-09,1200763,101004229,6979,153992.31
2025-09,1200763,101004230,18218,401355.68
2025-09,1200763,101004233,9293,87956.09
2025-09,1200763,101004245,192,2329.84
2025-09,1200763,101004257,6789,47190.009999999995
2025-09,1200763,101004261,38592,856117.56
2025-09,1200763,101005690,4274,39381.8
2025-09,1200763,101070105,28992,366213.82
2025-09,1200763,101070153,8635,86740.34999999999
2025-09,1200763,101070154,1345,13437.49
2025-09,1200763,101070156,13561,136094.36
2025-09,1200763,101070158,952,9434.0
2025-09,1200763,101070161,47790,240021.13
2025-09,1200763,101070162,1099,10948.15
2025-09,1200763,101070164,20925,104763.0
2025-09,1200763,101070165,5463,54407.71
2025-09,1200763,101070168,2702,26427.29
2025-09,1200769,101002612,1800,15566.4
2025-09,1200769,101002717,360,2661.12
2025-09,1200769,101003015,861,10960.58
2025-09,1200769,101003241,1440,6914.88
2025-09,1200769,101003346,1242,14683.68
2025-09,1200769,101003347,864,10005.11
2025-09,1200769,101004224,2376,27827.71
2025-09,1200769,101004233,1152,10215.93
2025-09,1200769,101004257,768,5908.9800000000005
2025-09,1200769,101004261,2592,52920.89
2025-09,1200769,101070154,576,5354.49
2025-09,1200769,101070156,1440,13337.869999999999
2025-09,1200769,101070158,432,4040.0600000000004
2025-09,1200769,101070162,1008,9297.79
2025-09,1200769,101070165,432,3943.3
2025-09,1200769,101070168,2304,21224.449999999997
2025-09,1200771,101002612,1200,13074.0
2025-09,1200771,101002715,2080,19443.2
2025-09,1200771,101003241,660,4095.2999999999997
2025-09,1200771,101003346,144,2021.76
2025-09,1200771,101003347,288,4200.96
2025-09,1200771,101004224,1536,22510.08
2025-09,1200771,101004245,84,1179.36
2025-09,1200771,101004257,384,3870.72
2025-09,1200771,101070156,441,5206.32
2025-09,1200771,101070158,63,711.9
2025-09,1200771,101070162,126,1423.8
2025-09,1200771,101070165,189,2135.7
2025-09,1200771,101070168,693,8351.28
2025-09,1200781,101002188,36,392.66999999999996
2025-09,1200781,101002402,36,392.66999999999996
2025-09,1200781,101002715,160,1372.8
2025-09,1200781,101003241,360,2138.4
2025-09,1200781,101004174,360,2138.4
2025-09,1200781,101004261,72,1696.32
2025-09,1200781,101070040,34,314.16
2025-09,1200781,101070153,36,392.66999999999996
2025-09,1200781,101070154,45,494.19
2025-09,1200781,101070156,126,1421.28
2025-09,1200781,101070158,63,710.64
2025-09,1200781,101070162,63,710.64
2025-09,1200781,101070165,567,6395.76
2025-09,1200781,101070168,252,2842.56
2025-09,1200785,101002188,252,3144.96
2025-09,1200785,101002402,252,3144.96
2025-09,1200785,101002612,150,1728.0
2025-09,1200785,101002715,480,4704.0
2025-09,1200785,101002717,160,1568.0
2025-09,1200785,101002859,165,1049.4
2025-09,1200785,101003241,330,2098.8
2025-09,1200785,101004174,165,1049.4
2025-09,1200785,101070153,252,3144.96
2025-09,1200785,101070154,441,5503.68
2025-09,1200785,101070156,504,6289.92
2025-09,1200785,101070158,378,4717.44
2025-09,1200785,101070162,441,5503.68
2025-09,1200785,101070165,315,3931.2
2025-09,1200785,101070168,378,4717.44
2025-09,1200786,101002402,441,5115.6
2025-09,1200786,101002612,300,3174.0
2025-09,1200786,101002859,495,2900.7
2025-09,1200786,101003241,825,4834.5
2025-09,1200786,101003359,165,966.9
2025-09,1200786,101004141,216,3443.04
2025-09,1200786,101004174,495,2900.7
2025-09,1200786,101004224,1152,16335.359999999999
2025-09,1200786,101004261,288,7067.52
2025-09,1200786,101070153,504,5846.4
2025-09,1200786,101070154,882,10231.2
2025-09,1200786,101070156,819,9500.4
2025-09,1200786,101070158,441,5115.6
2025-09,1200786,101070162,630,7308.0
2025-09,1200786,101070165,630,7308.0
2025-09,1200786,101070168,1134,13154.4
2025-09,1200793,101002188,63,917.91
2025-09,1200793,101002612,212,2645.76
2025-09,1200793,101002859,495,3568.95
2025-09,1200793,101004174,495,3568.9500000000003
2025-09,1200793,101070153,63,917.91
2025-09,1200793,101070154,882,12850.74
2025-09,1200793,101070156,63,917.91
2025-09,1200793,101070158,260,3788.2
2025-09,1200793,101070162,1359,19800.63
2025-09,1200793,101070165,216,3147.12
2025-09,1200793,101070168,1419,20674.83
2025-09,1200797,101002188,72,812.16
2025-09,1200797,101002612,600,5460.0
2025-09,1200797,101003241,720,3528.0
2025-09,1200797,101003346,0,-337.76
2025-09,1200797,101003347,0,-491.7
2025-09,1200797,101004141,162,2203.2
2025-09,1200797,101004174,360,1764.0
2025-09,1200797,101004261,162,3762.29
2025-09,1200797,101070154,72,657.25
2025-09,1200797,101070158,72,812.16
2025-09,1200797,101070168,108,1218.24
2025-09,1200806,101002612,0,-684.0
2025-09,1200806,101003241,360,2095.2
2025-09,1200806,101003346,0,-604.8
2025-09,1200806,101003347,0,-604.8
2025-09,1200806,101004224,2160,30844.8
2025-09,1200806,101004230,162,3285.3599999999997
2025-09,1200806,101004261,0,-1782.0
2025-09,1200806,101070040,0,-942.48
2025-09,1200806,101070154,432,4872.96
2025-09,1200806,101070156,288,3386.88
2025-09,1200806,101070158,144,1693.44
2025-09,1200806,101070162,0,-622.08
2025-09,1200806,101070165,432,5080.32
2025-09,1200806,101070168,720,8052.4800000000005
2025-09,1200826,101002715,60,492.6
2025-09,1200826,101004257,60,440.4
2025-09,1200839,101003346,432,6497.28
2025-09,1200839,101004224,216,3248.64
2025-09,1200839,101070153,144,1641.6
2025-09,1200839,101070154,144,1641.6
2025-09,1200839,101070156,144,1641.6
2025-09,1200839,101070158,144,1641.6
2025-09,1200839,101070162,144,1641.6
2025-09,1200839,101070165,144,1641.6
2025-09,1200839,101070168,144,1641.6
2025-09,1200841,101002381,5550,74254.56
2025-09,1200841,101002612,6300,56007.9
2025-09,1200841,101002859,6840,34084.67
2025-09,1200841,101003241,5400,27643.329999999998
2025-09,1200841,101003347,3024,34849.01
2025-09,1200841,101004224,7128,71705.33
2025-09,1200841,101004229,1620,32394.74
2025-09,1200841,101004230,3240,67852.76
2025-09,1200841,101004233,5952,49525.35
2025-09,1200841,101004261,12474,281699.34
2025-09,1200841,101005690,4032,32971.77
2025-09,1200841,101070017,2112,17315.079999999998
2025-09,1200841,101070040,1904,19192.32
2025-09,1200841,101070105,5184,71953.92
2025-09,1200841,101070152,31680,167219.74
2025-09,1200841,101070155,49536,262609.77
2025-09,1200841,101070161,44352,231787.02
2025-09,1200841,101070164,32544,170531.5
2025-09,1200841,101070167,43776,230643.81999999998
2025-09,1200854,101002715,1800,15660.0
2025-09,1200854,101002716,324,3142.8
2025-09,1200854,101002717,360,3132.0
2025-09,1200854,101003241,360,2052.0
2025-09,1200854,101003347,216,3075.84
2025-09,1200854,101004141,162,2592.0
2025-09,1200854,101004224,1512,21530.88
2025-09,1200854,101004245,432,6151.68
2025-09,1200854,101070156,576,6566.4
2025-09,1200854,101070162,432,4924.8
2025-09,1200854,101070165,144,1641.6
2025-09,1200854,101070168,432,4924.8
2025-09,1200872,101003241,1800,8910.0
2025-09,1200872,101003359,360,1782.0
2025-09,1200872,101004245,432,5414.4
2025-09,1200872,101070105,1080,16243.2
2025-09,1200929,101003360,1440,7128.0
2025-09,1200929,101004141,972,13348.8
2025-09,1200929,101070105,1080,16243.2
2025-09,1200933,101002612,300,2730.0
2025-09,1200933,101002715,1080,10044.0
2025-09,1200933,101002859,180,882.0
2025-09,1200933,101003015,576,9331.2
2025-09,1200933,101003241,360,1764.0
2025-09,1200933,101003359,180,882.0
2025-09,1200933,101003360,180,882.0
2025-09,1200933,101004224,108,1607.04
2025-09,1200933,101004261,162,4199.04
2025-09,1200933,101070105,108,1607.04
2025-09,1200933,101070162,720,8121.6
2025-09,1200933,101070165,720,8121.6
2025-09,1200933,101070168,1296,14618.88
2025-09,1200943,101002188,144,1612.8
2025-09,1200943,101002715,360,3160.8
2025-09,1200943,101002859,360,2268.0
2025-09,1200943,101003241,1440,8640.0
2025-09,1200943,101004174,360,2268.0
2025-09,1200943,101070154,144,1779.84
2025-09,1200943,101070156,576,6785.28
2025-09,1200943,101070158,144,1779.84
2025-09,1200943,101070162,576,6785.28
2025-09,1200943,101070165,576,6785.28
2025-09,1200948,101002612,300,2730.0
2025-09,1200948,101002716,324,2754.0
2025-09,1200948,101002859,360,1764.0
2025-09,1200948,101003015,288,4665.6
2025-09,1200948,101003241,1800,8820.0
2025-09,1200948,101003346,216,3214.08
2025-09,1200948,101003347,648,8035.2
2025-09,1200948,101003360,360,1764.0
2025-09,1200948,101004141,486,6609.6
2025-09,1200948,101070154,144,1624.32
2025-09,1200948,101070165,144,1624.32
2025-09,1200949,101002612,150,1432.5
2025-09,1200949,101003241,180,945.0
2025-09,1200949,101070017,96,926.4
2025-09,1200949,101070105,216,3352.32
2025-09,1200949,101070153,72,889.92
2025-09,1200949,101070156,288,3559.68
2025-09,1200949,101070168,1800,22248.0
2025-09,1200956,101002402,126,1297.8
2025-09,1200956,101004257,384,3847.68
2025-09,1200956,101070156,126,1297.8
2025-09,1200956,101070162,190,1952.88
2025-09,1200956,101070165,63,655.08
2025-09,1200978,101002188,144,1797.12
2025-09,1200978,101004224,216,3386.88
2025-09,1200978,101070153,144,1797.12
2025-09,1200978,101070154,144,1797.12
2025-09,1200978,101070156,576,7188.48
2025-09,1200978,101070158,288,3594.24
2025-09,1200978,101070162,1008,12579.84
2025-09,1200978,101070165,576,7188.48
2025-09,1200978,101070168,1296,16174.08
2025-09,1200984,101004224,15552,189889.92
2025-09,1200984,101004230,5184,108760.32
2025-09,1200985,101001911,4500,57073.16
2025-09,1200985,101002622,4240,61866.29
2025-09,1200985,101003648,616,9759.45
2025-09,1200985,101004098,18912,179524.12
2025-09,1200985,101004125,4185,68232.6
2025-09,1200985,101070106,3256,50180.65
2025-09,1200985,101070107,2048,28406.37
2025-09,1200985,101070163,13725,226830.16
2025-09,1200989,101004196,3360,31854.8
2025-09,1200989,101070163,900,12942.0
2025-09,1200989,101070166,2025,29119.5
2025-09,1200995,101002716,1296,11664.0
2025-09,1200995,101002717,1440,11760.0
2025-09,1200995,101002859,360,1908.0
2025-09,1200995,101003241,720,3816.0
2025-09,1200995,101003347,1080,14112.0
2025-09,1200995,101003359,360,1908.0
2025-09,1200995,101003360,360,1908.0
2025-09,1200995,101004141,1782,25898.399999999998
2025-09,1200995,101004183,360,1908.0
2025-09,1200995,101004224,432,6773.76
2025-09,1200995,101004245,432,5644.8
2025-09,1200995,101004261,324,8760.96
2025-09,1200995,101070105,1728,27095.04
2025-09,1200995,101070156,0,-6694.48
2025-09,1200996,101070162,126,1421.28
2025-09,1200996,101070165,63,710.64
2025-09,1201009,101002381,75,825.75
2025-09,1201009,101003133,3600,22716.0
2025-09,1201009,101003346,216,2183.76
2025-09,1201009,101003347,540,5459.400000000001
2025-09,1201009,101003359,180,766.8
2025-09,1201009,101003360,180,766.8
2025-09,1201009,101003456,576,4406.4
2025-09,1201009,101003457,1060,4515.6
2025-09,1201009,101004141,648,7134.48
2025-09,1201009,101004219,972,6687.36
2025-09,1201009,101004224,1512,15286.320000000002
2025-09,1201009,101004229,405,7354.8
2025-09,1201009,101004230,648,11767.68
2025-09,1201009,101004245,108,1091.88
2025-09,1201009,101004257,192,1274.88
2025-09,1201009,101004261,648,11767.68
2025-09,1201009,101070162,432,3304.7999999999997
2025-09,1201009,101070165,432,3304.7999999999997
2025-09,1201012,101002612,900,8190.0
2025-09,1201012,101002859,720,3528.0
2025-09,1201012,101003241,1440,7056.0
2025-09,1201012,101003347,648,8035.2
2025-09,1201012,101003359,720,3528.0
2025-09,1201012,101003360,360,1764.0
2025-09,1201012,101004141,1134,15422.4
2025-09,1201012,101004174,720,3528.0
2025-09,1201012,101004183,360,1764.0
2025-09,1201012,101004233,576,5184.0
2025-09,1201012,101004245,216,2678.4
2025-09,1201012,101004257,576,4435.200000000001
2025-09,1201012,101005690,192,1728.0
2025-09,1201012,101070017,192,1728.0
2025-09,1201012,101070040,238,2199.12
2025-09,1201014,101002612,30,285.0
2025-09,1201014,101002859,20,106.08
2025-09,1201014,101003241,300,1560.0
2025-09,1201014,101003346,10,155.2
2025-09,1201014,101003347,120,1552.0
2025-09,1201014,101003359,189,985.92
2025-09,1201014,101004141,180,2568.0
2025-09,1201014,101004174,20,106.08
2025-09,1201014,101004233,20,195.84
2025-09,1201014,101004261,20,534.4
2025-09,1201014,101070105,120,1862.4
2025-09,1201020,101002716,648,5562.0
2025-09,1201020,101002859,360,1782.0
2025-09,1201020,101003241,720,3564.0
2025-09,1201020,101003347,432,5414.4
2025-09,1201020,101004141,486,6674.4
2025-09,1201020,101004245,432,5414.4
2025-09,1201020,101070105,1080,16243.2
2025-09,1201031,101004141,324,4406.4
2025-09,1201031,101070105,2160,32486.4
2025-09,1201031,101070156,576,6497.28
2025-09,1201031,101070158,720,8121.6
2025-09,1201031,101070168,1008,9745.92
2025-09,1201033,101003133,7200,47232.0
2025-09,1201033,101003456,1440,11433.6
2025-09,1201035,101002612,4350,50004.0
2025-09,1201035,101002715,160,1552.0
2025-09,1201035,101002859,165,1039.5
2025-09,1201035,101003241,825,5227.200000000001
2025-09,1201035,101004174,4455,28264.5
2025-09,1201035,101070153,10332,128414.16
2025-09,1201035,101070156,7434,92504.16
2025-09,1201035,101070158,11655,144842.04
2025-09,1201035,101070162,11592,144070.91999999998
2025-09,1201035,101070165,10962,136178.28
2025-09,1201035,101070168,8316,103420.8
2025-09,1201037,101002381,30,470.7
2025-09,1201037,101002859,105,632.1
2025-09,1201037,101003346,48,698.88
2025-09,1201037,101003360,415,2498.3
2025-09,1201037,101004141,36,577.44
2025-09,1201037,101004174,45,270.9
2025-09,1201037,101004183,45,270.9
2025-09,1201037,101004229,36,896.4
2025-09,1201037,101004230,36,896.4
2025-09,1201037,101004233,64,704.64
2025-09,1201037,101005690,64,704.64
2025-09,1201037,101070017,48,528.48
2025-09,1201037,101070040,51,477.36
2025-09,1201037,101070105,96,1505.28
2025-09,1201047,101004214,65280,615760.1699999999
2025-09,1201050,101002715,0,-13397.4
2025-09,1201050,101004224,0,-43137.36
2025-09,1201050,101004261,0,-19350.09
2025-09,1201050,101005699,0,-47174.4
2025-09,1201054,101002188,63,710.64
2025-09,1201054,101002402,126,1421.28
2025-09,1201054,101070154,126,1421.28
2025-09,1201054,101070156,441,4974.48
2025-09,1201054,101070158,315,3553.2
2025-09,1201054,101070162,1764,19897.92
2025-09,1201054,101070165,693,7817.04
2025-09,1201054,101070168,189,2131.92
2025-09,1201058,101002188,144,1483.2
2025-09,1201058,101004233,32,370.56
2025-09,1201058,101004257,192,1923.84
2025-09,1201058,101070040,32,267.3
2025-09,1201058,101070154,144,1483.2
2025-09,1201058,101070158,144,1483.2
2025-09,1201058,101070168,288,2966.4
2025-09,1201060,101002715,2400,23520.0
2025-09,1201060,101003241,495,3148.2
2025-09,1201060,101003346,192,3010.56
2025-09,1201060,101003347,192,3010.56
2025-09,1201060,101004141,720,12556.8
2025-09,1201060,101004224,1440,22579.2
2025-09,1201060,101004245,288,4515.84
2025-09,1201060,101004261,648,17521.92
2025-09,1201061,101002188,144,1382.4
2025-09,1201061,101002402,144,1382.4
2025-09,1201061,101003241,720,3513.6
2025-09,1201061,101003346,216,2425.68
2025-09,1201061,101003359,360,1756.8
2025-09,1201061,101004174,360,1756.8
2025-09,1201061,101004224,432,4851.36
2025-09,1201061,101004230,162,3214.08
2025-09,1201061,101004261,324,6428.16
2025-09,1201061,101070154,144,1382.4
2025-09,1201061,101070156,288,2603.52
2025-09,1201061,101070158,144,1301.76
2025-09,1201061,101070162,288,2603.52
2025-09,1201061,101070165,144,1301.76
2025-09,1201065,101002381,87,1405.05
2025-09,1201065,101002612,75,721.98
2025-09,1201065,101002716,81,727.6
2025-09,1201065,101002859,90,472.5
2025-09,1201065,101003241,180,945.0
2025-09,1201065,101003346,36,558.72
2025-09,1201065,101003347,144,1862.3999999999999
2025-09,1201065,101003359,90,472.5
2025-09,1201065,101004141,198,2851.2000000000003
2025-09,1201065,101004174,90,472.5
2025-09,1201065,101004183,90,472.5
2025-09,1201065,101004229,162,4354.56
2025-09,1201065,101004245,144,1862.3999999999999
2025-09,1201065,101004257,48,400.8
2025-09,1201065,101070105,108,1676.16
2025-09,1201065,101070162,108,1334.88
2025-09,1201068,101002402,0,-26.64
2025-09,1201068,101003241,0,-22.8
2025-09,1201068,101003346,0,-44.64
2025-09,1201068,101003347,0,-44.64
2025-09,1201068,101003359,0,-22.8
2025-09,1201068,101003360,0,-11.4
2025-09,1201068,101004141,0,-37.26
2025-09,1201068,101004174,0,-11.4
2025-09,1201068,101004224,0,-66.96
2025-09,1201068,101004230,0,-87.21
2025-09,1201068,101004233,0,-44.48
2025-09,1201068,101004245,0,-44.64
2025-09,1201068,101004257,0,-38.4
2025-09,1201068,101004261,0,-87.21
2025-09,1201068,101005690,0,-22.24
2025-09,1201068,101070153,0,-26.64
2025-09,1201068,101070154,0,-53.28
2025-09,1201068,101070156,0,-39.96
2025-09,1201068,101070158,0,-26.64
2025-09,1201068,101070162,0,-39.96
2025-09,1201068,101070165,0,-26.64
2025-09,1201068,101070168,0,-26.64
2025-09,1201073,101002188,63,716.62
2025-09,1201073,101002402,126,1433.25
2025-09,1201073,101002612,300,3286.8
2025-09,1201073,101002715,160,1500.64
2025-09,1201073,101002717,160,1497.28
2025-09,1201073,101002859,330,1955.91
2025-09,1201073,101003241,330,1955.91
2025-09,1201073,101004141,216,3551.8999999999996
2025-09,1201073,101004224,480,7200.19
2025-09,1201073,101004230,144,3742.78
2025-09,1201073,101004233,480,5232.38
2025-09,1201073,101004257,192,1793.09
2025-09,1201073,101004261,360,9367.56
2025-09,1201073,101070040,119,1106.7
2025-09,1201073,101070153,126,1433.25
2025-09,1201073,101070154,126,1433.25
2025-09,1201073,101070156,189,2148.2999999999997
2025-09,1201073,101070158,126,1433.25
2025-09,1201073,101070162,504,5736.150000000001
2025-09,1201073,101070165,189,2149.87
2025-09,1201073,101070168,315,3581.55
2025-09,1201076,101003347,54,838.08
2025-09,1201076,101004174,90,567.0
2025-09,1201076,101004230,40,1075.2
2025-09,1201076,101004233,96,1111.68
2025-09,1201076,101004257,96,961.92
2025-09,1201076,101005690,48,555.84
2025-09,1201076,101070156,72,741.6
2025-09,1205002,101002859,360,1522.8
2025-09,1205002,101003133,1080,7192.8
2025-09,1205002,101003457,900,3807.0
2025-09,1205002,101070156,144,1167.84
2025-09,1205002,101070158,216,1751.76
2025-09,1205002,101070162,288,2335.68
2025-09,1205005,101002612,600,6624.0
2025-09,1205005,101002859,495,2970.0
2025-09,1205005,101003241,330,1980.0
2025-09,1205005,101003347,192,2887.68
2025-09,1205005,101004224,768,11550.72
2025-09,1205005,101004257,384,3640.32
2025-09,1205005,101005690,192,2119.68
2025-09,1205005,101070156,126,1451.52
2025-09,1205005,101070158,630,7257.6
2025-09,1205005,101070162,1071,12337.92
2025-09,1205005,101070165,252,2903.04
2025-09,1205005,101070168,378,4354.56
2025-09,1205009,101002612,300,2916.0
2025-09,1205009,101002715,160,1312.0
2025-09,1205009,101003015,128,2073.6
2025-09,1205009,101003241,330,1702.8
2025-09,1205009,101004141,72,1175.04
2025-09,1205009,101004224,192,2472.96
2025-09,1205009,101004257,192,1543.68
2025-09,1205009,101004261,72,1866.24
2025-09,1205021,101002859,1440,9763.2
2025-09,1205021,101004174,2880,19526.4
2025-09,1205026,101002715,18000,151200.0
2025-09,1205026,101002717,5040,42336.0
2025-09,1205026,101003241,22680,127915.2
2025-09,1205026,101070155,15840,49651.2
2025-09,1205026,101070161,16416,52519.68000000001
2025-09,1205033,101002188,30,344.4
2025-09,1205033,101002381,10,153.8
2025-09,1205033,101002402,30,344.4
2025-09,1205033,101003347,30,423.29999999999995
2025-09,1205033,101004141,40,622.0
2025-09,1205033,101004224,96,1354.56
2025-09,1205033,101004230,48,1161.12
2025-09,1205033,101004257,30,278.1
2025-09,1205033,101004261,24,580.56
2025-09,1205033,101070017,20,216.0
2025-09,1205033,101070040,30,274.8
2025-09,1205033,101070153,10,114.8
2025-09,1205033,101070154,20,229.6
2025-09,1205033,101070158,10,114.8
2025-09,1205033,101070162,20,229.6
2025-09,1205033,101070165,35,401.79999999999995
2025-09,1205033,101070168,10,115.8
2025-09,1205034,101002715,480,4464.0
2025-09,1205034,101002716,144,1468.8
2025-09,1205034,101003241,330,1940.4
2025-09,1205034,101003347,96,1428.48
2025-09,1205034,101004224,384,5713.92
2025-09,1205034,101004233,384,4147.2
2025-09,1205034,101004257,384,3548.16
2025-09,1205034,101005690,192,2073.6
2025-09,1205034,101070156,126,1421.28
2025-09,1205034,101070158,63,710.64
2025-09,1205034,101070162,315,3553.2
2025-09,1205034,101070168,252,2842.56
2025-09,1205039,101003359,2160,9413.71
2025-09,1205039,101003457,2880,12551.62
2025-09,1205044,101002402,576,6480.0
2025-09,1205044,101004261,162,4017.6
2025-09,1205044,101070153,288,3240.0
2025-09,1205044,101070154,288,3240.0
2025-09,1205044,101070156,720,8100.0
2025-09,1205044,101070158,720,8100.0
2025-09,1205044,101070162,720,8100.0
2025-09,1205044,101070165,576,6480.0
2025-09,1205044,101070168,288,3240.0
2025-09,1205046,101002612,300,2865.0
2025-09,1205046,101002716,324,2889.0
2025-09,1205046,101002859,360,1890.0
2025-09,1205046,101003241,360,1890.0
2025-09,1205046,101003346,108,1676.16
2025-09,1205046,101003347,864,11174.4
2025-09,1205046,101003359,180,945.0
2025-09,1205046,101004141,1215,17504.64
2025-09,1205046,101004174,180,945.0
2025-09,1205046,101004224,756,11733.12
2025-09,1205046,101004230,162,4354.56
2025-09,1205046,101004233,192,1852.8
2025-09,1205046,101004245,108,1396.8
2025-09,1205046,101004257,960,8016.0
2025-09,1205046,101004261,648,17418.24
2025-09,1205046,101070105,432,6704.64
2025-09,1205046,101070167,576,3559.6800000000003
2025-09,1205048,101070154,108,1244.16
2025-09,1205048,101070158,108,1244.16
2025-09,1205048,101070162,108,1244.16
2025-09,1205048,101070165,108,1244.16
2025-09,1205051,101002402,0,-712.51
2025-09,1205051,101002612,1200,11580.0
2025-09,1205051,101002716,324,2916.0
2025-09,1205051,101002717,360,2940.0
2025-09,1205051,101002859,1800,9540.0
2025-09,1205051,101003015,0,-579.77
2025-09,1205051,101003241,4680,24804.0
2025-09,1205051,101003347,1080,14112.0
2025-09,1205051,101003359,1080,5724.0
2025-09,1205051,101003360,360,1908.0
2025-09,1205051,101004141,809,11772.0
2025-09,1205051,101004174,720,3816.0
2025-09,1205051,101004224,0,-1649.07
2025-09,1205051,101004229,0,-525.03
2025-09,1205051,101004230,0,-525.03
2025-09,1205051,101004233,960,9408.0
2025-09,1205051,101004245,216,2822.4
2025-09,1205051,101004257,576,4896.0
2025-09,1205051,101004261,0,-1046.02
2025-09,1205051,101070154,0,-712.51
2025-09,1205051,101070156,0,-950.01
2025-09,1205051,101070158,0,-950.01
2025-09,1205051,101070162,144,1814.4
2025-09,1205051,101070165,144,389.3900000000001
2025-09,1205053,101002715,8352,65520.0
2025-09,1205053,101003241,14400,67737.6
2025-09,1205057,101002402,126,1421.28
2025-09,1205057,101070162,126,1421.28
2025-09,1205057,101070165,252,2842.56
2025-09,C5800,101002613,10200,86630.64
2025-09,C5800,101003028,9000,41310.0
2025-09,C5800,101003118,21600,99144.0
2025-09,C5800,101003119,27720,127234.8
2025-09,C5800,101003122,16200,74358.0
2025-09,C5800,101003207,27720,200936.74
2025-09,C5800,101003236,4549,20879.91
2025-09,C5800,101003242,39960,183416.4
2025-09,C5800,101003449,7200,33048.0
2025-09,C5800,101003941,56192,732114.3099999999
2025-09,C5800,101004148,152256,1275539.9100000001
2025-09,C5800,101004189,35640,413694.86
2025-09,C5800,101004226,5670,118174.14
2025-09,C5800,101004246,3456,40115.86
2025-09,C5800,101004262,179,2077.76
2025-09,C5800,101070042,8806,63054.479999999996
2025-09,C5800,101070173,15840,139056.21
2025-09,C5800,101070175,15120,132735.45
2025-09,C5800,101070176,14688,128943.03
2025-09,C5800,101070179,12960,113773.26
2025-09,NCASH510,101002188,1,9.0
2025-09,NCASH510,101002612,1,8.7
2025-09,NCASH510,101002859,10,47.0
2025-09,NCASH510,101003241,6,28.2
2025-09,NCASH510,101003347,3,35.7
2025-09,NCASH510,101004141,4,52.4
2025-09,NCASH510,101004224,202,2403.8
2025-09,NCASH510,101004257,4,29.6
2025-09,NCASH510,101004261,4,82.8
2025-09,NCASH510,101070017,1,8.6
2025-09,NCASH510,101070154,1,9.0
2025-09,NCASH510,101070162,1,9.0
2025-09,NCASH510,101070165,1,9.0
2025-09,NCASH510,101070168,1,9.0
2025-10,1200008,101002715,360,3348.0
2025-10,1200008,101004261,162,4199.04
2025-10,1200008,101070162,2448,21116.16
2025-10,1200008,101070165,1008,11370.24
2025-10,1200008,101070168,576,6497.28
2025-10,1200010,101002612,150,1633.5
2025-10,1200010,101002716,324,3220.56
2025-10,1200010,101002859,180,1076.4
2025-10,1200010,101003241,720,4305.6
2025-10,1200010,101003346,108,1693.44
2025-10,1200010,101003347,216,3116.88
2025-10,1200010,101003359,180,1076.4
2025-10,1200010,101003360,360,2152.8
2025-10,1200010,101004141,162,2601.72
2025-10,1200010,101004183,180,1076.4
2025-10,1200010,101004224,216,3116.88
2025-10,1200010,101004230,162,4032.18
2025-10,1200010,101004233,192,2123.52
2025-10,1200010,101004245,54,779.22
2025-10,1200010,101004261,324,8064.36
2025-10,1200010,101005690,192,2077.44
2025-10,1200010,101070017,192,2123.52
2025-10,1200010,101070156,36,426.6
2025-10,1200010,101070165,144,1706.4
2025-10,1200010,101070168,151,1789.35
2025-10,1200015,101002381,150,2145.0
2025-10,1200015,101003346,216,3214.08
2025-10,1200015,101004141,324,5287.68
2025-10,1200015,101004230,162,4199.04
2025-10,1200015,101004233,192,2073.6
2025-10,1200015,101070060,238,1653.96
2025-10,1200015,101070076,162,2115.07
2025-10,1200015,101070079,360,1693.44
2025-10,1200015,101070162,2736,25718.4
2025-10,1200015,101070165,2304,21657.6
2025-10,1200015,101070168,1728,16243.2
2025-10,1200016,101002381,150,2355.0
2025-10,1200016,101003015,50,835.0
2025-10,1200016,101003241,720,3528.0
2025-10,1200016,101003346,216,3214.08
2025-10,1200016,101003347,216,3214.08
2025-10,1200016,101004174,100,624.0
2025-10,1200016,101004229,131,3500.32
2025-10,1200016,101004230,161,4301.92
2025-10,1200016,101005690,50,576.0
2025-10,1200016,101070060,714,4952.64
2025-10,1200016,101070075,192,1557.5
2025-10,1200016,101070079,720,3386.88
2025-10,1200016,101070105,864,12856.32
2025-10,1200016,101070108,720,6696.0
2025-10,1200016,101070109,1800,8820.0
2025-10,1200016,101070162,1008,9705.6
2025-10,1200016,101070165,576,5760.0
2025-10,1200016,101070168,1728,16934.4
2025-10,1200017,101002381,300,4455.0
2025-10,1200017,101002612,300,3330.0
2025-10,1200017,101003241,1440,7272.0
2025-10,1200017,101003346,216,3283.2
2025-10,1200017,101003360,360,2181.6
2025-10,1200017,101004141,162,2695.68
2025-10,1200017,101004174,360,2181.6
2025-10,1200017,101004229,162,4250.88
2025-10,1200017,101004261,162,4250.88
2025-10,1200017,101070105,648,9849.6
2025-10,1200017,101070162,864,8380.8
2025-10,1200017,101070165,432,4190.4
2025-10,1200017,101070168,432,4190.4
2025-10,1200018,101002381,150,2167.5
2025-10,1200018,101002402,432,4377.6
2025-10,1200018,101003346,216,3248.64
2025-10,1200018,101004229,162,4224.96
2025-10,1200018,101004230,324,8449.92
2025-10,1200018,101004257,192,1797.12
2025-10,1200018,101070040,238,1655.4
2025-10,1200018,101070060,238,1655.4
2025-10,1200018,101070075,384,3151.87
2025-10,1200018,101070079,360,1710.72
2025-10,1200018,101070105,216,3248.64
2025-10,1200018,101070109,3600,17820.0
2025-10,1200018,101070153,720,7113.6
2025-10,1200018,101070154,288,3009.6
2025-10,1200018,101070156,576,6019.2
2025-10,1200018,101070158,432,4377.6
2025-10,1200018,101070162,3168,26539.2
2025-10,1200018,101070165,432,4651.2
2025-10,1200018,101070168,2448,24624.0
2025-10,1200019,101002381,75,1196.25
2025-10,1200019,101003360,180,1123.2
2025-10,1200019,101070105,1728,26818.559999999998
2025-10,1200019,101070108,360,3492.0
2025-10,1200019,101070109,1800,9360.0
2025-10,1200019,101070111,714,5232.3
2025-10,1200019,101070156,144,1468.8
2025-10,1200019,101070162,3456,35251.2
2025-10,1200019,101070165,1296,13219.199999999999
2025-10,1200019,101070168,288,2937.6
2025-10,1200020,101002188,288,2923.2
2025-10,1200020,101002402,288,2923.2
2025-10,1200020,101002715,360,3384.0
2025-10,1200020,101070153,288,2923.2
2025-10,1200020,101070154,288,2923.2
2025-10,1200020,101070156,432,4384.8
2025-10,1200020,101070158,576,5846.4
2025-10,1200020,101070162,720,7308.0
2025-10,1200020,101070165,576,5846.4
2025-10,1200020,101070168,720,7308.0
2025-10,1200023,101002402,144,1368.0
2025-10,1200023,101002612,300,2745.0
2025-10,1200023,101003347,216,3248.64
2025-10,1200023,101004224,864,12994.56
2025-10,1200023,101004233,192,2096.64
2025-10,1200023,101004257,192,1797.12
2025-10,1200023,101004261,162,4224.96
2025-10,1200023,101070156,144,1368.0
2025-10,1200023,101070158,144,1368.0
2025-10,1200023,101070165,144,1368.0
2025-10,1200027,101002188,540,5151.599999999999
2025-10,1200027,101002402,432,4121.28
2025-10,1200027,101004233,160,1456.0
2025-10,1200027,101004257,160,1254.4
2025-10,1200027,101070153,432,4121.28
2025-10,1200027,101070154,540,5151.599999999999
2025-10,1200027,101070156,972,9272.88
2025-10,1200027,101070158,864,8242.56
2025-10,1200027,101070162,864,8242.56
2025-10,1200027,101070165,648,6181.919999999999
2025-10,1200027,101070168,972,9272.88
2025-10,1200029,101002188,72,812.16
2025-10,1200029,101002402,144,1624.32
2025-10,1200029,101002612,150,1638.0
2025-10,1200029,101003241,180,1058.4
2025-10,1200029,101003346,108,1607.04
2025-10,1200029,101003347,108,1607.04
2025-10,1200029,101003359,180,1058.4
2025-10,1200029,101003360,180,1058.4
2025-10,1200029,101004141,81,1321.92
2025-10,1200029,101004257,96,887.04
2025-10,1200029,101070105,432,6428.16
2025-10,1200029,101070153,72,812.16
2025-10,1200029,101070154,72,812.16
2025-10,1200029,101070156,144,1624.32
2025-10,1200029,101070158,144,1624.32
2025-10,1200029,101070162,72,812.16
2025-10,1200029,101070165,576,4872.96
2025-10,1200029,101070168,432,4872.96
2025-10,1200031,101002612,300,3474.0
2025-10,1200031,101002859,360,1908.0
2025-10,1200031,101003241,720,3816.0
2025-10,1200031,101003347,216,3386.88
2025-10,1200031,101003359,360,1908.0
2025-10,1200031,101003360,360,1908.0
2025-10,1200031,101004141,486,8475.84
2025-10,1200031,101004174,360,1908.0
2025-10,1200031,101004183,360,1908.0
2025-10,1200031,101004224,1464,22955.52
2025-10,1200031,101004229,162,4380.48
2025-10,1200031,101004230,161,3504.38
2025-10,1200031,101004233,576,6021.12
2025-10,1200031,101004245,216,3386.88
2025-10,1200031,101004257,384,3264.0
2025-10,1200031,101004261,324,8760.96
2025-10,1200031,101005690,192,1881.6
2025-10,1200031,101070040,238,1793.58
2025-10,1200031,101070105,648,9157.12
2025-10,1200031,101070108,1440,13406.4
2025-10,1200031,101070109,720,3816.0
2025-10,1200031,101070112,485,10513.15
2025-10,1200032,101002188,432,4626.72
2025-10,1200032,101002402,144,1542.24
2025-10,1200032,101002612,750,7382.25
2025-10,1200032,101002859,1080,5838.4800000000005
2025-10,1200032,101003241,2160,11676.96
2025-10,1200032,101003347,432,5960.91
2025-10,1200032,101003359,540,2919.2400000000002
2025-10,1200032,101003360,180,973.08
2025-10,1200032,101004141,162,2486.25
2025-10,1200032,101004174,900,4865.4
2025-10,1200032,101004183,360,1946.16
2025-10,1200032,101004224,205,2828.67
2025-10,1200032,101004230,324,8235.3
2025-10,1200032,101004233,480,4798.08
2025-10,1200032,101004245,108,1490.23
2025-10,1200032,101004257,2370,20547.9
2025-10,1200032,101004261,68,1618.07
2025-10,1200032,101005690,366,3658.54
2025-10,1200032,101070017,268,2678.93
2025-10,1200032,101070105,432,6773.76
2025-10,1200032,101070153,288,3084.48
2025-10,1200032,101070154,720,7711.2
2025-10,1200032,101070156,864,9253.44
2025-10,1200032,101070158,432,4626.72
2025-10,1200032,101070162,576,6168.96
2025-10,1200032,101070165,432,4626.72
2025-10,1200032,101070168,864,9253.44
2025-10,1200034,101002402,108,1360.8
2025-10,1200034,101004224,360,5644.8
2025-10,1200034,101070153,108,1360.8
2025-10,1200034,101070156,756,9525.6
2025-10,1200034,101070158,324,4082.4
2025-10,1200034,101070162,972,12247.2
2025-10,1200034,101070165,432,5443.2
2025-10,1200034,101070168,216,2721.6
2025-10,1200035,101002188,432,4838.4
2025-10,1200035,101002381,450,7470.0
2025-10,1200035,101002402,144,1512.0
2025-10,1200035,101002612,2700,28950.0
2025-10,1200035,101002715,1800,17640.0
2025-10,1200035,101002716,972,9914.4
2025-10,1200035,101002859,1080,6487.2
2025-10,1200035,101003015,864,13557.599999999999
2025-10,1200035,101003241,3600,20224.8
2025-10,1200035,101003346,432,6773.76
2025-10,1200035,101003347,1944,28788.480000000003
2025-10,1200035,101003359,1440,8395.2
2025-10,1200035,101003360,1800,10684.8
2025-10,1200035,101004141,2106,34374.24
2025-10,1200035,101004174,720,4579.2
2025-10,1200035,101004224,1728,26483.519999999997
2025-10,1200035,101004229,486,12276.16
2025-10,1200035,101004230,1134,28932.799999999996
2025-10,1200035,101004233,768,9031.68
2025-10,1200035,101004245,216,3386.88
2025-10,1200035,101004257,384,3916.8
2025-10,1200035,101004261,1296,33313.28
2025-10,1200035,101070105,864,13547.52
2025-10,1200035,101070108,1080,9623.6
2025-10,1200035,101070153,432,4838.4
2025-10,1200035,101070154,576,6652.8
2025-10,1200035,101070156,576,6652.8
2025-10,1200035,101070162,3312,35380.8
2025-10,1200035,101070165,1728,20260.8
2025-10,1200035,101070168,1440,15724.8
2025-10,1200047,101002188,720,8208.0
2025-10,1200047,101002402,576,6566.4
2025-10,1200047,101003241,60,356.4
2025-10,1200047,101004141,117,1928.1599999999999
2025-10,1200047,101004224,48,721.92
2025-10,1200047,101004257,192,1797.12
2025-10,1200047,101070153,288,3283.2
2025-10,1200047,101070154,576,6566.4
2025-10,1200047,101070156,1008,11491.2
2025-10,1200047,101070158,1008,11491.2
2025-10,1200047,101070162,1584,18057.6
2025-10,1200047,101070165,576,6566.4
2025-10,1200047,101070168,1440,16416.0
2025-10,1200048,101002402,864,7741.44
2025-10,1200048,101002716,324,0.0
2025-10,1200048,101002859,360,2419.2
2025-10,1200048,101003241,360,2419.2
2025-10,1200048,101003347,432,7050.24
2025-10,1200048,101003360,360,2419.2
2025-10,1200048,101004174,360,2419.2
2025-10,1200048,101004224,648,10575.36
2025-10,1200048,101004233,384,4769.28
2025-10,1200048,101004257,192,2085.12
2025-10,1200048,101070153,576,0.0
2025-10,1200048,101070156,576,1935.36
2025-10,1200048,101070158,576,7741.44
2025-10,1200048,101070162,1872,25159.679999999997
2025-10,1200048,101070165,3024,40642.56
2025-10,1200048,101070168,1008,13547.52
2025-10,1200055,101002381,300,4980.0
2025-10,1200055,101002402,144,1512.0
2025-10,1200055,101003241,360,1908.0
2025-10,1200055,101003346,432,6773.76
2025-10,1200055,101004224,2160,33868.8
2025-10,1200055,101004261,648,17521.92
2025-10,1200055,101070105,1728,27095.04
2025-10,1200055,101070156,288,3024.0
2025-10,1200055,101070158,144,1512.0
2025-10,1200055,101070162,1440,15120.0
2025-10,1200055,101070165,1440,15120.0
2025-10,1200055,101070168,2304,24192.0
2025-10,1200056,101002188,63,749.7
2025-10,1200056,101002402,315,3748.5
2025-10,1200056,101002715,480,4392.0
2025-10,1200056,101002859,165,1049.4
2025-10,1200056,101003359,165,1049.4
2025-10,1200056,101070109,165,1049.4
2025-10,1200056,101070153,189,2249.1
2025-10,1200056,101070154,252,2998.8
2025-10,1200056,101070156,819,9746.1
2025-10,1200056,101070158,252,2998.8
2025-10,1200056,101070162,504,5997.6
2025-10,1200056,101070165,378,4498.2
2025-10,1200056,101070168,567,6747.3
2025-10,1200064,101002188,144,1797.12
2025-10,1200064,101002402,144,1797.12
2025-10,1200064,101003241,165,1049.4
2025-10,1200064,101004257,96,967.68
2025-10,1200064,101070153,288,3594.24
2025-10,1200064,101070154,288,3594.24
2025-10,1200064,101070156,288,3594.24
2025-10,1200064,101070158,144,1797.12
2025-10,1200064,101070162,144,1797.12
2025-10,1200064,101070165,288,3594.24
2025-10,1200064,101070168,288,3594.24
2025-10,1200067,101002612,300,3456.0
2025-10,1200067,101002716,648,6933.6
2025-10,1200067,101002717,360,3528.0
2025-10,1200067,101002859,360,2289.6
2025-10,1200067,101003241,720,3816.0
2025-10,1200067,101003347,432,6773.76
2025-10,1200067,101003360,360,2289.6
2025-10,1200067,101004141,324,5598.72
2025-10,1200067,101004229,81,2177.28
2025-10,1200067,101004233,96,1117.44
2025-10,1200067,101070060,595,4442.16
2025-10,1200067,101070075,192,1686.53
2025-10,1200067,101070162,288,2995.2
2025-10,1200067,101070165,144,1497.6
2025-10,1200067,101070168,288,2995.2
2025-10,1200077,101001911,150,2472.0
2025-10,1200077,101003648,6160,92215.2
2025-10,1200077,101004125,7605,122972.84999999999
2025-10,1200077,101004196,10464,113115.84
2025-10,1200077,101070106,11704,175203.6
2025-10,1200077,101070156,2205,24960.6
2025-10,1200077,101070163,42075,689612.25
2025-10,1200077,101070166,4680,76705.2
2025-10,1200095,101002381,450,6975.75
2025-10,1200095,101002612,3750,42597.0
2025-10,1200095,101002859,2805,17684.7
2025-10,1200095,101003241,5115,32298.75
2025-10,1200095,101003346,1440,20722.56
2025-10,1200095,101003347,672,9624.960000000001
2025-10,1200095,101004174,2310,14536.500000000002
2025-10,1200095,101004224,7488,107603.52
2025-10,1200095,101004229,360,9529.92
2025-10,1200095,101004230,2016,53749.439999999995
2025-10,1200095,101004233,4320,49617.6
2025-10,1200095,101004245,480,7022.4
2025-10,1200095,101004257,3744,37017.6
2025-10,1200095,101004261,4896,125761.68
2025-10,1200095,101005690,2112,24229.440000000002
2025-10,1200095,101070105,1344,19420.800000000003
2025-10,1200095,101070156,1386,15589.98
2025-10,1200095,101070162,2016,22746.78
2025-10,1200095,101070168,2772,31334.94
2025-10,1200100,101001911,18975,242420.77
2025-10,1200100,101003648,2992,45310.549999999996
2025-10,1200100,101004098,44832,464514.71
2025-10,1200100,101070106,16984,274540.88
2025-10,1200100,101070107,14080,196554.66999999998
2025-10,1200100,101070163,20475,341648.92
2025-10,1200100,101070166,3780,63073.67
2025-10,1200105,101002402,144,1353.6
2025-10,1200105,101002715,1800,16740.0
2025-10,1200105,101003241,4320,21168.0
2025-10,1200105,101004233,192,2073.6
2025-10,1200105,101070156,432,4331.5199999999995
2025-10,1200105,101070158,144,1353.6
2025-10,1200105,101070162,1584,16513.92
2025-10,1200105,101070165,1008,10016.64
2025-10,1200105,101070168,2736,23281.92
2025-10,1200113,101002381,1950,26646.0
2025-10,1200113,101002612,3495,35794.5
2025-10,1200113,101002715,1690,15388.2
2025-10,1200113,101002717,552,5101.6
2025-10,1200113,101002859,165,990.0
2025-10,1200113,101003241,825,4653.0
2025-10,1200113,101003347,960,13501.44
2025-10,1200113,101004224,3456,48364.8
2025-10,1200113,101004233,3648,36733.44
2025-10,1200113,101004257,1968,18417.6
2025-10,1200113,101004261,3744,93571.2
2025-10,1200113,101005690,96,1059.84
2025-10,1200113,101070156,3213,35566.02
2025-10,1200113,101070158,693,7766.64
2025-10,1200113,101070162,4347,47873.07
2025-10,1200113,101070165,3213,36249.57
2025-10,1200113,101070168,3213,34888.14
2025-10,1200119,101002381,600,8910.0
2025-10,1200119,101002612,900,8880.0
2025-10,1200119,101003346,432,6566.4
2025-10,1200119,101003347,216,3283.2
2025-10,1200119,101004224,432,6566.4
2025-10,1200119,101004233,576,6393.599999999999
2025-10,1200119,101004261,972,25505.28
2025-10,1200119,101070017,384,4262.4
2025-10,1200119,101070105,1728,26265.6
2025-10,1200119,101070109,1080,5235.84
2025-10,1200119,101070110,324,6796.16
2025-10,1200119,101070111,952,6768.72
2025-10,1200119,101070153,288,3352.32
2025-10,1200119,101070154,144,1396.8
2025-10,1200119,101070156,432,5028.48
2025-10,1200119,101070158,432,4749.12
2025-10,1200119,101070162,2880,24863.04
2025-10,1200119,101070165,1008,9777.6
2025-10,1200119,101070168,1440,15085.439999999999
2025-10,1200140,101002188,576,5875.2
2025-10,1200140,101002381,150,2392.5
2025-10,1200140,101002402,576,5875.2
2025-10,1200140,101002612,300,2850.0
2025-10,1200140,101003241,2520,13104.0
2025-10,1200140,101004183,360,2246.4
2025-10,1200140,101004224,648,10056.96
2025-10,1200140,101004229,162,4328.64
2025-10,1200140,101070017,192,2211.84
2025-10,1200140,101070109,5400,28080.0
2025-10,1200140,101070111,952,6973.14
2025-10,1200140,101070153,864,8812.8
2025-10,1200140,101070154,864,8812.8
2025-10,1200140,101070156,576,5875.2
2025-10,1200140,101070158,432,4406.4
2025-10,1200140,101070162,2448,24969.6
2025-10,1200140,101070165,1584,16156.8
2025-10,1200140,101070168,1584,16156.8
2025-10,1200148,101002612,450,4584.0
2025-10,1200148,101002717,180,1746.0
2025-10,1200148,101002859,720,4158.0
2025-10,1200148,101003241,1080,6804.0
2025-10,1200148,101003347,432,5369.92
2025-10,1200148,101003359,720,4158.0
2025-10,1200148,101003360,1080,6048.0
2025-10,1200148,101004141,972,15120.0
2025-10,1200148,101004174,720,4536.0
2025-10,1200148,101004224,864,13409.28
2025-10,1200148,101004230,81,2177.28
2025-10,1200148,101004245,324,4035.2
2025-10,1200148,101004257,96,961.92
2025-10,1200148,101004261,243,5671.68
2025-10,1200148,101070105,2160,28168.8
2025-10,1200148,101070108,720,6984.0
2025-10,1200148,101070109,1080,5670.0
2025-10,1200148,101070110,324,8709.12
2025-10,1200148,101070111,476,4712.4
2025-10,1200148,101070162,576,6229.4400000000005
2025-10,1200148,101070165,72,741.6
2025-10,1200148,101070168,432,4746.24
2025-10,1200153,101002381,300,4356.0
2025-10,1200153,101004233,960,10022.4
2025-10,1200153,101005690,672,7741.44
2025-10,1200153,101070017,90,1036.8
2025-10,1200153,101070040,357,2995.23
2025-10,1200153,101070156,945,10498.95
2025-10,1200153,101070165,504,5599.44
2025-10,1200160,101002612,600,6528.0
2025-10,1200160,101002859,660,3867.6
2025-10,1200160,101003347,672,9864.96
2025-10,1200160,101004174,825,4834.5
2025-10,1200160,101004224,1152,16911.36
2025-10,1200160,101004261,576,14423.04
2025-10,1200160,101070156,378,4233.6
2025-10,1200160,101070162,441,4939.2
2025-10,1200160,101070168,441,4939.2
2025-10,1200173,101002612,150,1647.0
2025-10,1200173,101003346,96,1443.84
2025-10,1200173,101004224,192,2887.68
2025-10,1200173,101004230,72,1877.76
2025-10,1200173,101004233,192,2096.64
2025-10,1200173,101004261,144,3755.52
2025-10,1200173,101005690,96,1048.32
2025-10,1200173,101070105,960,14438.4
2025-10,1200173,101070156,189,2154.6
2025-10,1200173,101070158,189,2154.6
2025-10,1200173,101070162,315,3591.0
2025-10,1200173,101070165,126,1436.4
2025-10,1200173,101070168,189,2154.6
2025-10,1200180,101002188,720,8424.0
2025-10,1200180,101002402,576,6739.2
2025-10,1200180,101070108,360,3294.0
2025-10,1200180,101070153,432,5054.4
2025-10,1200180,101070154,720,8424.0
2025-10,1200180,101070156,1440,16848.0
2025-10,1200180,101070158,1008,11793.599999999999
2025-10,1200180,101070162,1152,13478.4
2025-10,1200180,101070165,720,8424.0
2025-10,1200180,101070168,1728,20217.6
2025-10,1200188,101002381,225,3251.25
2025-10,1200188,101002612,600,6588.0
2025-10,1200188,101004224,384,5775.36
2025-10,1200188,101004257,48,449.28
2025-10,1200188,101004261,360,9388.8
2025-10,1200188,101005690,48,524.16
2025-10,1200188,101070109,1155,6860.7
2025-10,1200188,101070156,252,2872.8
2025-10,1200188,101070158,378,4309.2
2025-10,1200188,101070162,1575,17955.0
2025-10,1200188,101070165,63,718.2
2025-10,1200197,101002612,300,2961.68
2025-10,1200197,101002715,4960,43057.15
2025-10,1200197,101002717,320,2668.4199999999996
2025-10,1200197,101003015,1408,20326.09
2025-10,1200197,101003241,2475,14266.47
2025-10,1200197,101003347,288,4134.53
2025-10,1200197,101004224,3744,51345.97
2025-10,1200197,101004229,720,16984.079999999998
2025-10,1200197,101004230,360,8376.68
2025-10,1200197,101004261,4824,109695.68
2025-10,1200197,101005690,16,172.8
2025-10,1200197,101070017,96,1036.8
2025-10,1200197,101070040,476,3736.6
2025-10,1200197,101070105,576,8663.04
2025-10,1200197,101070154,630,6388.990000000001
2025-10,1200197,101070156,3402,34809.06
2025-10,1200197,101070158,315,3197.25
2025-10,1200197,101070162,7938,81609.57
2025-10,1200197,101070165,3906,40127.850000000006
2025-10,1200197,101070168,3150,32237.79
2025-10,1200200,101002379,1120,22041.6
2025-10,1200200,101002612,3001,34601.53
2025-10,1200200,101002717,1080,10627.2
2025-10,1200200,101002859,9000,64170.0
2025-10,1200200,101003241,10260,73153.8
2025-10,1200200,101003346,2410,37981.6
2025-10,1200200,101003359,2163,15422.19
2025-10,1200200,101004141,1068,19683.239999999998
2025-10,1200200,101004174,900,5607.0
2025-10,1200200,101004183,665,4142.950000000001
2025-10,1200200,101004224,3552,55979.52
2025-10,1200200,101004229,373,10555.900000000001
2025-10,1200200,101004230,444,12565.2
2025-10,1200200,101004233,8282,94249.16
2025-10,1200200,101004245,23,362.48
2025-10,1200200,101004261,1505,46805.5
2025-10,1200200,101005690,1571,17877.98
2025-10,1200200,101070040,225,2495.25
2025-10,1200200,101070105,1132,17840.32
2025-10,1200200,101070109,4320,30801.6
2025-10,1200200,101070111,285,3157.8
2025-10,1200200,101070112,1872,58219.2
2025-10,1200200,101070154,315,3754.8
2025-10,1200200,101070155,280,1666.0
2025-10,1200200,101070156,1512,18023.04
2025-10,1200200,101070161,1416,8425.2
2025-10,1200200,101070162,3640,43388.8
2025-10,1200200,101070164,1919,11418.05
2025-10,1200200,101070165,504,6007.68
2025-10,1200200,101070168,8127,96873.84
2025-10,1200236,101002381,450,6502.5
2025-10,1200236,101002612,1800,16470.0
2025-10,1200236,101002859,1080,5346.0
2025-10,1200236,101003241,2520,13186.8
2025-10,1200236,101003346,216,3248.64
2025-10,1200236,101003347,432,5203.84
2025-10,1200236,101003359,720,3920.4
2025-10,1200236,101003360,1440,7484.4
2025-10,1200236,101004141,1458,21358.08
2025-10,1200236,101004229,162,4224.96
2025-10,1200236,101004230,486,12674.880000000001
2025-10,1200236,101004233,384,4193.28
2025-10,1200236,101004245,216,3248.64
2025-10,1200236,101004257,192,1797.12
2025-10,1200236,101004261,1296,29574.719999999998
2025-10,1200236,101005690,192,2096.64
2025-10,1200236,101070105,7992,101354.56
2025-10,1200236,101070152,576,2736.0
2025-10,1200236,101070155,288,1368.0
2025-10,1200236,101070156,288,3283.2
2025-10,1200236,101070158,144,1641.6
2025-10,1200236,101070161,1728,8208.0
2025-10,1200236,101070162,2016,22982.4
2025-10,1200236,101070164,576,2736.0
2025-10,1200236,101070165,864,9849.6
2025-10,1200236,101070167,288,1368.0
2025-10,1200236,101070168,1008,11491.2
2025-10,1200255,101001911,75,1615.5
2025-10,1200255,101002188,576,7257.6
2025-10,1200255,101002402,1008,12398.4
2025-10,1200255,101002612,300,3474.0
2025-10,1200255,101002715,180,1764.0
2025-10,1200255,101002859,180,1144.8
2025-10,1200255,101003241,720,4579.2
2025-10,1200255,101003359,180,1144.8
2025-10,1200255,101003360,180,1144.8
2025-10,1200255,101004141,162,2825.28
2025-10,1200255,101004174,180,1144.8
2025-10,1200255,101004224,216,3386.88
2025-10,1200255,101004257,192,1958.4
2025-10,1200255,101070153,1008,12700.8
2025-10,1200255,101070154,720,8769.6
2025-10,1200255,101070156,2592,31449.600000000002
2025-10,1200255,101070158,1296,16027.199999999999
2025-10,1200255,101070162,3168,37195.2
2025-10,1200255,101070165,2160,24796.8
2025-10,1200255,101070168,2016,24192.0
2025-10,1200256,101002715,1280,11392.0
2025-10,1200256,101002717,160,1424.0
2025-10,1200256,101002859,660,3841.2
2025-10,1200256,101003241,3135,18245.7
2025-10,1200256,101004224,1824,25754.879999999997
2025-10,1200256,101004261,1440,34502.4
2025-10,1200256,101070105,960,13555.2
2025-10,1200256,101070161,1350,7695.0
2025-10,1200265,101002188,288,3628.8
2025-10,1200265,101070154,576,7257.6
2025-10,1200265,101070156,720,9072.0
2025-10,1200265,101070158,432,5443.2
2025-10,1200265,101070162,1296,16329.6
2025-10,1200265,101070165,288,3628.8
2025-10,1200265,101070168,576,7257.6
2025-10,1200273,101002381,360,5202.0
2025-10,1200273,101002402,324,3078.0
2025-10,1200273,101002715,480,4512.0
2025-10,1200273,101002859,1500,8316.0
2025-10,1200273,101003241,1500,7425.0
2025-10,1200273,101003347,240,3609.6
2025-10,1200273,101004224,600,9024.0
2025-10,1200273,101070153,108,1231.2
2025-10,1200273,101070156,432,4514.4
2025-10,1200273,101070158,756,7592.4
2025-10,1200273,101070162,3240,32832.0
2025-10,1200273,101070165,2160,15390.0
2025-10,1200273,101070168,1620,17442.0
2025-10,1200280,101002612,450,4914.0
2025-10,1200280,101002715,160,1488.0
2025-10,1200280,101003241,165,970.2
2025-10,1200280,101004174,165,970.2
2025-10,1200280,101004257,96,887.04
2025-10,1200280,101070154,189,2131.92
2025-10,1200280,101070156,315,3553.2
2025-10,1200280,101070158,126,1421.28
2025-10,1200280,101070162,441,4974.48
2025-10,1200280,101070165,567,6395.759999999999
2025-10,1200280,101070168,189,2131.92
2025-10,1200288,101002612,750,7290.0
2025-10,1200288,101002859,360,1864.8
2025-10,1200288,101003241,360,1857.6
2025-10,1200288,101070079,180,928.8
2025-10,1200288,101070153,864,8622.72
2025-10,1200288,101070156,288,2874.24
2025-10,1200288,101070158,1008,10059.84
2025-10,1200288,101070162,5184,51736.32
2025-10,1200288,101070165,1296,12934.079999999998
2025-10,1200288,101070168,3600,35928.0
2025-10,1200363,101002402,144,1478.13
2025-10,1200363,101002612,1650,16478.28
2025-10,1200363,101003241,360,1926.29
2025-10,1200363,101003346,432,6006.87
2025-10,1200363,101003347,216,2924.81
2025-10,1200363,101004141,203,3014.79
2025-10,1200363,101004174,180,963.14
2025-10,1200363,101004224,11213,152068.86000000002
2025-10,1200363,101004229,81,1910.56
2025-10,1200363,101004230,2916,68780.28
2025-10,1200363,101004233,2880,28304.64
2025-10,1200363,101004245,54,731.2
2025-10,1200363,101004261,5022,118596.43999999999
2025-10,1200363,101070105,2160,29719.9
2025-10,1200363,101070153,144,1635.38
2025-10,1200363,101070154,144,1478.13
2025-10,1200363,101070156,1296,14718.41
2025-10,1200363,101070158,1008,11290.41
2025-10,1200363,101070162,288,3113.51
2025-10,1200363,101070165,288,3113.51
2025-10,1200363,101070168,2016,21480.08
2025-10,1200419,101002188,441,5269.950000000001
2025-10,1200419,101002402,315,3764.25
2025-10,1200419,101002612,600,6648.0
2025-10,1200419,101002715,640,5792.0
2025-10,1200419,101002859,495,2900.7
2025-10,1200419,101003241,825,4834.5
2025-10,1200419,101003346,288,4155.84
2025-10,1200419,101003359,330,1933.8
2025-10,1200419,101004141,216,3389.04
2025-10,1200419,101004174,495,2900.7
2025-10,1200419,101004230,288,7427.52
2025-10,1200419,101004233,480,4564.8
2025-10,1200419,101004261,288,7427.52
2025-10,1200419,101070153,882,10539.9
2025-10,1200419,101070154,882,10539.9
2025-10,1200419,101070156,1071,12798.449999999999
2025-10,1200419,101070162,819,9787.05
2025-10,1200419,101070165,630,7528.5
2025-10,1200441,101002381,150,2145.0
2025-10,1200441,101002402,63,710.64
2025-10,1200441,101002612,90,982.8
2025-10,1200441,101002715,360,3348.0
2025-10,1200441,101003241,180,1058.4
2025-10,1200441,101003347,60,892.8
2025-10,1200441,101004224,216,3214.08
2025-10,1200441,101004261,324,8398.08
2025-10,1200441,101070154,63,710.64
2025-10,1200441,101070162,144,1624.32
2025-10,1200441,101070165,144,1624.32
2025-10,1200441,101070168,144,1624.32
2025-10,1200460,101002402,864,8380.8
2025-10,1200460,101070162,864,8380.8
2025-10,1200473,101002188,567,7144.2
2025-10,1200473,101002402,567,7144.2
2025-10,1200473,101002612,30,312.66
2025-10,1200473,101002715,1280,12544.0
2025-10,1200473,101002859,330,1888.92
2025-10,1200473,101003241,165,1049.4
2025-10,1200473,101003347,42,592.7
2025-10,1200473,101003359,330,1888.92
2025-10,1200473,101004141,32,502.27
2025-10,1200473,101004174,330,1888.92
2025-10,1200473,101004224,42,592.7
2025-10,1200473,101004229,36,876.1
2025-10,1200473,101004230,32,778.75
2025-10,1200473,101004233,34,359.86
2025-10,1200473,101004257,24,220.32
2025-10,1200473,101004261,32,778.75
2025-10,1200473,101070153,567,7144.2
2025-10,1200473,101070154,567,7144.2
2025-10,1200473,101070156,693,8731.8
2025-10,1200473,101070158,693,8731.8
2025-10,1200473,101070162,819,10319.4
2025-10,1200473,101070165,693,8731.8
2025-10,1200473,101070168,1197,15082.2
2025-10,1200505,101002612,1500,12255.0
2025-10,1200505,101002715,3600,23616.0
2025-10,1200505,101002717,180,1180.8
2025-10,1200505,101003241,1080,4762.8
2025-10,1200505,101004229,729,13748.94
2025-10,1200505,101004233,96,773.76
2025-10,1200505,101070153,1080,9115.2
2025-10,1200505,101070156,144,1143.36
2025-10,1200505,101070158,72,571.68
2025-10,1200505,101070162,1872,14863.68
2025-10,1200505,101070165,432,3430.08
2025-10,1200505,101070168,1368,10861.92
2025-10,1200514,101002381,1200,16815.0
2025-10,1200514,101002402,1260,14003.64
2025-10,1200514,101003346,1344,18109.440000000002
2025-10,1200514,101004224,3360,45396.48
2025-10,1200514,101004233,3072,28621.440000000002
2025-10,1200514,101004257,2304,19312.32
2025-10,1200514,101070153,1323,14749.560000000001
2025-10,1200514,101070156,2268,25084.08
2025-10,1200514,101070162,4725,52753.68
2025-10,1200514,101070165,2583,28881.72
2025-10,1200514,101070168,2646,29491.56
2025-10,1200518,101001911,7275,91930.51
2025-10,1200518,101003648,528,7932.94
2025-10,1200518,101004098,40032,409825.71
2025-10,1200518,101070106,50160,753628.92
2025-10,1200521,101003360,330,2039.4
2025-10,1200521,101004174,330,2039.4
2025-10,1200521,101070153,504,6108.48
2025-10,1200521,101070154,252,3054.24
2025-10,1200521,101070163,180,2748.6
2025-10,1200521,101070166,900,13743.0
2025-10,1200548,101004174,4125,24636.15
2025-10,1200548,101004196,1920,20179.2
2025-10,1200548,101004224,12096,157438.08
2025-10,1200548,101070105,2976,45919.68
2025-10,1200548,101070156,5733,64037.61
2025-10,1200548,101070162,11781,126345.87
2025-10,1200610,101002188,63,707.09
2025-10,1200610,101003347,12,177.67
2025-10,1200610,101004224,96,1421.34
2025-10,1200610,101004261,144,3713.81
2025-10,1200610,101070040,34,312.59
2025-10,1200610,101070156,63,707.09
2025-10,1200610,101070162,126,1414.17
2025-10,1200610,101070165,63,707.09
2025-10,1200611,101002188,126,1414.17
2025-10,1200611,101002402,63,707.09
2025-10,1200611,101003241,165,965.35
2025-10,1200611,101003347,96,1421.34
2025-10,1200611,101004174,165,965.35
2025-10,1200611,101004233,288,3094.85
2025-10,1200611,101004257,960,8826.04
2025-10,1200611,101005690,192,2063.23
2025-10,1200611,101070156,144,1616.2
2025-10,1200611,101070162,378,4242.52
2025-10,1200611,101070165,63,707.09
2025-10,1200649,101002402,216,2030.4
2025-10,1200649,101004229,41,1062.72
2025-10,1200649,101004230,41,1062.72
2025-10,1200649,101070079,90,423.36
2025-10,1200649,101070105,432,6428.16
2025-10,1200649,101070154,360,3384.0
2025-10,1200649,101070156,432,4060.8
2025-10,1200649,101070158,360,3384.0
2025-10,1200649,101070162,540,5076.0
2025-10,1200649,101070165,144,1353.6
2025-10,1200649,101070168,1512,14212.8
2025-10,1200654,101001911,11325,143108.36
2025-10,1200654,101002622,80,1171.71
2025-10,1200654,101003648,6160,92550.92000000001
2025-10,1200654,101004098,19296,198588.94
2025-10,1200654,101004125,135,2190.84
2025-10,1200654,101070106,14608,219477.89
2025-10,1200654,101070107,128,1775.4
2025-10,1200654,101070163,315,5184.06
2025-10,1200657,101001911,150,1895.47
2025-10,1200657,101002622,240,3515.13
2025-10,1200657,101003648,10120,152047.93
2025-10,1200657,101004098,18336,189193.6
2025-10,1200657,101004125,540,8763.36
2025-10,1200657,101070106,19360,290874.34
2025-10,1200657,101070163,810,13330.42
2025-10,1200659,101001911,28725,362983.45
2025-10,1200659,101002622,24080,352685.27
2025-10,1200659,101003648,23936,359626.45
2025-10,1200659,101004098,59232,603513.52
2025-10,1200659,101004125,405,6572.52
2025-10,1200659,101070106,44528,669010.95
2025-10,1200659,101070107,15488,214823.19999999998
2025-10,1200659,101070163,405,6665.21
2025-10,1200664,101070105,960,14438.4
2025-10,1200671,101001911,15675,198547.27
2025-10,1200671,101002622,320,4686.84
2025-10,1200671,101003648,176,2644.3100000000004
2025-10,1200671,101004098,33312,344905.52
2025-10,1200671,101004125,990,16066.16
2025-10,1200671,101070106,2728,40986.85
2025-10,1200671,101070107,6272,87155.0
2025-10,1200671,101070163,2340,38510.09
2025-10,1200682,101001911,10200,128892.29000000001
2025-10,1200682,101002622,400,5858.55
2025-10,1200682,101003648,176,2644.31
2025-10,1200682,101004098,15264,157496.23
2025-10,1200682,101004125,540,8763.36
2025-10,1200682,101070106,18216,273686.31
2025-10,1200682,101070107,1280,17753.99
2025-10,1200682,101070163,675,11108.68
2025-10,1200695,101002381,1050,15015.0
2025-10,1200695,101002612,1200,13104.0
2025-10,1200695,101002859,1485,8731.800000000001
2025-10,1200695,101003241,825,4851.0
2025-10,1200695,101003346,768,11427.84
2025-10,1200695,101003360,330,1940.4
2025-10,1200695,101004174,990,5821.200000000001
2025-10,1200695,101004224,1632,24284.16
2025-10,1200695,101004233,1824,19699.2
2025-10,1200695,101004245,288,4285.4400000000005
2025-10,1200695,101005690,1920,20736.0
2025-10,1200695,101070105,384,5713.92
2025-10,1200698,101002859,360,2138.4
2025-10,1200698,101003346,432,6497.28
2025-10,1200698,101003359,360,2138.4
2025-10,1200698,101004233,192,2096.64
2025-10,1200698,101070105,6480,97459.2
2025-10,1200698,101070156,864,8208.0
2025-10,1200698,101070158,864,8208.0
2025-10,1200698,101070162,4320,41040.0
2025-10,1200698,101070165,2592,24624.0
2025-10,1200698,101070168,2592,24624.0
2025-10,1200711,101001911,15675,198077.08
2025-10,1200711,101002622,160,2343.42
2025-10,1200711,101003648,1232,18510.19
2025-10,1200711,101004098,45120,464619.77
2025-10,1200711,101004125,4275,69376.6
2025-10,1200711,101070106,16368,245921.04
2025-10,1200711,101070107,3456,47935.78
2025-10,1200711,101070163,23715,390284.83999999997
2025-10,1200711,101070166,810,13330.44
2025-10,1200718,101002381,225,3735.0
2025-10,1200718,101002612,1050,12159.0
2025-10,1200718,101002716,1458,15746.4
2025-10,1200718,101002717,720,7056.0
2025-10,1200718,101002859,1980,12592.8
2025-10,1200718,101003241,3600,22896.0
2025-10,1200718,101003347,2808,44029.44
2025-10,1200718,101003359,1260,8013.6
2025-10,1200718,101003360,3240,20606.4
2025-10,1200718,101004141,6885,120074.4
2025-10,1200718,101004174,1080,6868.799999999999
2025-10,1200718,101004183,1260,8013.6
2025-10,1200718,101004224,26244,370863.36
2025-10,1200718,101004229,567,15331.679999999998
2025-10,1200718,101004233,480,5644.8
2025-10,1200718,101004245,1296,20321.28
2025-10,1200718,101004257,768,7833.6
2025-10,1200718,101004261,2916,78848.64
2025-10,1200718,101005690,384,4515.84
2025-10,1200718,101070017,192,2257.92
2025-10,1200718,101070040,119,1192.38
2025-10,1200718,101070105,1080,16934.4
2025-10,1200718,101070108,2520,24696.0
2025-10,1200718,101070110,405,10951.2
2025-10,1200718,101070111,595,5961.9
2025-10,1200718,101070156,576,7257.6
2025-10,1200718,101070162,1728,21772.8
2025-10,1200718,101070165,864,10886.400000000001
2025-10,1200718,101070167,144,907.2
2025-10,1200718,101070168,1872,23587.2
2025-10,1200719,101002612,450,4921.5
2025-10,1200719,101002715,720,7056.0
2025-10,1200719,101003241,720,4579.2
2025-10,1200719,101003346,216,3386.88
2025-10,1200719,101003347,1080,16934.4
2025-10,1200719,101003360,360,2289.6
2025-10,1200719,101004141,810,14126.4
2025-10,1200719,101004174,180,1144.8
2025-10,1200719,101004224,7452,105338.24
2025-10,1200719,101004229,81,2190.24
2025-10,1200719,101004230,162,4380.48
2025-10,1200719,101004257,192,1958.4
2025-10,1200719,101004261,1620,39424.32
2025-10,1200719,101005690,96,1128.96
2025-10,1200719,101070017,96,1128.96
2025-10,1200719,101070105,1295,18289.15
2025-10,1200719,101070110,243,6570.72
2025-10,1200719,101070111,357,3577.14
2025-10,1200719,101070156,432,5443.2
2025-10,1200719,101070158,432,5443.2
2025-10,1200719,101070162,2736,32356.8
2025-10,1200719,101070165,720,9072.0
2025-10,1200719,101070168,2880,34171.2
2025-10,1200720,101002188,108,1347.84
2025-10,1200720,101002381,285,5130.0
2025-10,1200720,101002612,525,5472.0
2025-10,1200720,101002715,720,7056.0
2025-10,1200720,101002716,972,10400.400000000001
2025-10,1200720,101002717,180,1764.0
2025-10,1200720,101002859,450,2480.4
2025-10,1200720,101003015,432,7257.599999999999
2025-10,1200720,101003241,360,1908.0
2025-10,1200720,101003346,54,846.72
2025-10,1200720,101003347,432,6099.52
2025-10,1200720,101003359,630,3625.2
2025-10,1200720,101003360,900,5151.6
2025-10,1200720,101004141,810,11197.44
2025-10,1200720,101004174,90,572.4
2025-10,1200720,101004224,2592,37255.68
2025-10,1200720,101004230,81,2177.28
2025-10,1200720,101004233,336,3911.04
2025-10,1200720,101004245,108,1693.44
2025-10,1200720,101004257,240,2505.6
2025-10,1200720,101004261,729,17848.32
2025-10,1200720,101005690,48,601.92
2025-10,1200720,101070040,60,637.2
2025-10,1200720,101070060,119,1263.78
2025-10,1200720,101070105,216,2851.04
2025-10,1200720,101070108,360,3672.0
2025-10,1200720,101070110,324,7252.0
2025-10,1200720,101070153,108,1347.84
2025-10,1200720,101070154,108,1347.84
2025-10,1200720,101070156,72,898.56
2025-10,1200720,101070158,144,1712.1599999999999
2025-10,1200720,101070162,468,5541.12
2025-10,1200720,101070165,252,2995.2
2025-10,1200720,101070168,576,6888.959999999999
2025-10,1200721,101003457,360,1800.0
2025-10,1200728,101003241,1800,9540.0
2025-10,1200728,101070153,216,2268.0
2025-10,1200728,101070156,216,2268.0
2025-10,1200728,101070158,108,1134.0
2025-10,1200728,101070162,324,3402.0
2025-10,1200728,101070165,216,2268.0
2025-10,1200728,101070168,486,5103.0
2025-10,1200742,101002612,2700,28350.0
2025-10,1200742,101002715,2880,25385.48
2025-10,1200742,101002717,720,6480.0
2025-10,1200742,101070153,1008,10627.07
2025-10,1200742,101070154,4320,45445.8
2025-10,1200742,101070156,2304,24883.199999999997
2025-10,1200742,101070158,1440,14687.570000000002
2025-10,1200742,101070162,4752,51321.6
2025-10,1200742,101070165,720,7776.0
2025-10,1200753,101002859,360,2095.2
2025-10,1200753,101070153,576,6814.08
2025-10,1200753,101070154,144,1703.52
2025-10,1200753,101070156,720,8517.6
2025-10,1200753,101070158,864,10221.12
2025-10,1200753,101070162,720,8517.6
2025-10,1200753,101070165,576,6814.08
2025-10,1200753,101070168,576,6814.08
2025-10,1200761,101002402,648,8709.119999999999
2025-10,1200761,101002715,180,1836.0
2025-10,1200761,101002717,180,1836.0
2025-10,1200761,101004233,192,2384.64
2025-10,1200761,101004257,288,3127.68
2025-10,1200761,101070153,648,8709.119999999999
2025-10,1200761,101070158,360,4838.4
2025-10,1200761,101070162,1224,16450.559999999998
2025-10,1200761,101070165,2664,29998.08
2025-10,1200761,101070168,576,7741.44
2025-10,1200763,101001911,647,10448.43
2025-10,1200763,101002402,2765,28224.32
2025-10,1200763,101002612,36000,347968.54
2025-10,1200763,101002715,2085,16455.34
2025-10,1200763,101002859,1508,8053.21
2025-10,1200763,101003241,38940,207952.31
2025-10,1200763,101003346,16924,213609.55
2025-10,1200763,101003347,14472,182661.15
2025-10,1200763,101003359,1897,10130.58
2025-10,1200763,101004141,6457,94922.28
2025-10,1200763,101004224,3648,46079.88
2025-10,1200763,101004229,10086,228965.41999999998
2025-10,1200763,101004230,21020,477181.53
2025-10,1200763,101004233,11581,112738.31
2025-10,1200763,101004245,84,1060.22
2025-10,1200763,101004257,7419,53435.66
2025-10,1200763,101004261,20592,467465.36
2025-10,1200763,101005690,7755,75416.68000000001
2025-10,1200763,101070105,76224,962826.96
2025-10,1200763,101070110,288,6537.98
2025-10,1200763,101070112,27072,614569.9
2025-10,1200763,101070153,13967,142571.08
2025-10,1200763,101070154,643,6563.55
2025-10,1200763,101070156,20011,204266.47
2025-10,1200763,101070158,810,8268.28
2025-10,1200763,101070161,61020,312639.64
2025-10,1200763,101070162,1436,14658.27
2025-10,1200763,101070164,28755,147327.93
2025-10,1200763,101070165,3659,37350.020000000004
2025-10,1200763,101070168,2400,24498.52
2025-10,1200769,101002612,1800,18273.6
2025-10,1200769,101002716,324,3149.28
2025-10,1200769,101002717,360,3175.2
2025-10,1200769,101003241,720,3985.2
2025-10,1200769,101003346,216,2923.78
2025-10,1200769,101003347,216,2923.78
2025-10,1200769,101004224,1296,17915.91
2025-10,1200769,101004261,972,23234.67
2025-10,1200769,101070154,144,1632.96
2025-10,1200769,101070156,864,9175.68
2025-10,1200769,101070158,144,1632.96
2025-10,1200769,101070162,864,9020.16
2025-10,1200769,101070165,864,9175.68
2025-10,1200769,101070168,1008,10653.119999999999
2025-10,1200771,101002188,0,-2.79
2025-10,1200771,101002402,0,-1.8399999999999999
2025-10,1200771,101002612,600,5298.24
2025-10,1200771,101002715,960,7226.870000000001
2025-10,1200771,101002717,160,1396.9
2025-10,1200771,101003241,1155,6270.2300000000005
2025-10,1200771,101003346,132,1806.08
2025-10,1200771,101003347,288,3824.45
2025-10,1200771,101004224,1152,15032.89
2025-10,1200771,101004245,168,2312.23
2025-10,1200771,101070153,0,-2.79
2025-10,1200771,101070154,9,100.76
2025-10,1200771,101070156,441,4720.86
2025-10,1200771,101070158,63,704.73
2025-10,1200771,101070162,189,2102.6499999999996
2025-10,1200771,101070165,441,4949.99
2025-10,1200771,101070168,882,9405.02
2025-10,1200781,101002188,18,172.62
2025-10,1200781,101002402,18,172.62
2025-10,1200781,101002715,1920,16226.58
2025-10,1200781,101002717,160,1351.75
2025-10,1200781,101003241,165,980.1
2025-10,1200781,101004261,144,3359.52
2025-10,1200781,101070153,18,172.62
2025-10,1200781,101070154,27,258.93
2025-10,1200781,101070156,315,3551.45
2025-10,1200781,101070162,315,3481.14
2025-10,1200781,101070165,252,2770.5
2025-10,1200781,101070168,1323,14058.689999999999
2025-10,1200784,101002381,150,2145.0
2025-10,1200784,101002402,288,2707.2
2025-10,1200784,101002612,300,2730.0
2025-10,1200784,101002859,90,441.0
2025-10,1200784,101003241,360,1764.0
2025-10,1200784,101003347,216,3214.08
2025-10,1200784,101003359,180,882.0
2025-10,1200784,101003360,90,441.0
2025-10,1200784,101004141,162,2643.84
2025-10,1200784,101004174,90,441.0
2025-10,1200784,101004183,90,441.0
2025-10,1200784,101004233,192,2073.6
2025-10,1200784,101005690,48,518.4
2025-10,1200784,101070040,119,822.36
2025-10,1200784,101070153,288,2707.2
2025-10,1200784,101070154,144,1353.6
2025-10,1200784,101070158,144,1353.6
2025-10,1200784,101070162,2808,26395.199999999997
2025-10,1200784,101070165,288,2707.2
2025-10,1200784,101070168,2736,25718.4
2025-10,1200785,101002188,567,6839.91
2025-10,1200785,101002402,504,6053.67
2025-10,1200785,101002612,300,3456.0
2025-10,1200785,101002715,1760,16608.0
2025-10,1200785,101002717,160,1488.0
2025-10,1200785,101002859,330,2098.8
2025-10,1200785,101003241,660,4197.6
2025-10,1200785,101004174,330,2098.8
2025-10,1200785,101070153,504,6053.67
2025-10,1200785,101070154,630,7389.9
2025-10,1200785,101070156,945,11006.099999999999
2025-10,1200785,101070158,630,7389.9
2025-10,1200785,101070162,630,7468.65
2025-10,1200785,101070165,693,8254.89
2025-10,1200785,101070168,1071,12972.33
2025-10,1200786,101002402,252,3175.2
2025-10,1200786,101002612,150,1737.0
2025-10,1200786,101002859,165,1049.4
2025-10,1200786,101003241,330,2098.8
2025-10,1200786,101003359,165,1049.4
2025-10,1200786,101004141,72,1255.68
2025-10,1200786,101004174,165,1049.4
2025-10,1200786,101004224,480,7526.4
2025-10,1200786,101004261,144,3893.76
2025-10,1200786,101070153,189,2381.4
2025-10,1200786,101070154,252,3175.2
2025-10,1200786,101070156,315,3969.0
2025-10,1200786,101070158,315,3969.0
2025-10,1200786,101070162,630,7938.0
2025-10,1200786,101070165,252,3175.2
2025-10,1200786,101070168,693,8731.8
2025-10,1200793,101002612,285,3556.8
2025-10,1200793,101002859,495,3568.95
2025-10,1200793,101003241,165,1189.65
2025-10,1200793,101004174,559,4030.3900000000003
2025-10,1200793,101005690,96,1270.08
2025-10,1200793,101070153,63,917.91
2025-10,1200793,101070154,355,5172.35
2025-10,1200793,101070156,53,772.21
2025-10,1200793,101070158,131,1908.67
2025-10,1200793,101070162,1161,16915.77
2025-10,1200793,101070165,486,7081.0199999999995
2025-10,1200793,101070168,965,14060.05
2025-10,1200796,101002859,60,378.0
2025-10,1200796,101003241,120,604.8
2025-10,1200796,101003359,60,378.0
2025-10,1200796,101003360,60,378.0
2025-10,1200796,101004141,72,1244.16
2025-10,1200796,101004230,18,483.84
2025-10,1200796,101004245,72,1117.44
2025-10,1200796,101004257,32,320.64
2025-10,1200796,101070075,16,139.78
2025-10,1200796,101070105,216,3352.32
2025-10,1200806,101002612,300,3114.0
2025-10,1200806,101003241,720,4190.4
2025-10,1200806,101003346,216,3084.48
2025-10,1200806,101003347,216,3084.48
2025-10,1200806,101004230,648,15992.64
2025-10,1200806,101004261,1134,27987.12
2025-10,1200806,101070040,238,1899.24
2025-10,1200806,101070154,288,3386.88
2025-10,1200806,101070156,720,8467.2
2025-10,1200806,101070158,576,6773.76
2025-10,1200806,101070162,1440,16934.4
2025-10,1200806,101070165,1152,13547.52
2025-10,1200806,101070168,1584,18627.84
2025-10,1200821,101002188,144,1512.0
2025-10,1200821,101002402,72,756.0
2025-10,1200821,101002612,300,3474.0
2025-10,1200821,101002715,360,3528.0
2025-10,1200821,101002859,180,1144.8
2025-10,1200821,101003241,360,1908.0
2025-10,1200821,101003359,360,2289.6
2025-10,1200821,101003360,360,2289.6
2025-10,1200821,101004141,324,5650.56
2025-10,1200821,101004174,180,1144.8
2025-10,1200821,101004224,432,6773.76
2025-10,1200821,101070060,238,1793.58
2025-10,1200821,101070075,96,852.48
2025-10,1200821,101070079,180,915.84
2025-10,1200821,101070105,432,6773.76
2025-10,1200821,101070153,72,756.0
2025-10,1200821,101070162,144,1512.0
2025-10,1200821,101070165,144,1512.0
2025-10,1200821,101070168,288,3024.0
2025-10,1200826,101002715,100,821.0
2025-10,1200826,101004257,200,1468.0
2025-10,1200830,101002402,288,3628.8
2025-10,1200830,101004224,2160,33868.8
2025-10,1200830,101004257,384,3916.8
2025-10,1200830,101070154,288,3628.8
2025-10,1200830,101070158,288,3628.8
2025-10,1200830,101070165,288,3628.8
2025-10,1200830,101070168,1440,18144.0
2025-10,1200839,101002188,72,820.8
2025-10,1200839,101002381,150,2167.5
2025-10,1200839,101002612,300,3294.0
2025-10,1200839,101002859,360,2138.4
2025-10,1200839,101003241,360,2138.4
2025-10,1200839,101003346,216,3248.64
2025-10,1200839,101003359,360,2138.4
2025-10,1200839,101003360,360,2138.4
2025-10,1200839,101004174,180,1069.2
2025-10,1200839,101004183,180,1069.2
2025-10,1200839,101004233,192,2096.64
2025-10,1200839,101004257,96,898.56
2025-10,1200839,101004261,81,2112.48
2025-10,1200839,101070060,119,1106.7
2025-10,1200839,101070075,96,787.97
2025-10,1200839,101070079,180,855.36
2025-10,1200839,101070156,216,2462.3999999999996
2025-10,1200839,101070158,288,3283.2
2025-10,1200839,101070162,216,2462.4
2025-10,1200839,101070165,288,3283.2
2025-10,1200839,101070168,216,2462.3999999999996
2025-10,1200841,101002381,6600,96322.5
2025-10,1200841,101002612,7800,80622.0
2025-10,1200841,101002859,6840,39852.0
2025-10,1200841,101003241,8280,47887.2
2025-10,1200841,101003347,3024,44487.36
2025-10,1200841,101004224,12960,178277.76
2025-10,1200841,101004229,2592,66638.7
2025-10,1200841,101004230,5184,133400.52
2025-10,1200841,101004233,7488,79758.72
2025-10,1200841,101004261,19926,511171.56
2025-10,1200841,101005690,5184,55082.88
2025-10,1200841,101070017,1536,16346.88
2025-10,1200841,101070040,3094,31187.52
2025-10,1200841,101070105,17928,258059.52
2025-10,1200841,101070109,360,2289.6
2025-10,1200841,101070110,2754,67087.44
2025-10,1200841,101070111,476,5469.24
2025-10,1200841,101070152,6336,34917.12
2025-10,1200841,101070155,10656,61787.52
2025-10,1200841,101070161,25632,145987.2
2025-10,1200841,101070164,12096,69073.92
2025-10,1200841,101070167,9216,53706.24
2025-10,1200854,101002715,1800,15660.0
2025-10,1200854,101002716,324,3142.8
2025-10,1200854,101002717,360,3132.0
2025-10,1200854,101003241,720,4104.0
2025-10,1200854,101004141,162,2592.0
2025-10,1200854,101004224,1080,15379.2
2025-10,1200854,101070153,144,1641.6
2025-10,1200854,101070156,576,6566.4
2025-10,1200854,101070162,432,4924.8
2025-10,1200854,101070165,288,3283.2
2025-10,1200854,101070168,720,8208.0
2025-10,1200872,101003359,360,1782.0
2025-10,1200872,101003360,360,1782.0
2025-10,1200872,101070162,1872,17784.0
2025-10,1200872,101070165,288,2736.0
2025-10,1200872,101070168,1872,17784.0
2025-10,1200877,101004196,96,1111.68
2025-10,1200877,101004233,283,3277.14
2025-10,1200877,101070152,288,1779.84
2025-10,1200877,101070155,288,1779.84
2025-10,1200877,101070161,45,278.1
2025-10,1200877,101070167,576,3559.68
2025-10,1200887,101070040,595,4652.9
2025-10,1200887,101070153,441,4317.39
2025-10,1200887,101070156,315,3083.85
2025-10,1200887,101070162,1260,12335.4
2025-10,1200887,101070165,1134,11101.86
2025-10,1200887,101070168,315,3083.85
2025-10,1200915,101002402,189,2608.2
2025-10,1200915,101003241,330,2277.0
2025-10,1200915,101004174,165,1138.5
2025-10,1200915,101004257,288,3214.08
2025-10,1200915,101070153,126,1738.8
2025-10,1200915,101070156,189,2608.2
2025-10,1200915,101070158,315,4347.0
2025-10,1200915,101070162,252,3477.6
2025-10,1200915,101070165,252,3477.6
2025-10,1200915,101070168,189,2608.2
2025-10,1200927,101003133,3240,24105.6
2025-10,1200927,101003347,648,7711.2
2025-10,1200927,101003457,1440,7200.0
2025-10,1200927,101004219,324,2643.84
2025-10,1200927,101004233,768,7050.24
2025-10,1200927,101004261,324,6719.76
2025-10,1200929,101002612,600,6588.0
2025-10,1200929,101003241,2160,10692.0
2025-10,1200929,101004141,648,10679.04
2025-10,1200929,101070060,238,1655.4
2025-10,1200929,101070075,192,1575.94
2025-10,1200943,101002715,360,3492.0
2025-10,1200943,101002859,360,2268.0
2025-10,1200943,101003241,720,4536.0
2025-10,1200943,101070154,144,1779.84
2025-10,1200943,101070156,288,3559.68
2025-10,1200943,101070162,288,3559.68
2025-10,1200943,101070165,288,3559.68
2025-10,1200948,101002188,72,676.8
2025-10,1200948,101002381,300,4290.0
2025-10,1200948,101002402,144,1353.6
2025-10,1200948,101070040,238,1653.96
2025-10,1200948,101070060,476,3307.92
2025-10,1200948,101070076,324,4230.14
2025-10,1200948,101070153,144,1353.6
2025-10,1200948,101070154,72,676.8
2025-10,1200948,101070156,144,1353.6
2025-10,1200948,101070158,144,1353.6
2025-10,1200948,101070162,432,4060.8
2025-10,1200948,101070165,288,2707.2
2025-10,1200948,101070168,432,4060.8
2025-10,1200956,101002188,72,741.6
2025-10,1200956,101002715,160,1552.0
2025-10,1200956,101002859,45,283.5
2025-10,1200956,101003241,150,787.5
2025-10,1200956,101004224,216,3352.32
2025-10,1200956,101004257,192,1923.84
2025-10,1200956,101070153,72,741.6
2025-10,1200956,101070154,72,741.6
2025-10,1200956,101070156,72,741.6
2025-10,1200956,101070158,144,1483.2
2025-10,1200956,101070162,72,741.6
2025-10,1200956,101070165,72,741.6
2025-10,1200956,101070168,144,1483.2
2025-10,1200973,101002188,63,771.12
2025-10,1200973,101002717,320,3136.0
2025-10,1200973,101002859,165,1039.5
2025-10,1200973,101003241,330,2079.0
2025-10,1200973,101003359,165,1039.5
2025-10,1200973,101004174,165,1039.5
2025-10,1200973,101070108,320,3136.0
2025-10,1200973,101070153,378,4626.72
2025-10,1200973,101070154,378,4626.72
2025-10,1200973,101070156,315,3855.6
2025-10,1200973,101070158,63,771.12
2025-10,1200973,101070162,189,2313.36
2025-10,1200973,101070165,126,1542.24
2025-10,1200973,101070168,189,2313.36
2025-10,1200976,101002612,300,3600.0
2025-10,1200976,101003241,330,2217.6
2025-10,1200976,101070153,126,1678.32
2025-10,1200976,101070154,63,839.16
2025-10,1200976,101070156,126,1678.32
2025-10,1200976,101070162,63,839.16
2025-10,1200976,101070165,63,839.16
2025-10,1200976,101070168,63,839.16
2025-10,1200978,101002188,432,5391.36
2025-10,1200978,101002402,288,3594.24
2025-10,1200978,101004224,216,3386.88
2025-10,1200978,101070153,288,3594.24
2025-10,1200978,101070154,288,3594.24
2025-10,1200978,101070156,576,7188.48
2025-10,1200978,101070158,432,5391.36
2025-10,1200978,101070162,720,8985.6
2025-10,1200978,101070165,432,5391.36
2025-10,1200978,101070168,720,8985.6
2025-10,1200984,101004224,51840,632709.36
2025-10,1200985,101001911,3750,47616.69
2025-10,1200985,101002622,2960,43601.67
2025-10,1200985,101003648,1232,18646.79
2025-10,1200985,101004098,4992,51760.36
2025-10,1200985,101004125,4050,66343.11
2025-10,1200985,101070106,5632,87328.87
2025-10,1200985,101070107,768,10652.39
2025-10,1200985,101070163,12690,210624.75
2025-10,1200989,101001911,4500,67230.0
2025-10,1200989,101004196,5952,56429.96
2025-10,1200989,101070163,5535,79593.3
2025-10,1200989,101070166,12060,173422.8
2025-10,1200995,101002188,144,1512.0
2025-10,1200995,101002402,288,3024.0
2025-10,1200995,101070079,360,1831.68
2025-10,1200995,101070105,1728,27095.04
2025-10,1200995,101070108,1800,17640.0
2025-10,1200995,101070153,288,3024.0
2025-10,1200995,101070154,288,3024.0
2025-10,1200995,101070156,576,6048.0
2025-10,1200995,101070158,288,3024.0
2025-10,1200995,101070162,576,6048.0
2025-10,1200995,101070165,1008,10584.0
2025-10,1200995,101070168,864,9072.0
2025-10,1200996,101070156,63,710.64
2025-10,1200996,101070162,63,710.64
2025-10,1200996,101070165,63,710.64
2025-10,1201001,101002188,252,2620.8
2025-10,1201001,101002402,63,661.44
2025-10,1201001,101003241,990,5247.0
2025-10,1201001,101070153,252,2620.8
2025-10,1201001,101070154,252,2620.8
2025-10,1201001,101070156,252,2620.8
2025-10,1201001,101070158,252,2620.8
2025-10,1201001,101070162,252,2620.8
2025-10,1201001,101070165,252,2620.8
2025-10,1201001,101070168,378,3931.2
2025-10,1201012,101002188,432,4060.7999999999997
2025-10,1201012,101002402,864,8121.599999999999
2025-10,1201012,101002612,300,3276.0
2025-10,1201012,101002859,360,2116.8
2025-10,1201012,101003241,1440,7056.0
2025-10,1201012,101003346,864,12856.32
2025-10,1201012,101003347,648,9642.24
2025-10,1201012,101003360,360,2116.8
2025-10,1201012,101004141,324,5287.68
2025-10,1201012,101004224,216,3214.08
2025-10,1201012,101004229,162,4199.04
2025-10,1201012,101004230,162,4199.04
2025-10,1201012,101004233,192,2073.6
2025-10,1201012,101004245,216,3214.08
2025-10,1201012,101004257,192,1774.08
2025-10,1201012,101004261,324,8398.08
2025-10,1201012,101070075,192,1557.5
2025-10,1201012,101070076,162,2115.07
2025-10,1201012,101070079,360,1693.44
2025-10,1201012,101070105,432,6428.16
2025-10,1201012,101070109,1440,7056.0
2025-10,1201012,101070153,720,6768.0
2025-10,1201012,101070154,432,4060.7999999999997
2025-10,1201012,101070156,1152,10828.8
2025-10,1201012,101070158,720,6768.0
2025-10,1201012,101070162,2448,23011.2
2025-10,1201012,101070165,1152,10828.8
2025-10,1201012,101070168,3600,33840.0
2025-10,1201014,101070060,35,264.06
2025-10,1201014,101070075,20,173.76
2025-10,1201014,101070079,20,99.84
2025-10,1201014,101070105,120,1862.4
2025-10,1201014,101070162,108,1101.6
2025-10,1201014,101070168,108,1101.6
2025-10,1201016,101002402,252,3477.6
2025-10,1201016,101003241,825,5692.5
2025-10,1201016,101004174,165,1138.5
2025-10,1201016,101004257,768,8570.88
2025-10,1201016,101070153,441,6085.799999999999
2025-10,1201016,101070156,630,8694.0
2025-10,1201016,101070158,630,8694.0
2025-10,1201016,101070162,441,6085.799999999999
2025-10,1201016,101070165,378,5216.4
2025-10,1201016,101070168,504,6955.2
2025-10,1201029,101002188,288,2761.92
2025-10,1201029,101003133,2160,16070.4
2025-10,1201029,101003346,432,5140.8
2025-10,1201029,101003347,216,2570.4
2025-10,1201029,101003456,720,6494.4
2025-10,1201029,101003457,720,3600.0
2025-10,1201029,101004141,324,4231.44
2025-10,1201029,101004245,648,7711.2
2025-10,1201029,101070156,144,1298.88
2025-10,1201029,101070158,144,1298.88
2025-10,1201031,101003346,216,3214.08
2025-10,1201031,101003359,360,2116.8
2025-10,1201031,101004224,216,3214.08
2025-10,1201031,101004257,384,3548.16
2025-10,1201031,101004261,162,4199.04
2025-10,1201031,101070105,3024,44997.12
2025-10,1201031,101070106,990,14790.6
2025-10,1201031,101070108,2160,20088.0
2025-10,1201031,101070109,3960,19404.0
2025-10,1201031,101070111,952,6597.36
2025-10,1201033,101002188,432,4142.88
2025-10,1201033,101002381,150,1822.5
2025-10,1201033,101002859,720,3600.0
2025-10,1201033,101003360,720,3600.0
2025-10,1201033,101004174,720,3600.0
2025-10,1201033,101004183,720,3600.0
2025-10,1201033,101004219,2592,21150.72
2025-10,1201033,101004229,162,3359.88
2025-10,1201033,101004233,384,3525.12
2025-10,1201033,101070154,432,4142.88
2025-10,1201033,101070158,432,3896.64
2025-10,1201035,101002612,3450,39690.0
2025-10,1201035,101002859,330,2088.9
2025-10,1201035,101003241,660,4187.700000000001
2025-10,1201035,101004174,165,1039.5
2025-10,1201035,101070153,567,7038.36
2025-10,1201035,101070156,3654,45435.6
2025-10,1201035,101070158,3339,41557.32
2025-10,1201035,101070162,6867,85465.8
2025-10,1201035,101070165,2268,28229.04
2025-10,1201035,101070168,4095,50893.92
2025-10,1201037,101002381,20,313.8
2025-10,1201037,101002612,330,3615.0
2025-10,1201037,101002859,300,1806.0
2025-10,1201037,101003359,270,1625.3999999999999
2025-10,1201037,101003360,360,2167.2
2025-10,1201037,101004141,81,1312.2
2025-10,1201037,101004229,111,2776.8599999999997
2025-10,1201037,101004230,192,4806.719999999999
2025-10,1201037,101004233,616,6851.28
2025-10,1201037,101004257,192,1837.44
2025-10,1201037,101004261,81,2029.86
2025-10,1201037,101005690,192,2136.96
2025-10,1201037,101070040,119,1120.98
2025-10,1201037,101070060,238,2027.76
2025-10,1201037,101070079,100,541.0
2025-10,1201037,101070105,432,6289.92
2025-10,1201037,101070168,252,2990.88
2025-10,1201043,101002715,800,7760.0
2025-10,1201043,101002716,144,1540.8
2025-10,1201043,101002717,480,4656.0
2025-10,1201043,101002859,165,1039.5
2025-10,1201043,101003241,165,1039.5
2025-10,1201043,101070108,320,3104.0
2025-10,1201043,101070156,567,7008.12
2025-10,1201043,101070162,945,11680.2
2025-10,1201043,101070165,378,4672.08
2025-10,1201043,101070168,1071,13237.56
2025-10,1201045,101070167,1008,6229.44
2025-10,1201046,101003346,108,1285.2
2025-10,1201046,101003347,72,856.8
2025-10,1201046,101004141,81,1057.86
2025-10,1201046,101004224,108,1285.2
2025-10,1201046,101070154,2448,23476.32
2025-10,1201046,101070168,144,1298.88
2025-10,1201047,101004214,23040,232629.4
2025-10,1201058,101002188,144,1483.2
2025-10,1201058,101002402,144,1483.2
2025-10,1201058,101004257,192,1923.84
2025-10,1201058,101005690,32,370.56
2025-10,1201058,101070156,144,1483.2
2025-10,1201058,101070158,144,1483.2
2025-10,1201058,101070162,144,1483.2
2025-10,1201058,101070165,144,1483.2
2025-10,1201058,101070168,144,1483.2
2025-10,1201060,101002715,2880,28224.0
2025-10,1201060,101003241,1815,11543.4
2025-10,1201060,101003346,96,1505.28
2025-10,1201060,101003347,384,6021.12
2025-10,1201060,101004141,576,10045.44
2025-10,1201060,101004224,864,13547.52
2025-10,1201060,101004245,192,3010.56
2025-10,1201060,101004261,432,11681.28
2025-10,1201065,101002188,144,1497.6
2025-10,1201065,101002402,144,1497.6
2025-10,1201065,101002715,1080,10584.0
2025-10,1201065,101003346,216,3386.88
2025-10,1201065,101004224,2328,36503.04
2025-10,1201065,101004233,384,4446.72
2025-10,1201065,101004245,215,3336.8
2025-10,1201065,101004261,162,4354.56
2025-10,1201065,101005690,32,372.48
2025-10,1201065,101070040,51,378.48
2025-10,1201065,101070060,51,378.48
2025-10,1201065,101070079,30,152.64
2025-10,1201065,101070105,324,5080.32
2025-10,1201065,101070153,144,1497.6
2025-10,1201065,101070154,144,1497.6
2025-10,1201065,101070162,144,1497.6
2025-10,1201065,101070165,144,1497.6
2025-10,1201065,101070168,288,2980.8
2025-10,1201068,101002188,18,185.4
2025-10,1201068,101003346,24,372.48
2025-10,1201068,101003347,24,372.48
2025-10,1201068,101003360,15,94.5
2025-10,1201068,101004141,27,466.56
2025-10,1201068,101004174,15,94.5
2025-10,1201068,101004229,18,483.84
2025-10,1201068,101004230,18,483.84
2025-10,1201068,101004233,16,185.28
2025-10,1201068,101004245,12,186.24
2025-10,1201068,101004257,16,160.32
2025-10,1201068,101004261,27,725.76
2025-10,1201068,101005690,16,185.28
2025-10,1201068,101070105,24,372.48
2025-10,1201068,101070158,18,185.4
2025-10,1201068,101070162,18,185.4
2025-10,1201068,101070165,18,185.4
2025-10,1201068,101070168,18,185.4
2025-10,1201073,101002188,189,2154.6000000000004
2025-10,1201073,101002402,252,2872.8
2025-10,1201073,101002612,600,6588.0
2025-10,1201073,101002715,320,3008.0
2025-10,1201073,101002717,54,507.6
2025-10,1201073,101002859,660,3920.4
2025-10,1201073,101003241,495,2940.3
2025-10,1201073,101004141,288,4746.24
2025-10,1201073,101004224,864,12994.56
2025-10,1201073,101004230,360,9388.8
2025-10,1201073,101004233,768,8386.56
2025-10,1201073,101004257,384,3594.24
2025-10,1201073,101004261,864,22533.12
2025-10,1201073,101070040,34,316.2
2025-10,1201073,101070153,252,2872.8
2025-10,1201073,101070154,441,5027.4
2025-10,1201073,101070156,441,5027.4
2025-10,1201073,101070158,189,2154.6000000000004
2025-10,1201073,101070162,1008,11491.2
2025-10,1201073,101070165,252,2872.8
2025-10,1201073,101070168,819,9336.599999999999
2025-10,1201076,101002188,18,185.4
2025-10,1201076,101002381,15,242.25
2025-10,1201076,101002612,45,515.7
2025-10,1201076,101002859,90,567.0
2025-10,1201076,101003241,180,945.0
2025-10,1201076,101003346,24,372.48
2025-10,1201076,101003359,30,189.0
2025-10,1201076,101003360,45,283.5
2025-10,1201076,101004141,81,1399.68
2025-10,1201076,101004174,45,283.5
2025-10,1201076,101004224,108,1676.16
2025-10,1201076,101004261,18,483.84
2025-10,1201076,101070060,17,128.7
2025-10,1201076,101070153,18,185.4
2025-10,1201076,101070154,18,185.4
2025-10,1205005,101002859,495,2970.0
2025-10,1205005,101003241,165,990.0
2025-10,1205005,101004224,96,1443.84
2025-10,1205005,101004257,384,3640.32
2025-10,1205005,101005690,96,1059.84
2025-10,1205005,101070156,63,725.76
2025-10,1205005,101070158,378,4354.56
2025-10,1205005,101070162,630,7257.6
2025-10,1205005,101070165,378,4354.56
2025-10,1205005,101070168,378,4354.56
2025-10,1205009,101002716,144,1468.8
2025-10,1205009,101004141,144,2350.08
2025-10,1205009,101004224,96,1428.48
2025-10,1205009,101004257,96,887.04
2025-10,1205009,101004261,144,3732.48
2025-10,1205013,101004224,432,6704.64
2025-10,1205013,101004261,324,8657.28
2025-10,1205013,101070156,288,3525.12
2025-10,1205013,101070158,288,3525.12
2025-10,1205013,101070162,1584,19388.16
2025-10,1205013,101070165,1440,10575.36
2025-10,1205013,101070168,144,1762.56
2025-10,1205019,101004224,6480,91428.32
2025-10,1205021,101002859,1080,7322.400000000001
2025-10,1205021,101004174,2160,14644.8
2025-10,1205026,101002715,9000,75600.0
2025-10,1205026,101002717,5040,42336.0
2025-10,1205026,101003241,11880,67003.2
2025-10,1205026,101070155,31104,154897.92
2025-10,1205026,101070161,34272,170674.56
2025-10,1205033,101003347,20,282.2
2025-10,1205033,101004224,30,423.3
2025-10,1205033,101004230,24,580.56
2025-10,1205033,101004261,72,1741.68
2025-10,1205033,101070105,432,6168.96
2025-10,1205033,101070153,30,344.4
2025-10,1205033,101070154,40,459.2
2025-10,1205033,101070156,40,459.2
2025-10,1205033,101070162,24,275.52
2025-10,1205046,101002381,150,2355.0
2025-10,1205046,101002612,150,1719.0
2025-10,1205046,101002716,324,3466.8
2025-10,1205046,101002717,180,1746.0
2025-10,1205046,101002859,360,2268.0
2025-10,1205046,101003241,720,4536.0
2025-10,1205046,101003346,108,1676.16
2025-10,1205046,101003347,648,8054.88
2025-10,1205046,101003359,540,3402.0
2025-10,1205046,101003360,720,4536.0
2025-10,1205046,101004141,3078,44236.8
2025-10,1205046,101004174,360,2268.0
2025-10,1205046,101004183,360,1890.0
2025-10,1205046,101004224,1512,23466.24
2025-10,1205046,101004230,81,2177.28
2025-10,1205046,101004245,540,7046.08
2025-10,1205046,101004257,96,961.92
2025-10,1205046,101004261,405,9166.080000000002
2025-10,1205046,101070105,2160,28836.16
2025-10,1205046,101070108,180,1746.0
2025-10,1205046,101070153,72,741.6
2025-10,1205046,101070156,144,1483.2
2025-10,1205046,101070158,432,4597.92
2025-10,1205046,101070162,864,9195.84
2025-10,1205046,101070165,144,1483.2
2025-10,1205046,101070168,1440,15128.64
2025-10,1205047,101070156,540,5562.0
2025-10,1205047,101070162,540,5562.0
2025-10,1205047,101070165,252,2595.6
2025-10,1205047,101070168,1512,15573.6
2025-10,1205051,101002188,288,3024.0
2025-10,1205051,101002402,288,3024.0
2025-10,1205051,101070153,288,3024.0
2025-10,1205051,101070154,288,3024.0
2025-10,1205051,101070156,576,6048.0
2025-10,1205051,101070158,432,4536.0
2025-10,1205051,101070162,1872,19656.0
2025-10,1205051,101070165,1008,10584.0
2025-10,1205051,101070168,2448,25704.0
2025-10,1205053,101002715,11808,94464.0
2025-10,1205053,101003241,19800,95040.0
2025-10,1205057,101002402,63,710.64
2025-10,1205057,101070162,378,4263.84
2025-10,1205057,101070165,252,2842.56
2025-10,1205061,101002859,360,1587.6
2025-10,1205061,101003133,3960,25977.6
2025-10,1205061,101003346,216,2268.0
2025-10,1205061,101003360,360,1587.6
2025-10,1205061,101003456,576,4573.44
2025-10,1205061,101003457,1080,4762.8
2025-10,1205061,101004219,972,6949.8
2025-10,1205061,101004257,192,1320.96
2025-10,1205061,101070162,432,3430.08
2025-10,1205061,101070165,288,2286.72
2025-10,1205067,101004224,41,377.2
2025-10,C5800,101002161,7200,63207.36
2025-10,C5800,101002613,10874,92355.06
2025-10,C5800,101003028,9000,41310.0
2025-10,C5800,101003119,18000,82620.0
2025-10,C5800,101003122,11880,54529.2
2025-10,C5800,101003207,26280,190498.47
2025-10,C5800,101003236,2847,13067.73
2025-10,C5800,101003242,51480,236293.2
2025-10,C5800,101003449,15480,71053.2
2025-10,C5800,101003941,16000,208460.79
2025-10,C5800,101004148,41760,349848.61
2025-10,C5800,101004189,33696,391129.68
2025-10,C5800,101004190,15558,71411.22
2025-10,C5800,101004226,11340,236348.28
2025-10,C5800,101004246,5400,62681.03
2025-10,C5800,101004262,20088,233173.47
2025-10,C5800,101070042,1785,12781.31
2025-10,C5800,101070113,25488,295854.52
2025-10,C5800,101070173,21173,185873.55
2025-10,C5800,101070175,15491,135992.4
2025-10,C5800,101070176,9504,83433.72
2025-10,C5800,101070179,15264,133999.61
2025-10,NCASH510,101001911,5,68.0
2025-10,NCASH510,101002188,8,72.0
2025-10,NCASH510,101002402,3,27.0
2025-10,NCASH510,101002612,7,60.9
2025-10,NCASH510,101002859,5,23.5
2025-10,NCASH510,101003241,7,32.9
2025-10,NCASH510,101003346,5,59.5
2025-10,NCASH510,101003347,6,71.4
2025-10,NCASH510,101003359,3,14.1
2025-10,NCASH510,101003360,5,23.5
2025-10,NCASH510,101004098,4,34.4
2025-10,NCASH510,101004141,11,144.1
2025-10,NCASH510,101004174,2,9.4
2025-10,NCASH510,101004224,12,142.8
2025-10,NCASH510,101004229,2,41.4
2025-10,NCASH510,101004230,2,41.4
2025-10,NCASH510,101004233,3,25.8
2025-10,NCASH510,101004245,3,35.7
2025-10,NCASH510,101004257,3,22.2
2025-10,NCASH510,101004261,6,124.19999999999999
2025-10,NCASH510,101070040,5,37.0
2025-10,NCASH510,101070153,3,27.0
2025-10,NCASH510,101070154,7,63.0
2025-10,NCASH510,101070156,5,45.0
2025-10,NCASH510,101070158,13,117.0
2025-10,NCASH510,101070162,16,144.0
2025-10,NCASH510,101070165,9,81.0
2025-10,NCASH510,101070168,6,54.0
2025-11,1200002,101002612,900,8235.0
2025-11,1200002,101002859,360,1782.0
2025-11,1200002,101003347,216,3248.64
2025-11,1200002,101003359,360,1782.0
2025-11,1200002,101003360,1080,5346.0
2025-11,1200002,101004141,486,8009.28
2025-11,1200002,101004174,360,1782.0
2025-11,1200002,101004230,162,3390.4
2025-11,1200002,101004245,216,3248.64
2025-11,1200002,101004261,648,13509.44
2025-11,1200002,101070109,3240,16038.0
2025-11,1200010,101002612,300,3267.0
2025-11,1200010,101002715,1080,9741.6
2025-11,1200010,101002716,162,1610.28
2025-11,1200010,101002859,360,2152.8
2025-11,1200010,101003241,360,2152.8
2025-11,1200010,101003347,108,1558.44
2025-11,1200010,101003359,180,1076.4
2025-11,1200010,101004141,162,2601.72
2025-11,1200010,101004183,180,1076.4
2025-11,1200010,101004224,864,12467.52
2025-11,1200010,101004230,81,2016.09
2025-11,1200010,101004233,576,6370.56
2025-11,1200010,101004245,108,1558.44
2025-11,1200010,101004261,648,16128.72
2025-11,1200010,101005690,192,2077.44
2025-11,1200010,101070040,238,2241.96
2025-11,1200010,101070156,144,1706.4
2025-11,1200010,101070158,72,853.2
2025-11,1200010,101070162,144,1706.4
2025-11,1200010,101070165,72,853.2
2025-11,1200010,101070168,288,3412.8
2025-11,1200015,101003347,120,1862.4
2025-11,1200015,101070109,300,1560.0
2025-11,1200015,101070112,405,8657.28
2025-11,1200015,101070153,54,660.96
2025-11,1200015,101070156,108,1321.92
2025-11,1200016,101002381,0,-324.0
2025-11,1200016,101002612,360,3420.0
2025-11,1200016,101002717,100,970.0
2025-11,1200016,101002859,360,1872.0
2025-11,1200016,101003015,50,668.0
2025-11,1200016,101003346,0,-21.6
2025-11,1200016,101004174,180,936.0
2025-11,1200016,101004229,81,1736.8
2025-11,1200016,101004230,162,3473.6
2025-11,1200016,101004233,192,1843.2
2025-11,1200016,101004245,60,931.2
2025-11,1200016,101004257,192,1593.6
2025-11,1200016,101070110,50,1068.8
2025-11,1200017,101002612,600,5550.0
2025-11,1200017,101002859,1080,5454.0
2025-11,1200017,101003241,720,3636.0
2025-11,1200017,101003347,432,6566.4
2025-11,1200017,101003359,360,1818.0
2025-11,1200017,101003360,360,1818.0
2025-11,1200017,101004141,486,8087.04
2025-11,1200017,101004174,360,1818.0
2025-11,1200017,101004224,5400,73831.36
2025-11,1200017,101004229,324,8501.76
2025-11,1200017,101004245,216,3283.2
2025-11,1200017,101004261,486,10207.36
2025-11,1200017,101070105,7344,102179.36
2025-11,1200017,101070109,5040,26546.4
2025-11,1200017,101070110,243,5956.48
2025-11,1200017,101070112,2916,76515.84
2025-11,1200018,101002381,300,4335.0
2025-11,1200018,101002402,288,3283.2
2025-11,1200018,101002612,2100,19215.0
2025-11,1200018,101002859,5040,24948.0
2025-11,1200018,101003015,288,3749.0
2025-11,1200018,101003346,216,3248.64
2025-11,1200018,101003347,1080,16243.2
2025-11,1200018,101003359,1800,8910.0
2025-11,1200018,101003360,1800,8910.0
2025-11,1200018,101004141,648,10679.04
2025-11,1200018,101004174,1080,5346.0
2025-11,1200018,101004224,2160,29538.56
2025-11,1200018,101004229,162,3390.4
2025-11,1200018,101004230,162,3390.4
2025-11,1200018,101004233,192,1747.2
2025-11,1200018,101004257,192,1497.6
2025-11,1200018,101004261,2106,43944.8
2025-11,1200018,101070105,2592,32486.4
2025-11,1200018,101070109,5400,26730.0
2025-11,1200018,101070153,144,1641.6
2025-11,1200018,101070156,576,6566.4
2025-11,1200018,101070165,288,3283.2
2025-11,1200020,101002188,432,4384.8
2025-11,1200020,101002402,576,5846.4
2025-11,1200020,101002715,360,3384.0
2025-11,1200020,101003346,216,2816.64
2025-11,1200020,101004224,432,5633.28
2025-11,1200020,101004257,384,3133.44
2025-11,1200020,101070079,360,1879.2
2025-11,1200020,101070153,288,2923.2
2025-11,1200020,101070154,432,4384.8
2025-11,1200020,101070156,864,8769.6
2025-11,1200020,101070158,720,7308.0
2025-11,1200020,101070162,2016,20462.4
2025-11,1200020,101070168,1440,14616.0
2025-11,1200023,101002612,300,2745.0
2025-11,1200023,101003241,360,1782.0
2025-11,1200023,101003346,216,3248.64
2025-11,1200023,101004141,324,5339.52
2025-11,1200023,101004261,162,3390.4
2025-11,1200023,101070105,1296,17717.12
2025-11,1200023,101070162,576,6566.4
2025-11,1200023,101070165,288,3283.2
2025-11,1200023,101070168,1296,14774.4
2025-11,1200029,101002402,72,812.16
2025-11,1200029,101002612,150,1638.0
2025-11,1200029,101002717,180,1674.0
2025-11,1200029,101003347,108,1607.04
2025-11,1200029,101003359,180,1058.4
2025-11,1200029,101003360,180,1058.4
2025-11,1200029,101004141,81,1321.92
2025-11,1200029,101004257,96,887.04
2025-11,1200029,101070017,16,172.8
2025-11,1200029,101070105,108,1607.04
2025-11,1200029,101070109,1260,7408.8
2025-11,1200029,101070153,216,2436.48
2025-11,1200029,101070154,72,812.16
2025-11,1200029,101070156,72,812.16
2025-11,1200029,101070158,72,812.16
2025-11,1200029,101070162,360,4060.8
2025-11,1200029,101070165,864,9745.92
2025-11,1200029,101070168,504,5685.12
2025-11,1200031,101002612,300,2895.0
2025-11,1200031,101002716,324,3499.2
2025-11,1200031,101002717,360,3528.0
2025-11,1200031,101002859,360,1908.0
2025-11,1200031,101003346,216,3386.88
2025-11,1200031,101003347,216,3386.88
2025-11,1200031,101003360,360,1908.0
2025-11,1200031,101004141,486,8475.84
2025-11,1200031,101004183,360,1908.0
2025-11,1200031,101004229,162,3515.2
2025-11,1200031,101004230,162,3515.2
2025-11,1200031,101004257,192,1632.0
2025-11,1200031,101070017,192,1881.6
2025-11,1200031,101070060,238,1793.58
2025-11,1200031,101070108,720,6419.0
2025-11,1200031,101070109,360,1908.0
2025-11,1200031,101070110,162,3515.2
2025-11,1200031,101070112,324,7030.4
2025-11,1200031,101070156,144,1814.4
2025-11,1200031,101070158,144,1814.4
2025-11,1200031,101070162,144,1814.4
2025-11,1200031,101070165,144,1814.4
2025-11,1200031,101070168,144,1814.4
2025-11,1200032,101002188,288,3084.48
2025-11,1200032,101002402,720,7711.200000000001
2025-11,1200032,101003346,216,2980.45
2025-11,1200032,101003347,216,2980.45
2025-11,1200032,101004141,324,4972.49
2025-11,1200032,101004229,162,3854.82
2025-11,1200032,101004230,162,3854.82
2025-11,1200032,101004233,384,3838.46
2025-11,1200032,101004257,384,3329.28
2025-11,1200032,101005690,480,4798.08
2025-11,1200032,101070017,96,959.62
2025-11,1200032,101070040,119,1013.88
2025-11,1200032,101070060,119,953.9
2025-11,1200032,101070075,96,852.48
2025-11,1200032,101070079,180,915.84
2025-11,1200032,101070109,360,2289.6
2025-11,1200032,101070112,810,19274.11
2025-11,1200032,101070153,432,4626.72
2025-11,1200032,101070154,864,9253.44
2025-11,1200032,101070156,1440,15422.400000000001
2025-11,1200032,101070158,576,6168.96
2025-11,1200032,101070162,1152,12337.92
2025-11,1200032,101070165,720,7711.200000000001
2025-11,1200032,101070168,1728,18506.88
2025-11,1200035,101002188,144,1512.0
2025-11,1200035,101002381,600,9960.0
2025-11,1200035,101002402,288,3628.8
2025-11,1200035,101002612,1500,14475.0
2025-11,1200035,101002715,720,6419.0
2025-11,1200035,101002716,648,6998.4
2025-11,1200035,101002717,720,7056.0
2025-11,1200035,101002859,1440,7632.0
2025-11,1200035,101003015,288,3864.0
2025-11,1200035,101003241,1440,7632.0
2025-11,1200035,101003346,864,13547.52
2025-11,1200035,101003347,1080,16934.4
2025-11,1200035,101003359,720,3816.0
2025-11,1200035,101003360,1440,7632.0
2025-11,1200035,101004141,2916,50855.04
2025-11,1200035,101004174,720,3816.0
2025-11,1200035,101004183,720,3816.0
2025-11,1200035,101004224,1728,24648.96
2025-11,1200035,101004229,324,7030.4
2025-11,1200035,101004233,960,10160.64
2025-11,1200035,101004245,648,10160.64
2025-11,1200035,101004257,1920,17625.6
2025-11,1200035,101004261,810,17521.92
2025-11,1200035,101070105,1944,27722.239999999998
2025-11,1200035,101070108,1440,12838.0
2025-11,1200035,101070109,3960,20988.0
2025-11,1200035,101070110,162,3515.2
2025-11,1200035,101070112,1782,38613.119999999995
2025-11,1200035,101070153,576,6955.200000000001
2025-11,1200035,101070154,288,3628.8
2025-11,1200035,101070156,864,10281.6
2025-11,1200035,101070158,432,5443.200000000001
2025-11,1200035,101070162,1152,14515.2
2025-11,1200035,101070165,1008,11491.2
2025-11,1200035,101070168,2160,26006.4
2025-11,1200039,101002612,150,1447.5
2025-11,1200039,101002859,180,954.0
2025-11,1200039,101003359,180,954.0
2025-11,1200039,101004141,1620,28252.8
2025-11,1200039,101004229,81,1757.6
2025-11,1200039,101004230,81,1757.6
2025-11,1200039,101004257,768,6528.0
2025-11,1200039,101070105,7992,113946.56000000001
2025-11,1200039,101070108,6120,54527.2
2025-11,1200039,101070109,1800,9540.0
2025-11,1200047,101002188,144,1461.6
2025-11,1200047,101002402,432,4384.799999999999
2025-11,1200047,101003241,180,939.6
2025-11,1200047,101003359,180,1069.2
2025-11,1200047,101004257,288,2350.08
2025-11,1200047,101070153,288,2923.2
2025-11,1200047,101070154,576,5846.4
2025-11,1200047,101070156,288,2923.2
2025-11,1200047,101070158,288,2923.2
2025-11,1200047,101070162,576,5846.4
2025-11,1200047,101070165,288,2923.2
2025-11,1200047,101070168,720,7308.0
2025-11,1200048,101002612,300,3600.0
2025-11,1200048,101003241,1800,12096.0
2025-11,1200048,101003346,216,3525.12
2025-11,1200048,101003360,1080,2419.2
2025-11,1200048,101004174,1440,9676.8
2025-11,1200048,101004224,432,7050.24
2025-11,1200048,101004233,960,11923.2
2025-11,1200048,101004257,576,4170.24
2025-11,1200055,101002612,900,8685.0
2025-11,1200055,101003241,360,1908.0
2025-11,1200055,101003347,432,6773.76
2025-11,1200055,101004141,486,8475.84
2025-11,1200055,101004229,162,3515.2
2025-11,1200055,101004230,486,10545.599999999999
2025-11,1200055,101004233,576,5644.799999999999
2025-11,1200055,101070075,192,1704.96
2025-11,1200055,101070076,324,4520.44
2025-11,1200055,101070105,4536,64664.32
2025-11,1200055,101070108,2160,19247.2
2025-11,1200055,101070110,162,3515.2
2025-11,1200055,101070112,2592,56053.92
2025-11,1200056,101002188,756,8996.4
2025-11,1200056,101002402,630,7497.0
2025-11,1200056,101002715,3320,30378.0
2025-11,1200056,101002859,660,4197.6
2025-11,1200056,101003241,1320,8395.2
2025-11,1200056,101003359,165,1049.4
2025-11,1200056,101004174,330,2098.8
2025-11,1200056,101004233,384,4131.84
2025-11,1200056,101004257,576,5299.200000000001
2025-11,1200056,101070153,819,9746.1
2025-11,1200056,101070154,1323,15743.7
2025-11,1200056,101070156,1890,22491.0
2025-11,1200056,101070158,1386,16493.399999999998
2025-11,1200056,101070162,1575,18742.5
2025-11,1200056,101070165,1008,11995.2
2025-11,1200056,101070168,6993,83216.7
2025-11,1200067,101002381,150,2422.5
2025-11,1200067,101002716,648,6933.6
2025-11,1200067,101003241,720,3816.0
2025-11,1200067,101003359,360,1908.0
2025-11,1200067,101003360,720,3816.0
2025-11,1200067,101004141,486,8398.08
2025-11,1200067,101004229,81,1747.2
2025-11,1200067,101004230,81,1747.2
2025-11,1200067,101004245,216,3386.88
2025-11,1200067,101004257,192,1612.8
2025-11,1200067,101004261,324,6961.92
2025-11,1200067,101005690,192,1862.4
2025-11,1200067,101070017,96,931.2
2025-11,1200067,101070105,432,6162.24
2025-11,1200067,101070162,288,3594.24
2025-11,1200067,101070165,144,1797.12
2025-11,1200077,101001911,75,1236.0
2025-11,1200077,101003648,14696,219999.12
2025-11,1200077,101004125,8100,130977.0
2025-11,1200077,101004196,9024,97549.44
2025-11,1200077,101070106,1584,23712.48
2025-11,1200077,101070156,2898,32805.36
2025-11,1200077,101070163,51660,846716.4
2025-11,1200077,101070166,4410,72279.9
2025-11,1200095,101002381,375,5887.5
2025-11,1200095,101002612,2700,30942.0
2025-11,1200095,101002859,2145,13642.2
2025-11,1200095,101003241,1320,8395.2
2025-11,1200095,101003346,1824,26356.8
2025-11,1200095,101003347,672,9710.4
2025-11,1200095,101004174,1815,11543.400000000001
2025-11,1200095,101004224,3168,45777.600000000006
2025-11,1200095,101004229,216,5806.08
2025-11,1200095,101004230,1656,44513.28
2025-11,1200095,101004233,2304,26680.32
2025-11,1200095,101004245,576,8426.880000000001
2025-11,1200095,101004257,2304,23086.08
2025-11,1200095,101004261,4896,126463.68
2025-11,1200095,101005690,768,8893.44
2025-11,1200095,101070105,5472,79070.4
2025-11,1200095,101070109,2640,16790.4
2025-11,1200095,101070110,576,14878.08
2025-11,1200095,101070156,1134,12882.24
2025-11,1200095,101070162,945,10735.199999999999
2025-11,1200095,101070168,1071,12166.56
2025-11,1200100,101001911,61425,784753.51
2025-11,1200100,101003648,10648,161252.24
2025-11,1200100,101004098,173184,1805893.59
2025-11,1200100,101070106,7480,113276.37
2025-11,1200100,101070163,12240,204238.46
2025-11,1200100,101070166,13590,226764.77
2025-11,1200113,101002381,825,12596.25
2025-11,1200113,101002612,1650,18585.0
2025-11,1200113,101002717,480,4656.0
2025-11,1200113,101003347,384,5836.8
2025-11,1200113,101004233,1728,19180.8
2025-11,1200113,101004257,1008,9878.4
2025-11,1200113,101004261,2592,68901.12
2025-11,1200113,101070105,1536,23347.2
2025-11,1200113,101070108,1440,13840.0
2025-11,1200113,101070109,1320,8217.0
2025-11,1200113,101070156,1827,21878.64
2025-11,1200113,101070158,315,3885.84
2025-11,1200113,101070162,2205,26512.920000000002
2025-11,1200113,101070165,1449,17486.280000000002
2025-11,1200113,101070168,1071,12655.44
2025-11,1200140,101002612,2700,27360.0
2025-11,1200140,101002859,2520,14227.2
2025-11,1200140,101003241,1080,6739.2
2025-11,1200140,101003347,864,13409.279999999999
2025-11,1200140,101003359,1080,5616.0
2025-11,1200140,101003360,1440,7488.0
2025-11,1200140,101004141,972,16640.64
2025-11,1200140,101004174,1440,3744.0
2025-11,1200140,101004183,360,2246.4
2025-11,1200140,101004229,486,11275.84
2025-11,1200140,101004230,162,3473.6
2025-11,1200140,101004233,768,7372.8
2025-11,1200140,101004257,1920,16573.44
2025-11,1200140,101004261,1458,32892.32
2025-11,1200140,101070017,384,3686.4
2025-11,1200140,101070075,576,5004.29
2025-11,1200140,101070079,1440,7188.48
2025-11,1200140,101070105,4320,61552.32
2025-11,1200140,101070110,162,4328.64
2025-11,1200140,101070165,432,5287.68
2025-11,1200148,101002612,300,2865.0
2025-11,1200148,101003347,216,2684.96
2025-11,1200148,101004141,324,4492.8
2025-11,1200148,101070105,1080,13409.28
2025-11,1200148,101070112,162,3494.4
2025-11,1200148,101070168,288,2966.4
2025-11,1200153,101004230,288,7695.36
2025-11,1200153,101004233,480,5011.2
2025-11,1200153,101070017,192,2211.84
2025-11,1200153,101070156,504,5599.44
2025-11,1200153,101070162,882,9799.02
2025-11,1200153,101070165,756,8399.16
2025-11,1200153,101070168,378,4199.58
2025-11,1200160,101002612,450,4662.0
2025-11,1200160,101002859,2475,13780.8
2025-11,1200160,101003347,1920,27417.6
2025-11,1200160,101004174,2145,11926.2
2025-11,1200160,101004224,1632,23235.84
2025-11,1200160,101004261,1224,29911.68
2025-11,1200160,101070156,2079,21508.2
2025-11,1200160,101070162,1701,17690.4
2025-11,1200160,101070168,2205,22775.76
2025-11,1200173,101003347,96,1443.84
2025-11,1200173,101004233,96,1048.32
2025-11,1200173,101004261,72,1877.76
2025-11,1200173,101070156,252,2872.8
2025-11,1200173,101070158,315,3591.0
2025-11,1200173,101070162,504,5745.6
2025-11,1200173,101070165,189,2154.6
2025-11,1200173,101070168,252,2872.8
2025-11,1200187,101002381,300,4710.0
2025-11,1200187,101003346,216,3352.32
2025-11,1200187,101004141,162,2799.36
2025-11,1200187,101004261,162,3494.4
2025-11,1200187,101070105,1944,27439.36
2025-11,1200187,101070109,720,3780.0
2025-11,1200187,101070158,144,1779.84
2025-11,1200187,101070162,576,7119.36
2025-11,1200187,101070165,576,7119.36
2025-11,1200187,101070168,432,5339.52
2025-11,1200188,101002381,225,3251.25
2025-11,1200188,101002612,750,8235.0
2025-11,1200188,101003241,1650,9801.0
2025-11,1200188,101004224,1056,15882.24
2025-11,1200188,101004230,72,1877.76
2025-11,1200188,101004233,480,5241.6
2025-11,1200188,101004257,384,3594.24
2025-11,1200188,101004261,288,7511.04
2025-11,1200188,101070109,4950,29403.0
2025-11,1200188,101070156,252,2872.8
2025-11,1200188,101070158,441,5027.4
2025-11,1200188,101070165,126,1436.4
2025-11,1200197,101002381,900,11583.0
2025-11,1200197,101002612,4500,44235.0
2025-11,1200197,101002715,160,1504.0
2025-11,1200197,101003347,96,1443.84
2025-11,1200197,101004174,165,882.75
2025-11,1200197,101004229,216,5598.72
2025-11,1200197,101004233,2976,28926.72
2025-11,1200197,101004257,3456,28753.92
2025-11,1200197,101004261,72,1866.24
2025-11,1200197,101070017,96,1036.8
2025-11,1200197,101070040,119,934.15
2025-11,1200197,101070108,160,1504.0
2025-11,1200197,101070109,12045,64440.75
2025-11,1200197,101070110,360,9331.2
2025-11,1200197,101070111,119,934.15
2025-11,1200197,101070153,441,4476.150000000001
2025-11,1200197,101070154,189,1918.3500000000001
2025-11,1200197,101070156,4977,51362.64
2025-11,1200197,101070158,1071,10941.84
2025-11,1200197,101070162,9765,100774.8
2025-11,1200197,101070165,5418,55913.76
2025-11,1200197,101070168,2583,26656.56
2025-11,1200200,101002379,8325,163836.0
2025-11,1200200,101002612,8265,95295.45
2025-11,1200200,101002717,900,8856.0
2025-11,1200200,101002859,11160,79570.8
2025-11,1200200,101003346,816,12860.16
2025-11,1200200,101003359,590,4206.7
2025-11,1200200,101004141,2155,39716.65
2025-11,1200200,101004174,1260,7849.800000000001
2025-11,1200200,101004183,1737,10821.51
2025-11,1200200,101004229,361,10216.300000000001
2025-11,1200200,101004230,369,10442.7
2025-11,1200200,101004233,10239,116519.81999999999
2025-11,1200200,101004245,141,2222.16
2025-11,1200200,101004261,80,2488.0
2025-11,1200200,101005690,110,1251.8
2025-11,1200200,101070105,13362,210585.12
2025-11,1200200,101070109,9000,64170.0
2025-11,1200200,101070110,34,962.88
2025-11,1200200,101070112,8015,249266.5
2025-11,1200200,101070154,315,3754.8
2025-11,1200200,101070155,467,2778.65
2025-11,1200200,101070156,315,3754.8
2025-11,1200200,101070161,3004,17873.8
2025-11,1200200,101070162,5121,61042.32
2025-11,1200200,101070165,1008,12015.36
2025-11,1200200,101070168,6867,81854.64
2025-11,1200209,101002612,300,3600.0
2025-11,1200209,101070108,480,4848.0
2025-11,1200209,101070109,330,2217.6
2025-11,1200209,101070153,252,3356.64
2025-11,1200209,101070156,252,3356.64
2025-11,1200209,101070158,189,2517.48
2025-11,1200209,101070162,252,3356.64
2025-11,1200209,101070168,504,6713.28
2025-11,1200236,101002381,450,6502.5
2025-11,1200236,101002859,1080,5346.0
2025-11,1200236,101003346,216,3248.64
2025-11,1200236,101003347,3888,46789.44
2025-11,1200236,101003359,360,1782.0
2025-11,1200236,101003360,1080,5346.0
2025-11,1200236,101004141,8100,106790.4
2025-11,1200236,101004174,720,4276.8
2025-11,1200236,101004183,360,2138.4
2025-11,1200236,101004229,162,4224.96
2025-11,1200236,101004230,162,4224.96
2025-11,1200236,101004233,384,4193.28
2025-11,1200236,101004245,3672,44187.52
2025-11,1200236,101004257,384,3594.24
2025-11,1200236,101004261,6480,135198.71999999997
2025-11,1200236,101070060,476,3310.8
2025-11,1200236,101070105,15120,181923.84
2025-11,1200236,101070109,3960,19602.0
2025-11,1200236,101070110,2430,50699.52
2025-11,1200236,101070152,288,1368.0
2025-11,1200236,101070156,1728,16416.0
2025-11,1200236,101070158,1728,16416.0
2025-11,1200236,101070161,1152,5472.0
2025-11,1200236,101070162,5040,47880.0
2025-11,1200236,101070164,288,1368.0
2025-11,1200236,101070165,2304,21888.0
2025-11,1200236,101070167,1728,8208.0
2025-11,1200236,101070168,8208,77976.0
2025-11,1200255,101002188,432,4536.0
2025-11,1200255,101002402,720,7560.0
2025-11,1200255,101002612,150,1447.5
2025-11,1200255,101002859,180,954.0
2025-11,1200255,101003359,180,954.0
2025-11,1200255,101004174,180,954.0
2025-11,1200255,101004183,180,954.0
2025-11,1200255,101004233,192,1881.6
2025-11,1200255,101004257,384,3916.8
2025-11,1200255,101004261,162,3515.2
2025-11,1200255,101070017,192,2257.92
2025-11,1200255,101070060,238,1793.58
2025-11,1200255,101070105,648,9251.2
2025-11,1200255,101070108,360,3214.4
2025-11,1200255,101070109,2160,11448.0
2025-11,1200255,101070111,238,1793.58
2025-11,1200255,101070153,864,9072.0
2025-11,1200255,101070154,864,9072.0
2025-11,1200255,101070156,3240,34020.0
2025-11,1200255,101070158,1008,10584.0
2025-11,1200255,101070162,2736,28728.0
2025-11,1200255,101070165,576,6048.0
2025-11,1200255,101070168,1440,15120.0
2025-11,1200256,101002717,320,2848.0
2025-11,1200256,101002859,330,1920.6
2025-11,1200256,101004261,1584,37952.64
2025-11,1200256,101070105,2496,35243.520000000004
2025-11,1200256,101070108,800,7120.0
2025-11,1200256,101070109,165,960.3
2025-11,1200256,101070161,540,3078.0
2025-11,1200265,101002188,576,7603.200000000001
2025-11,1200265,101002715,1800,17640.0
2025-11,1200265,101002717,720,7056.0
2025-11,1200265,101003015,288,4809.6
2025-11,1200265,101003241,2160,13737.599999999999
2025-11,1200265,101004174,360,2289.6
2025-11,1200265,101004261,162,4380.48
2025-11,1200265,101070108,300,3090.0
2025-11,1200265,101070109,360,2268.0
2025-11,1200265,101070111,238,2384.76
2025-11,1200265,101070153,288,3974.4
2025-11,1200265,101070154,720,9383.04
2025-11,1200265,101070156,2448,31743.36
2025-11,1200265,101070158,576,7395.84
2025-11,1200265,101070162,2448,31708.8
2025-11,1200265,101070165,1440,18593.28
2025-11,1200265,101070168,1296,17366.4
2025-11,1200288,101002402,144,1408.32
2025-11,1200288,101002612,4800,46656.0
2025-11,1200288,101002859,360,1864.8
2025-11,1200288,101003241,360,1857.6
2025-11,1200288,101004174,360,1857.6
2025-11,1200288,101004257,192,1543.68
2025-11,1200288,101070153,864,8622.72
2025-11,1200288,101070154,720,7185.599999999999
2025-11,1200288,101070156,1152,11496.96
2025-11,1200288,101070158,432,4311.36
2025-11,1200288,101070162,3888,38802.24
2025-11,1200288,101070165,1008,10059.84
2025-11,1200288,101070168,1872,18682.559999999998
2025-11,1200363,101002612,2100,20868.12
2025-11,1200363,101002859,1440,7705.15
2025-11,1200363,101003360,180,963.14
2025-11,1200363,101004141,121,1797.0
2025-11,1200363,101004183,180,963.14
2025-11,1200363,101004230,1944,45853.51
2025-11,1200363,101004233,2592,25474.18
2025-11,1200363,101004245,54,731.2
2025-11,1200363,101004261,5670,133739.43
2025-11,1200363,101070075,48,442.92
2025-11,1200363,101070105,5184,70195.51
2025-11,1200363,101070153,576,5912.52
2025-11,1200363,101070154,144,1478.13
2025-11,1200363,101070156,144,1478.13
2025-11,1200363,101070168,2304,23650.11
2025-11,1200400,101002188,108,1096.2
2025-11,1200400,101002381,60,867.0
2025-11,1200400,101003241,150,783.0
2025-11,1200400,101004257,80,652.8
2025-11,1200400,101070079,150,783.0
2025-11,1200400,101070154,108,1096.2
2025-11,1200400,101070156,108,1096.2
2025-11,1200400,101070158,108,1096.2
2025-11,1200400,101070162,432,4384.8
2025-11,1200400,101070168,432,4384.8
2025-11,1200419,101002188,567,6775.65
2025-11,1200419,101002402,567,6775.650000000001
2025-11,1200419,101002612,450,4986.0
2025-11,1200419,101002715,480,4344.0
2025-11,1200419,101002859,495,2900.7
2025-11,1200419,101003346,288,4155.84
2025-11,1200419,101003359,330,1933.8
2025-11,1200419,101004141,288,4518.72
2025-11,1200419,101004174,495,2900.7
2025-11,1200419,101004230,432,11141.28
2025-11,1200419,101004233,384,3651.84
2025-11,1200419,101004261,504,12998.16
2025-11,1200419,101070017,96,1032.96
2025-11,1200419,101070108,320,3136.0
2025-11,1200419,101070109,825,5247.0
2025-11,1200419,101070153,693,8281.35
2025-11,1200419,101070154,819,9787.05
2025-11,1200419,101070156,819,9787.05
2025-11,1200419,101070162,630,7528.5
2025-11,1200419,101070165,567,6775.650000000001
2025-11,1200441,101002381,300,4290.0
2025-11,1200441,101002402,126,1421.28
2025-11,1200441,101002612,225,2457.0
2025-11,1200441,101003347,144,2142.72
2025-11,1200441,101004261,648,16796.16
2025-11,1200441,101070105,720,10713.6
2025-11,1200441,101070108,360,3348.0
2025-11,1200441,101070109,360,2116.8
2025-11,1200441,101070153,144,1624.32
2025-11,1200441,101070154,198,2233.44
2025-11,1200441,101070156,144,1624.32
2025-11,1200441,101070158,144,1624.32
2025-11,1200441,101070162,288,3248.64
2025-11,1200441,101070165,144,1624.32
2025-11,1200441,101070168,288,3248.64
2025-11,1200460,101003346,216,3283.2
2025-11,1200460,101003347,648,9849.6
2025-11,1200460,101004230,810,17003.52
2025-11,1200460,101070017,384,4262.4
2025-11,1200460,101070060,238,1696.92
2025-11,1200460,101070075,192,1603.58
2025-11,1200460,101070076,162,2156.54
2025-11,1200460,101070079,360,1745.28
2025-11,1200460,101070105,2376,32832.0
2025-11,1200460,101070112,810,17003.52
2025-11,1200473,101002188,189,2381.4
2025-11,1200473,101002402,315,3969.0
2025-11,1200473,101002715,1600,15680.0
2025-11,1200473,101002859,165,944.46
2025-11,1200473,101070109,165,1049.4
2025-11,1200473,101070153,315,3969.0
2025-11,1200473,101070154,441,5556.6
2025-11,1200473,101070156,630,7938.0
2025-11,1200473,101070158,126,1587.6
2025-11,1200473,101070162,252,3175.2
2025-11,1200473,101070165,315,3969.0
2025-11,1200473,101070168,441,5556.6
2025-11,1200505,101002188,144,1380.96
2025-11,1200505,101002381,75,911.25
2025-11,1200505,101002612,600,5568.0
2025-11,1200505,101002715,7740,57585.600000000006
2025-11,1200505,101002717,360,2678.4
2025-11,1200505,101003015,1152,14929.92
2025-11,1200505,101003241,1800,9000.0
2025-11,1200505,101004224,432,5140.8
2025-11,1200505,101004233,384,3525.12
2025-11,1200505,101070153,216,2071.44
2025-11,1200505,101070154,216,2071.44
2025-11,1200505,101070156,432,3896.6400000000003
2025-11,1200505,101070162,4608,41564.16
2025-11,1200505,101070165,720,6494.4
2025-11,1200505,101070168,648,5844.96
2025-11,1200514,101002381,1125,15483.75
2025-11,1200514,101002402,1449,15833.16
2025-11,1200514,101003346,1440,19223.04
2025-11,1200514,101004224,4224,56401.92
2025-11,1200514,101004233,2784,25126.08
2025-11,1200514,101004257,1632,12494.4
2025-11,1200514,101070153,1134,12330.36
2025-11,1200514,101070156,1512,16427.88
2025-11,1200514,101070162,3717,40531.68
2025-11,1200514,101070165,1386,14936.04
2025-11,1200514,101070168,1890,20487.6
2025-11,1200518,101001911,63750,805576.87
2025-11,1200518,101002622,14400,210908.16
2025-11,1200518,101003648,2464,37020.380000000005
2025-11,1200518,101004098,143904,1484822.97
2025-11,1200518,101070106,4488,67429.95
2025-11,1200548,101004174,4785,30432.6
2025-11,1200548,101004196,3360,35313.6
2025-11,1200548,101004224,10080,155534.4
2025-11,1200548,101070105,5376,82951.68
2025-11,1200548,101070156,4788,52143.84
2025-11,1200548,101070162,7497,83741.49
2025-11,1200611,101002188,63,707.09
2025-11,1200611,101004233,96,1031.62
2025-11,1200611,101070153,63,707.09
2025-11,1200611,101070154,63,707.09
2025-11,1200611,101070156,189,2121.26
2025-11,1200611,101070162,882,9899.19
2025-11,1200611,101070168,63,707.09
2025-11,1200654,101001911,32325,408474.85
2025-11,1200654,101002622,480,7030.26
2025-11,1200654,101003648,8360,125604.83
2025-11,1200654,101004098,72960,752812.17
2025-11,1200654,101004125,90,1460.56
2025-11,1200654,101070106,12144,182457.54
2025-11,1200654,101070163,315,5184.0599999999995
2025-11,1200657,101001911,53175,671945.88
2025-11,1200657,101002622,1040,15232.240000000002
2025-11,1200657,101003648,14080,211544.95
2025-11,1200657,101004098,106464,1098511.47
2025-11,1200657,101004125,405,6572.5199999999995
2025-11,1200657,101070106,5720,85940.15
2025-11,1200657,101070163,495,8146.37
2025-11,1200659,101001911,42225,533576.2
2025-11,1200659,101002622,14400,206476.04
2025-11,1200659,101003648,6776,96631.20999999999
2025-11,1200659,101004098,138624,1430343.1300000001
2025-11,1200659,101004125,180,2921.12
2025-11,1200659,101070106,6072,91228.76999999999
2025-11,1200659,101070163,45,740.58
2025-11,1200664,101002188,441,4974.48
2025-11,1200664,101002402,126,1421.28
2025-11,1200664,101070153,315,3553.2
2025-11,1200664,101070154,126,1421.28
2025-11,1200664,101070156,504,5685.12
2025-11,1200664,101070158,630,7106.4
2025-11,1200664,101070162,630,7106.4
2025-11,1200664,101070165,252,2842.56
2025-11,1200664,101070168,630,7106.4
2025-11,1200671,101001911,39000,494609.98
2025-11,1200671,101002622,1520,22262.49
2025-11,1200671,101003648,616,9255.099999999999
2025-11,1200671,101004098,123168,1275531.12
2025-11,1200671,101004125,720,11684.48
2025-11,1200671,101070106,1056,15865.88
2025-11,1200671,101070163,1035,17033.34
2025-11,1200682,101001911,28425,359192.5
2025-11,1200682,101002622,880,12888.82
2025-11,1200682,101003648,10120,152047.95
2025-11,1200682,101004098,77472,799367.66
2025-11,1200682,101004125,225,3651.4
2025-11,1200682,101070106,7392,111061.11
2025-11,1200682,101070163,315,5184.049999999999
2025-11,1200695,101002381,300,4290.0
2025-11,1200695,101002612,300,3276.0
2025-11,1200695,101002859,495,2910.6000000000004
2025-11,1200695,101003346,192,2856.96
2025-11,1200695,101003360,330,1940.4
2025-11,1200695,101004174,330,1940.4
2025-11,1200695,101004233,480,5184.0
2025-11,1200695,101004245,384,5713.92
2025-11,1200695,101005690,60,648.0
2025-11,1200695,101070040,194,1676.16
2025-11,1200695,101070105,768,11427.84
2025-11,1200695,101070109,660,3880.8
2025-11,1200695,101070110,426,10189.92
2025-11,1200698,101002859,720,4276.8
2025-11,1200698,101003241,2160,10692.0
2025-11,1200698,101003346,432,6497.28
2025-11,1200698,101070060,952,6640.2
2025-11,1200698,101070075,384,3151.87
2025-11,1200698,101070076,324,4271.62
2025-11,1200698,101070079,360,1710.72
2025-11,1200698,101070105,5011,68537.28
2025-11,1200698,101070112,4050,84499.2
2025-11,1200711,101001911,39525,499457.64
2025-11,1200711,101002622,3120,45696.78
2025-11,1200711,101003648,16456,247243.19
2025-11,1200711,101004098,123840,1277799.63
2025-11,1200711,101004125,9000,146056.03
2025-11,1200711,101070106,15664,235343.79
2025-11,1200711,101070163,12195,200696.77
2025-11,1200711,101070166,585,9627.53
2025-11,1200713,101002381,150,2415.0
2025-11,1200713,101002859,360,1890.0
2025-11,1200713,101003346,216,3352.32
2025-11,1200713,101003347,216,3352.32
2025-11,1200713,101003359,360,1890.0
2025-11,1200713,101003360,360,1890.0
2025-11,1200713,101004141,648,11197.44
2025-11,1200713,101004174,360,1890.0
2025-11,1200713,101004245,216,3352.32
2025-11,1200713,101004257,192,1603.2
2025-11,1200713,101004261,162,3494.4
2025-11,1200713,101070040,238,1772.1
2025-11,1200713,101070105,864,12198.72
2025-11,1200713,101070108,720,6353.5
2025-11,1200713,101070109,720,3780.0
2025-11,1200713,101070152,576,3559.68
2025-11,1200713,101070161,576,3559.68
2025-11,1200718,101002381,300,4980.0
2025-11,1200718,101002612,900,8685.0
2025-11,1200718,101002716,972,10497.6
2025-11,1200718,101002717,720,7056.0
2025-11,1200718,101002859,3240,17172.0
2025-11,1200718,101003346,648,10160.64
2025-11,1200718,101003347,4536,56902.72
2025-11,1200718,101003359,2520,13356.0
2025-11,1200718,101003360,5400,28238.4
2025-11,1200718,101004141,5670,79107.84
2025-11,1200718,101004174,1980,10494.0
2025-11,1200718,101004183,1080,5724.0
2025-11,1200718,101004229,324,8760.96
2025-11,1200718,101004230,486,13141.44
2025-11,1200718,101004245,1944,24398.08
2025-11,1200718,101004257,768,7833.6
2025-11,1200718,101070105,24084,302122.24
2025-11,1200718,101070109,6480,34344.0
2025-11,1200718,101070110,1620,35043.84
2025-11,1200718,101070111,119,1192.38
2025-11,1200718,101070112,3240,70087.68
2025-11,1200718,101070153,288,3024.0
2025-11,1200718,101070156,792,8316.0
2025-11,1200718,101070158,288,3024.0
2025-11,1200718,101070161,288,1512.0
2025-11,1200718,101070162,3024,31752.0
2025-11,1200718,101070165,1152,12096.0
2025-11,1200718,101070167,432,2268.0
2025-11,1200718,101070168,2592,27216.0
2025-11,1200719,101002612,900,8685.0
2025-11,1200719,101002859,720,3816.0
2025-11,1200719,101003347,1512,18988.48
2025-11,1200719,101003359,1080,5724.0
2025-11,1200719,101003360,1800,9540.0
2025-11,1200719,101004141,1620,22602.24
2025-11,1200719,101004245,648,8137.92
2025-11,1200719,101070105,8640,108380.16
2025-11,1200719,101070109,2880,15264.0
2025-11,1200719,101070110,324,7030.4
2025-11,1200719,101070112,1620,35043.84
2025-11,1200719,101070156,720,7560.0
2025-11,1200719,101070158,720,7560.0
2025-11,1200719,101070162,2160,22680.0
2025-11,1200719,101070165,864,9072.0
2025-11,1200719,101070168,2160,22680.0
2025-11,1200720,101002612,450,4320.0
2025-11,1200720,101002715,360,3528.0
2025-11,1200720,101002716,324,3466.8
2025-11,1200720,101002859,360,1908.0
2025-11,1200720,101003015,864,14515.199999999999
2025-11,1200720,101003347,432,5425.28
2025-11,1200720,101003359,180,954.0
2025-11,1200720,101003360,360,1908.0
2025-11,1200720,101004141,1296,17936.64
2025-11,1200720,101004245,540,6789.4400000000005
2025-11,1200720,101004257,192,1935.36
2025-11,1200720,101004261,648,13977.6
2025-11,1200720,101070105,2592,32520.32
2025-11,1200720,101070109,1080,5724.0
2025-11,1200720,101070110,567,12230.400000000001
2025-11,1200720,101070152,288,1497.6
2025-11,1200720,101070155,288,1497.6
2025-11,1200720,101070156,72,748.8
2025-11,1200720,101070161,288,1497.6
2025-11,1200720,101070162,576,5990.4
2025-11,1200720,101070165,72,748.8
2025-11,1200720,101070167,576,2995.2
2025-11,1200720,101070168,504,5241.6
2025-11,1200721,101003133,0,533.74
2025-11,1200721,101003457,0,654.26
2025-11,1200742,101002612,3000,31500.0
2025-11,1200742,101002717,980,8820.0
2025-11,1200742,101070108,3960,35640.0
2025-11,1200742,101070153,1440,15552.0
2025-11,1200742,101070154,3861,41698.8
2025-11,1200742,101070156,3744,40435.2
2025-11,1200742,101070158,1872,20217.6
2025-11,1200742,101070162,4824,52099.2
2025-11,1200742,101070165,1296,13996.8
2025-11,1200763,101001911,520,8397.51
2025-11,1200763,101002402,1673,17077.51
2025-11,1200763,101002612,21900,211680.85
2025-11,1200763,101002715,2817,22232.47
2025-11,1200763,101002859,936,4998.56
2025-11,1200763,101003346,16162,203991.81
2025-11,1200763,101003347,12146,153303.08000000002
2025-11,1200763,101003359,1600,8544.5
2025-11,1200763,101004141,5760,84675.89
2025-11,1200763,101004229,5760,130759.54000000001
2025-11,1200763,101004230,13517,306853.63
2025-11,1200763,101004233,10320,100462.77
2025-11,1200763,101004245,151,1905.88
2025-11,1200763,101004257,8736,62921.399999999994
2025-11,1200763,101005690,864,8402.32
2025-11,1200763,101070105,54240,685135.07
2025-11,1200763,101070109,28215,150677.31
2025-11,1200763,101070110,1872,42496.85
2025-11,1200763,101070112,38016,863013.06
2025-11,1200763,101070153,10744,109671.63
2025-11,1200763,101070154,1116,11391.800000000001
2025-11,1200763,101070156,16655,170009.4
2025-11,1200763,101070158,80,816.6400000000001
2025-11,1200763,101070161,55080,282205.68
2025-11,1200763,101070162,3249,33164.84
2025-11,1200763,101070164,26190,134186.04
2025-11,1200763,101070165,3536,36094.450000000004
2025-11,1200763,101070168,1275,13014.84
2025-11,1200765,101070156,2646,23787.54
2025-11,1200765,101070162,3969,35681.31
2025-11,1200765,101070165,945,8495.55
2025-11,1200769,101002612,2400,24850.8
2025-11,1200769,101002716,324,3149.28
2025-11,1200769,101002717,720,6220.799999999999
2025-11,1200769,101003015,576,8449.92
2025-11,1200769,101003241,360,1924.56
2025-11,1200769,101003346,648,9113.470000000001
2025-11,1200769,101003347,432,6065.280000000001
2025-11,1200769,101004224,2376,33436.8
2025-11,1200769,101004233,384,4209.41
2025-11,1200769,101004257,384,3670.27
2025-11,1200769,101004261,2754,66251.53
2025-11,1200769,101070108,360,3175.2
2025-11,1200769,101070109,1080,6259.68
2025-11,1200769,101070154,576,6220.8
2025-11,1200769,101070156,1728,18662.4
2025-11,1200769,101070158,432,4432.32
2025-11,1200769,101070162,2304,24416.63
2025-11,1200769,101070165,2448,26205.12
2025-11,1200769,101070168,2592,27993.6
2025-11,1200771,101002402,18,214.01999999999998
2025-11,1200771,101002612,2700,29604.0
2025-11,1200771,101002715,3200,29478.4
2025-11,1200771,101002717,480,4390.4
2025-11,1200771,101003241,825,4735.5
2025-11,1200771,101003346,492,7320.96
2025-11,1200771,101003347,960,14423.04
2025-11,1200771,101004224,1920,26956.8
2025-11,1200771,101004245,504,7548.48
2025-11,1200771,101004257,160,1612.8
2025-11,1200771,101070105,2568,40266.240000000005
2025-11,1200771,101070108,1280,12544.0
2025-11,1200771,101070109,660,4197.6
2025-11,1200771,101070156,1134,13334.58
2025-11,1200771,101070158,189,2210.04
2025-11,1200771,101070162,819,9775.08
2025-11,1200771,101070165,819,9700.74
2025-11,1200771,101070168,1701,20113.379999999997
2025-11,1200781,101002188,18,172.62
2025-11,1200781,101002402,9,86.31
2025-11,1200781,101002715,160,1504.0
2025-11,1200781,101004261,720,18662.4
2025-11,1200781,101070108,320,3008.0
2025-11,1200781,101070109,825,4705.8
2025-11,1200781,101070153,45,431.55
2025-11,1200781,101070154,63,604.1700000000001
2025-11,1200781,101070156,2898,29414.7
2025-11,1200781,101070158,36,365.4
2025-11,1200781,101070162,2583,26217.45
2025-11,1200781,101070165,1386,14067.9
2025-11,1200781,101070168,3654,37088.1
2025-11,1200785,101002188,126,1572.48
2025-11,1200785,101002402,252,3144.96
2025-11,1200785,101002612,300,3456.0
2025-11,1200785,101002717,160,1568.0
2025-11,1200785,101002859,165,1049.4
2025-11,1200785,101003241,330,2098.8
2025-11,1200785,101004174,165,1049.4
2025-11,1200785,101070153,189,2358.72
2025-11,1200785,101070154,504,6289.92
2025-11,1200785,101070156,630,7862.4
2025-11,1200785,101070158,252,3144.96
2025-11,1200785,101070162,441,5503.68
2025-11,1200785,101070165,315,3931.2
2025-11,1200785,101070168,630,7862.4
2025-11,1200786,101002402,252,3175.2
2025-11,1200786,101002612,150,1737.0
2025-11,1200786,101002859,330,2098.8
2025-11,1200786,101003241,495,3148.2
2025-11,1200786,101003359,165,1049.4
2025-11,1200786,101004141,72,1255.68
2025-11,1200786,101004174,165,1049.4
2025-11,1200786,101004224,1152,18063.36
2025-11,1200786,101004261,144,3893.76
2025-11,1200786,101070153,126,1587.6
2025-11,1200786,101070154,504,6350.4
2025-11,1200786,101070156,378,4762.8
2025-11,1200786,101070158,189,2381.4
2025-11,1200786,101070162,63,793.8
2025-11,1200786,101070165,252,3175.2
2025-11,1200786,101070168,567,7144.2
2025-11,1200793,101003241,330,2379.3
2025-11,1200793,101004174,531,3828.51
2025-11,1200793,101070153,126,1835.82
2025-11,1200793,101070154,630,9193.67
2025-11,1200793,101070156,18,262.26
2025-11,1200793,101070158,252,3671.64
2025-11,1200793,101070162,783,11408.31
2025-11,1200793,101070165,135,1966.95
2025-11,1200793,101070168,1152,16784.64
2025-11,1200796,101002381,15,242.25
2025-11,1200796,101004174,15,81.9
2025-11,1200796,101004183,15,81.9
2025-11,1200796,101070060,17,128.7
2025-11,1200796,101070079,15,75.6
2025-11,1200796,101070105,432,6099.36
2025-11,1200796,101070108,20,174.6
2025-11,1200796,101070109,90,472.5
2025-11,1200796,101070111,17,128.7
2025-11,1200796,101070168,45,556.2
2025-11,1200797,101002188,144,1624.32
2025-11,1200797,101002859,120,588.0
2025-11,1200797,101003015,122,1587.6
2025-11,1200797,101003359,120,588.0
2025-11,1200797,101003360,60,294.0
2025-11,1200797,101004229,50,1036.8
2025-11,1200797,101004261,315,6505.92
2025-11,1200797,101070154,144,1624.32
2025-11,1200806,101002612,900,9342.0
2025-11,1200806,101003346,648,9253.44
2025-11,1200806,101003347,648,9253.44
2025-11,1200806,101004261,324,7996.32
2025-11,1200806,101070105,1080,15422.4
2025-11,1200806,101070109,1800,10476.0
2025-11,1200806,101070154,432,5080.32
2025-11,1200806,101070168,288,3386.88
2025-11,1200826,101002715,40,299.0
2025-11,1200826,101002859,0,-12.4
2025-11,1200826,101004257,100,639.0
2025-11,1200841,101002381,4350,67588.83
2025-11,1200841,101002612,6300,65643.23
2025-11,1200841,101002859,3240,20606.4
2025-11,1200841,101003241,9000,57230.649999999994
2025-11,1200841,101003347,5184,80697.59999999999
2025-11,1200841,101004224,0,-7501.59
2025-11,1200841,101004229,4860,132622.92
2025-11,1200841,101004230,1458,36020.34
2025-11,1200841,101004233,6912,73676.88
2025-11,1200841,101004261,11988,314810.3
2025-11,1200841,101005690,576,2455.2
2025-11,1200841,101070017,1536,15471.359999999999
2025-11,1200841,101070040,2856,32815.44
2025-11,1200841,101070105,12960,204985.32
2025-11,1200841,101070109,1080,6868.799999999999
2025-11,1200841,101070110,3726,103471.02
2025-11,1200841,101070111,3094,35550.06
2025-11,1200841,101070152,3456,9522.699999999999
2025-11,1200841,101070155,6336,22389.28
2025-11,1200841,101070161,10656,44028.63
2025-11,1200841,101070164,3456,6467.819999999999
2025-11,1200841,101070167,864,-9080.550000000001
2025-11,1200854,101002715,1800,15660.0
2025-11,1200854,101002716,324,3142.8
2025-11,1200854,101002717,360,3132.0
2025-11,1200854,101004141,162,2592.0
2025-11,1200854,101004245,648,9227.52
2025-11,1200854,101070105,1512,23708.16
2025-11,1200854,101070109,360,2289.6
2025-11,1200854,101070156,432,4924.8
2025-11,1200854,101070162,288,3283.2
2025-11,1200854,101070165,144,1641.6
2025-11,1200854,101070168,720,8208.0
2025-11,1200887,101070153,441,4317.39
2025-11,1200887,101070156,441,4317.39
2025-11,1200887,101070162,1260,12335.4
2025-11,1200887,101070165,1134,11101.86
2025-11,1200887,101070168,504,4934.16
2025-11,1200915,101002402,63,869.4
2025-11,1200915,101004174,330,2277.0
2025-11,1200915,101004257,288,3214.08
2025-11,1200915,101070109,330,2277.0
2025-11,1200915,101070153,315,4347.0
2025-11,1200915,101070156,441,6085.8
2025-11,1200915,101070158,63,869.4
2025-11,1200915,101070162,378,5216.4
2025-11,1200915,101070165,252,3477.6
2025-11,1200915,101070168,126,1738.8
2025-11,1200929,101002716,648,6674.4
2025-11,1200929,101003347,432,6497.28
2025-11,1200929,101003359,1440,7128.0
2025-11,1200929,101003360,1440,7128.0
2025-11,1200929,101004141,324,5339.52
2025-11,1200929,101004174,360,1782.0
2025-11,1200929,101004245,648,9745.92
2025-11,1200929,101070105,1728,23612.8
2025-11,1200929,101070108,720,6157.0
2025-11,1200929,101070162,1152,13132.8
2025-11,1200933,101002402,144,1624.32
2025-11,1200933,101002612,600,5460.0
2025-11,1200933,101003015,288,3726.0
2025-11,1200933,101003241,720,3528.0
2025-11,1200933,101003346,36,535.68
2025-11,1200933,101003347,36,535.68
2025-11,1200933,101003359,180,882.0
2025-11,1200933,101003360,180,882.0
2025-11,1200933,101004261,324,6713.28
2025-11,1200933,101070105,216,2916.48
2025-11,1200933,101070156,288,3248.64
2025-11,1200933,101070162,864,9745.92
2025-11,1200933,101070165,432,4872.96
2025-11,1200933,101070168,1224,13806.72
2025-11,1200943,101002715,360,3492.0
2025-11,1200943,101003241,720,4536.0
2025-11,1200943,101004174,720,4536.0
2025-11,1200943,101070154,288,3559.68
2025-11,1200943,101070156,144,1779.84
2025-11,1200943,101070158,144,1779.84
2025-11,1200943,101070162,288,3559.68
2025-11,1200943,101070165,144,1779.84
2025-11,1200948,101003359,540,2646.0
2025-11,1200948,101004183,180,882.0
2025-11,1200948,101004261,486,10082.88
2025-11,1200948,101070079,360,1693.44
2025-11,1200948,101070105,3240,43821.6
2025-11,1200949,101002381,75,1207.5
2025-11,1200949,101002402,288,2966.4
2025-11,1200949,101002612,300,2865.0
2025-11,1200949,101002859,360,1890.0
2025-11,1200949,101003241,360,1890.0
2025-11,1200949,101003346,216,3352.32
2025-11,1200949,101003347,432,6704.64
2025-11,1200949,101003359,180,1134.0
2025-11,1200949,101004141,486,8398.08
2025-11,1200949,101004174,360,1890.0
2025-11,1200949,101004229,81,2177.28
2025-11,1200949,101004230,81,2177.28
2025-11,1200949,101004233,96,926.4
2025-11,1200949,101004245,216,3352.32
2025-11,1200949,101004257,192,1603.2
2025-11,1200949,101004261,324,7848.960000000001
2025-11,1200949,101070060,119,891.0
2025-11,1200949,101070079,180,907.2
2025-11,1200949,101070105,2592,36875.52
2025-11,1200949,101070109,360,1890.0
2025-11,1200949,101070110,162,3494.4
2025-11,1200949,101070153,144,1483.2
2025-11,1200949,101070158,216,2669.76
2025-11,1200949,101070162,864,8899.2
2025-11,1200949,101070165,288,2966.4
2025-11,1200949,101070168,864,8899.2
2025-11,1200973,101002188,63,771.12
2025-11,1200973,101002717,160,1568.0
2025-11,1200973,101002859,165,1039.5
2025-11,1200973,101004174,165,1039.5
2025-11,1200973,101070108,480,4704.0
2025-11,1200973,101070109,330,2079.0
2025-11,1200973,101070153,126,1542.24
2025-11,1200973,101070154,126,1542.24
2025-11,1200973,101070156,63,771.12
2025-11,1200973,101070158,63,771.12
2025-11,1200973,101070162,126,1542.24
2025-11,1200973,101070165,252,3084.48
2025-11,1200973,101070168,315,3855.6
2025-11,1200976,101002612,300,3600.0
2025-11,1200976,101070109,165,1108.8
2025-11,1200976,101070153,63,839.16
2025-11,1200976,101070154,189,2517.48
2025-11,1200976,101070156,126,1678.32
2025-11,1200976,101070162,252,3356.64
2025-11,1200976,101070165,189,2517.48
2025-11,1200976,101070168,378,5034.96
2025-11,1200978,101002188,144,1797.12
2025-11,1200978,101002402,288,3594.24
2025-11,1200978,101070153,144,1797.12
2025-11,1200978,101070154,432,5391.36
2025-11,1200978,101070156,576,7188.48
2025-11,1200978,101070158,432,5391.36
2025-11,1200978,101070162,864,10782.72
2025-11,1200978,101070165,432,5391.36
2025-11,1200978,101070168,1008,12579.84
2025-11,1200984,101004224,21384,260884.8
2025-11,1200985,101001911,6600,83871.01
2025-11,1200985,101002622,9440,139131.24
2025-11,1200985,101003648,2112,31910.37
2025-11,1200985,101004098,27072,280972.11
2025-11,1200985,101004125,3015,49309.82
2025-11,1200985,101070106,1936,29203.01
2025-11,1200985,101070163,4050,67208.15
2025-11,1200989,101001911,4050,60507.0
2025-11,1200989,101002622,2880,36864.0
2025-11,1200989,101004196,7680,72806.4
2025-11,1200989,101070163,5850,84123.0
2025-11,1200989,101070166,3600,51768.0
2025-11,1200995,101002612,600,5790.0
2025-11,1200995,101002859,1080,5724.0
2025-11,1200995,101003015,576,7761.6
2025-11,1200995,101003359,1080,5724.0
2025-11,1200995,101003360,2160,11448.0
2025-11,1200995,101004174,720,3816.0
2025-11,1200995,101004183,360,1908.0
2025-11,1200995,101004229,162,3515.2
2025-11,1200995,101004230,324,7030.4
2025-11,1200995,101070060,238,2384.76
2025-11,1200995,101070075,192,1704.96
2025-11,1200995,101070079,720,3358.08
2025-11,1200995,101070105,2592,36957.76
2025-11,1200995,101070108,5760,51322.6
2025-11,1200995,101070109,2880,15264.0
2025-11,1200995,101070112,1134,24579.36
2025-11,1200996,101070156,126,1421.28
2025-11,1200996,101070162,315,3553.2
2025-11,1200996,101070165,126,1421.28
2025-11,1200998,101002188,216,2071.44
2025-11,1200998,101002381,150,1822.5
2025-11,1200998,101002402,216,2071.44
2025-11,1200998,101002612,150,1392.0
2025-11,1200998,101002859,360,1800.0
2025-11,1200998,101003241,360,1800.0
2025-11,1200998,101003346,324,3855.6
2025-11,1200998,101003347,324,3855.6
2025-11,1200998,101003359,180,900.0
2025-11,1200998,101003360,180,900.0
2025-11,1200998,101004141,162,2115.72
2025-11,1200998,101004174,360,1800.0
2025-11,1200998,101004183,180,900.0
2025-11,1200998,101004224,432,5140.8
2025-11,1200998,101004229,243,5039.82
2025-11,1200998,101004230,243,5039.82
2025-11,1200998,101004233,96,881.28
2025-11,1200998,101004245,108,1285.2
2025-11,1200998,101004257,192,1507.2
2025-11,1200998,101004261,405,8399.7
2025-11,1200998,101070040,119,934.15
2025-11,1200998,101070079,180,900.0
2025-11,1200998,101070153,216,2071.44
2025-11,1200998,101070154,288,2761.92
2025-11,1200998,101070156,216,1948.32
2025-11,1200998,101070158,216,1948.32
2025-11,1200998,101070162,216,1948.32
2025-11,1200998,101070165,216,1948.32
2025-11,1200998,101070168,216,1948.32
2025-11,1201001,101003347,432,6773.76
2025-11,1201001,101003359,360,2035.2
2025-11,1201001,101004141,324,5650.56
2025-11,1201001,101004224,648,10160.64
2025-11,1201001,101004261,324,7787.52
2025-11,1201001,101070154,288,3225.6
2025-11,1201001,101070156,288,3225.6
2025-11,1201001,101070162,432,4838.4
2025-11,1201001,101070168,288,3225.6
2025-11,1201009,101003133,2520,15872.83
2025-11,1201009,101003346,324,3628.24
2025-11,1201009,101003347,216,2337.04
2025-11,1201009,101003359,180,864.36
2025-11,1201009,101003360,360,1731.96
2025-11,1201009,101003456,720,6241.42
2025-11,1201009,101003457,1080,4932.860000000001
2025-11,1201009,101004141,0,-439.96000000000004
2025-11,1201009,101004219,324,2035.46
2025-11,1201009,101004224,756,6928.25
2025-11,1201009,101004229,0,-612.75
2025-11,1201009,101004230,405,7238.71
2025-11,1201009,101004245,324,3703.21
2025-11,1201009,101004257,0,-2.71
2025-11,1201009,101004261,243,4204.889999999999
2025-11,1201009,101070162,0,-313.58000000000004
2025-11,1201009,101070165,72,312.0999999999999
2025-11,1201012,101002612,900,8595.0
2025-11,1201012,101002859,1800,9072.0
2025-11,1201012,101003359,1080,5418.0
2025-11,1201012,101003360,360,1890.0
2025-11,1201012,101004174,1080,5418.0
2025-11,1201012,101004233,576,5184.0
2025-11,1201012,101070105,7560,104422.08
2025-11,1201012,101070109,720,3780.0
2025-11,1201014,101003347,50,776.0
2025-11,1201014,101003360,113,592.8
2025-11,1201014,101004141,90,1540.8
2025-11,1201014,101004174,20,106.08
2025-11,1201014,101004229,10,213.76
2025-11,1201014,101004245,30,465.6
2025-11,1201014,101004257,20,169.32
2025-11,1201014,101070017,10,103.68
2025-11,1201014,101070076,10,136.96
2025-11,1201014,101070105,360,5090.56
2025-11,1201014,101070109,600,3120.0
2025-11,1201014,101070153,10,122.4
2025-11,1201014,101070154,10,122.4
2025-11,1201014,101070156,10,122.4
2025-11,1201014,101070158,10,122.4
2025-11,1201014,101070162,108,1321.92
2025-11,1201014,101070168,108,1321.92
2025-11,1201020,101002715,3960,33840.0
2025-11,1201020,101003347,432,6497.28
2025-11,1201020,101003359,360,2138.4
2025-11,1201020,101004141,162,2669.76
2025-11,1201020,101004183,360,2138.4
2025-11,1201020,101004257,576,5391.36
2025-11,1201020,101004261,324,8449.92
2025-11,1201020,101070105,648,9745.92
2025-11,1201020,101070109,3240,15325.2
2025-11,1201020,101070162,1152,10944.0
2025-11,1201020,101070165,432,4104.0
2025-11,1201020,101070168,1008,9576.0
2025-11,1201029,101002188,144,1209.06
2025-11,1201029,101003133,1440,9817.390000000001
2025-11,1201029,101003241,0,-110.7
2025-11,1201029,101003346,0,-176.07000000000002
2025-11,1201029,101003347,216,2398.33
2025-11,1201029,101003456,576,4760.72
2025-11,1201029,101003457,720,3478.78
2025-11,1201029,101004141,162,1832.6399999999999
2025-11,1201029,101004245,216,2562.4100000000003
2025-11,1201029,101070156,144,1211.92
2025-11,1201029,101070158,144,1129.0
2025-11,1201031,101002612,600,5460.0
2025-11,1201031,101004174,360,1764.0
2025-11,1201031,101004261,486,10082.88
2025-11,1201031,101070060,714,4943.4
2025-11,1201031,101070075,384,3115.01
2025-11,1201031,101070079,1080,5080.32
2025-11,1201031,101070105,1080,11680.8
2025-11,1201031,101070109,1080,5292.0
2025-11,1201031,101070111,476,3298.68
2025-11,1201031,101070156,1008,11370.24
2025-11,1201031,101070158,1008,11370.24
2025-11,1201031,101070162,1296,6497.28
2025-11,1201031,101070168,1152,12994.56
2025-11,1201033,101002188,0,-12.42
2025-11,1201033,101002381,0,-5.47
2025-11,1201033,101002859,0,-10.79
2025-11,1201033,101003133,0,-7160.0
2025-11,1201033,101003360,0,-10.79
2025-11,1201033,101003456,0,-1736.88
2025-11,1201033,101004174,0,-10.79
2025-11,1201033,101004183,0,-10.79
2025-11,1201033,101004219,0,-67.32
2025-11,1201033,101004229,0,-10.7
2025-11,1201033,101004233,0,-10.57
2025-11,1201033,101070154,0,-12.42
2025-11,1201033,101070158,0,-12.42
2025-11,1201035,101002612,4500,51759.0
2025-11,1201035,101002715,160,1568.0
2025-11,1201035,101002859,330,2079.0
2025-11,1201035,101004174,495,3118.5
2025-11,1201035,101070153,315,3893.3999999999996
2025-11,1201035,101070156,5607,69657.84
2025-11,1201035,101070158,441,5450.76
2025-11,1201035,101070162,7182,89049.23999999999
2025-11,1201035,101070165,945,11680.2
2025-11,1201035,101070168,9702,120476.16
2025-11,1201037,101002381,60,941.4
2025-11,1201037,101003346,48,698.88
2025-11,1201037,101003347,36,524.16
2025-11,1201037,101004174,45,270.9
2025-11,1201037,101070108,100,909.0
2025-11,1201043,101002612,150,1719.0
2025-11,1201043,101002717,160,1552.0
2025-11,1201043,101002859,165,1039.5
2025-11,1201043,101003359,165,1039.5
2025-11,1201043,101004174,165,1039.5
2025-11,1201043,101070108,800,7760.0
2025-11,1201043,101070109,660,4158.0
2025-11,1201043,101070154,693,8565.48
2025-11,1201043,101070156,378,4672.08
2025-11,1201043,101070162,693,8565.48
2025-11,1201043,101070165,315,3893.4
2025-11,1201043,101070168,819,10122.84
2025-11,1201047,101004214,11520,118865.08
2025-11,1201054,101002402,63,710.64
2025-11,1201054,101070154,63,710.64
2025-11,1201054,101070156,315,3553.2
2025-11,1201054,101070158,63,710.64
2025-11,1201054,101070162,2205,24872.4
2025-11,1201054,101070165,693,7817.04
2025-11,1201054,101070168,315,3553.2
2025-11,1201059,101002715,2880,27072.0
2025-11,1201059,101004141,648,10679.04
2025-11,1201059,101004245,432,6497.28
2025-11,1201059,101004261,810,21124.8
2025-11,1201059,101070105,864,12994.56
2025-11,1201059,101070109,1800,10692.0
2025-11,1201060,101002715,2240,21952.0
2025-11,1201060,101003241,825,5247.0
2025-11,1201060,101003346,96,1505.28
2025-11,1201060,101003347,480,7526.4
2025-11,1201060,101004141,1368,23857.92
2025-11,1201060,101004224,672,10536.96
2025-11,1201060,101004245,96,1505.28
2025-11,1201060,101004261,360,9734.4
2025-11,1201061,101002188,144,1382.4
2025-11,1201061,101002402,144,1382.4
2025-11,1201061,101003241,720,3513.6
2025-11,1201061,101003346,216,2425.68
2025-11,1201061,101003347,216,2425.68
2025-11,1201061,101003359,360,1756.8
2025-11,1201061,101004141,162,2012.04
2025-11,1201061,101004174,360,1756.8
2025-11,1201061,101004224,432,4851.36
2025-11,1201061,101004230,162,3214.08
2025-11,1201061,101004261,324,6428.16
2025-11,1201061,101070154,144,1382.4
2025-11,1201061,101070156,144,1301.76
2025-11,1201061,101070158,288,2603.52
2025-11,1201061,101070162,144,1301.76
2025-11,1201061,101070165,144,1301.76
2025-11,1201068,101002402,9,111.24
2025-11,1201068,101002612,30,286.5
2025-11,1201068,101003346,12,186.24
2025-11,1201068,101004141,9,155.52
2025-11,1201068,101004229,18,483.84
2025-11,1201068,101004230,27,591.36
2025-11,1201068,101004233,32,312.66
2025-11,1201068,101004257,64,541.08
2025-11,1201068,101004261,45,1075.2
2025-11,1201068,101005690,32,312.66
2025-11,1201068,101070076,45,622.08
2025-11,1201068,101070105,72,1024.32
2025-11,1201068,101070109,30,157.5
2025-11,1201068,101070153,27,333.72
2025-11,1201068,101070154,36,444.96
2025-11,1201068,101070156,36,444.96
2025-11,1201068,101070162,9,111.24
2025-11,1201068,101070165,18,222.48
2025-11,1201068,101070168,27,333.72
2025-11,1201073,101002188,126,1436.4
2025-11,1201073,101002402,126,1436.4
2025-11,1201073,101002612,300,3294.0
2025-11,1201073,101002715,320,3008.0
2025-11,1201073,101002717,54,507.6
2025-11,1201073,101002859,495,2940.3
2025-11,1201073,101003241,330,1960.2
2025-11,1201073,101004141,216,3559.68
2025-11,1201073,101004233,288,3144.96
2025-11,1201073,101004257,288,2695.68
2025-11,1201073,101004261,288,7511.04
2025-11,1201073,101070040,17,158.1
2025-11,1201073,101070105,480,7219.2
2025-11,1201073,101070110,72,1877.76
2025-11,1201073,101070153,126,1436.4
2025-11,1201073,101070154,189,2154.6
2025-11,1201073,101070156,189,2154.6
2025-11,1201073,101070158,126,1436.4
2025-11,1201073,101070162,441,5027.4
2025-11,1201073,101070165,126,1436.4
2025-11,1201073,101070168,378,4309.2
2025-11,1201076,101002381,30,484.5
2025-11,1201076,101002612,45,435.48
2025-11,1201076,101003346,36,558.72
2025-11,1201076,101003347,36,558.72
2025-11,1201076,101003359,15,81.9
2025-11,1201076,101003360,15,81.9
2025-11,1201076,101004141,36,622.08
2025-11,1201076,101004174,45,239.4
2025-11,1201076,101004183,15,81.9
2025-11,1201076,101004229,9,215.04
2025-11,1201076,101004230,9,215.04
2025-11,1201076,101004233,32,312.66
2025-11,1201076,101004245,12,186.24
2025-11,1201076,101004257,80,671.34
2025-11,1201076,101004261,45,967.68
2025-11,1201076,101005690,16,162.12
2025-11,1201076,101070040,17,128.7
2025-11,1201076,101070060,17,128.7
2025-11,1201076,101070075,16,139.78
2025-11,1201076,101070076,18,248.83
2025-11,1201076,101070079,15,75.6
2025-11,1201076,101070105,216,3057.44
2025-11,1201076,101070109,180,945.0
2025-11,1201076,101070153,27,333.72
2025-11,1201076,101070156,216,2669.76
2025-11,1201076,101070162,144,1779.84
2025-11,1201076,101070165,27,333.72
2025-11,1201076,101070168,216,2669.76
2025-11,1201090,101004224,288,4331.52
2025-11,1201090,101004233,96,1048.32
2025-11,1201090,101004261,144,3755.52
2025-11,1201090,101070158,252,2872.8
2025-11,1201090,101070162,252,2872.8
2025-11,1205009,101004224,192,2856.96
2025-11,1205021,101002859,180,1220.4
2025-11,1205021,101004174,1260,8542.8
2025-11,1205026,101002717,1080,9072.0
2025-11,1205026,101070108,2880,24192.0
2025-11,1205026,101070109,5040,28425.6
2025-11,1205026,101070155,4896,24382.08
2025-11,1205026,101070161,6048,30119.04
2025-11,1205033,101002188,3,34.44
2025-11,1205033,101002381,5,76.9
2025-11,1205033,101002402,30,344.4
2025-11,1205033,101003347,30,423.29999999999995
2025-11,1205033,101004141,10,155.5
2025-11,1205033,101004229,30,725.7
2025-11,1205033,101004230,30,725.7
2025-11,1205033,101004257,60,556.2
2025-11,1205033,101004261,50,1209.5
2025-11,1205033,101070040,25,229.0
2025-11,1205033,101070105,1536,21934.08
2025-11,1205033,101070153,60,688.8
2025-11,1205033,101070154,3,34.44
2025-11,1205033,101070156,60,688.8
2025-11,1205033,101070158,30,344.4
2025-11,1205033,101070162,60,688.8
2025-11,1205033,101070165,20,229.6
2025-11,1205033,101070168,10,115.8
2025-11,1205044,101002188,1152,13593.6
2025-11,1205044,101002402,1152,13593.6
2025-11,1205044,101003241,1440,8568.0
2025-11,1205044,101004224,1728,24900.48
2025-11,1205044,101004261,648,16070.4
2025-11,1205044,101070153,1584,18295.2
2025-11,1205044,101070154,1440,16200.0
2025-11,1205044,101070156,1440,16200.0
2025-11,1205044,101070158,1440,16200.0
2025-11,1205044,101070165,1872,21693.6
2025-11,1205044,101070168,576,6480.0
2025-11,1205046,101002381,75,1177.5
2025-11,1205046,101002716,648,6933.6
2025-11,1205046,101002717,900,8730.0
2025-11,1205046,101002859,720,3780.0
2025-11,1205046,101003347,216,2684.96
2025-11,1205046,101003359,720,3780.0
2025-11,1205046,101003360,540,2835.0
2025-11,1205046,101004141,3240,44789.76
2025-11,1205046,101004174,540,3402.0
2025-11,1205046,101004229,81,2177.28
2025-11,1205046,101004230,162,4354.56
2025-11,1205046,101004233,192,2223.36
2025-11,1205046,101004245,108,1350.24
2025-11,1205046,101004261,324,6988.8
2025-11,1205046,101070060,119,1178.1
2025-11,1205046,101070075,192,1677.31
2025-11,1205046,101070079,180,907.2
2025-11,1205046,101070105,2160,26818.56
2025-11,1205046,101070108,2880,27936.0
2025-11,1205046,101070109,1440,7560.0
2025-11,1205046,101070110,162,3494.4
2025-11,1205046,101070153,72,741.6
2025-11,1205046,101070156,72,741.6
2025-11,1205046,101070158,72,741.6
2025-11,1205046,101070162,1152,11865.6
2025-11,1205046,101070165,720,7416.0
2025-11,1205046,101070168,1440,14832.0
2025-11,1205048,101070154,108,1244.16
2025-11,1205048,101070158,108,1244.16
2025-11,1205048,101070162,108,1244.16
2025-11,1205048,101070165,108,1244.16
2025-11,1205048,101070168,108,1244.16
2025-11,1205051,101002188,288,3024.0
2025-11,1205051,101002402,288,3024.0
2025-11,1205051,101002612,1200,11580.0
2025-11,1205051,101002715,2982,26567.8
2025-11,1205051,101002859,2160,11448.0
2025-11,1205051,101003015,288,3864.0
2025-11,1205051,101003346,648,10160.64
2025-11,1205051,101003347,864,13547.52
2025-11,1205051,101003359,720,3816.0
2025-11,1205051,101003360,1080,5724.0
2025-11,1205051,101004141,486,8475.84
2025-11,1205051,101004174,1080,5724.0
2025-11,1205051,101004183,360,1908.0
2025-11,1205051,101004224,5616,80077.76
2025-11,1205051,101004229,162,3515.2
2025-11,1205051,101004230,162,3515.2
2025-11,1205051,101004233,1536,15052.800000000001
2025-11,1205051,101004245,216,3386.88
2025-11,1205051,101004257,1536,13056.0
2025-11,1205051,101004261,3240,70114.72
2025-11,1205051,101005690,192,1881.6
2025-11,1205051,101070060,238,1783.56
2025-11,1205051,101070079,360,1831.68
2025-11,1205051,101070109,1440,7632.0
2025-11,1205051,101070153,288,3024.0
2025-11,1205051,101070154,288,3024.0
2025-11,1205051,101070156,432,4536.0
2025-11,1205051,101070158,432,4536.0
2025-11,1205051,101070165,288,3024.0
2025-11,1205051,101070168,720,7560.0
2025-11,1205053,101002715,2016,16128.0
2025-11,1205053,101003241,2160,10368.0
2025-11,1205053,101070109,1440,6912.0
2025-11,1205057,101002715,160,1488.0
2025-11,1205057,101003241,165,970.2
2025-11,1205057,101070162,441,4974.48
2025-11,1205057,101070165,252,2842.56
2025-11,1205067,101004224,164,1508.8
2025-11,1205069,101070105,1080,17625.6
2025-11,1205069,101070109,2160,14515.2
2025-11,1205069,101070111,476,5026.56
2025-11,1205069,101070153,576,7741.44
2025-11,1205069,101070165,720,9676.8
2025-11,1205069,101070168,144,1935.36
2025-11,C5800,101002161,14400,126414.73
2025-11,C5800,101002613,14100,119754.12
2025-11,C5800,101003028,5040,23133.6
2025-11,C5800,101003118,22320,102448.8
2025-11,C5800,101003119,34560,158630.4
2025-11,C5800,101003122,21600,99144.0
2025-11,C5800,101003207,12600,91334.88
2025-11,C5800,101003236,15120,69400.8
2025-11,C5800,101003242,27692,127106.28
2025-11,C5800,101003449,12240,56181.6
2025-11,C5800,101003941,10368,135082.6
2025-11,C5800,101004148,178176,1492687.3
2025-11,C5800,101004189,16280,188971.74
2025-11,C5800,101004226,2106,43893.25
2025-11,C5800,101004246,6912,80231.73
2025-11,C5800,101004262,12096,140405.52000000002
2025-11,C5800,101070113,26568,308390.73
2025-11,C5800,101070114,768,10006.12
2025-11,C5800,101070173,11232,98603.47
2025-11,C5800,101070175,13824,121358.13999999998
2025-11,C5800,101070176,10080,88490.29999999999
2025-11,C5800,101070179,11808,103660.09
2025-11,NCASH510,101001911,13,176.8
2025-11,NCASH510,101002188,2,18.0
2025-11,NCASH510,101002612,1,8.7
2025-11,NCASH510,101002859,10,47.0
2025-11,NCASH510,101003241,84,394.8
2025-11,NCASH510,101003346,2,23.8
2025-11,NCASH510,101003347,7,83.3
2025-11,NCASH510,101003359,21,98.7
2025-11,NCASH510,101003360,27,126.9
2025-11,NCASH510,101004141,6,78.6
2025-11,NCASH510,101004174,1,4.7
2025-11,NCASH510,101004224,5,59.5
2025-11,NCASH510,101004245,10,119.0
2025-11,NCASH510,101004261,10,207.0
2025-11,NCASH510,101070017,1,8.6
2025-11,NCASH510,101070040,4,29.6
2025-11,NCASH510,101070154,7,63.0
2025-11,NCASH510,101070155,1,4.5
2025-11,NCASH510,101070161,1,4.5
2025-11,NCASH510,101070162,31,279.0
2025-11,NCASH510,101070165,71,639.0
2025-11,NCASH510,101070167,2,9.0
2025-11,NCASH510,101070168,1,9.0
2025-12,1200002,101002188,144,1368.0
2025-12,1200002,101002612,300,2745.0
2025-12,1200002,101002715,360,3073.8
2025-12,1200002,101002859,360,1782.0
2025-12,1200002,101003241,3240,16038.0
2025-12,1200002,101003360,360,1782.0
2025-12,1200002,101004141,162,2669.76
2025-12,1200002,101004224,864,11806.4
2025-12,1200002,101070154,144,1368.0
2025-12,1200002,101070162,864,8208.0
2025-12,1200002,101070168,576,5472.0
2025-12,1200007,101002402,72,820.8
2025-12,1200007,101003241,720,4276.8
2025-12,1200007,101003359,360,2138.4
2025-12,1200007,101004183,360,2138.4
2025-12,1200007,101004224,216,3248.64
2025-12,1200007,101004257,192,1797.12
2025-12,1200007,101004261,162,4224.96
2025-12,1200007,101005690,192,2096.64
2025-12,1200007,101070153,72,820.8
2025-12,1200007,101070156,72,820.8
2025-12,1200007,101070158,72,820.8
2025-12,1200007,101070162,216,2462.4
2025-12,1200007,101070165,144,0.0
2025-12,1200007,101070168,216,2462.4
2025-12,1200008,101004224,216,3214.08
2025-12,1200008,101070153,144,1624.32
2025-12,1200008,101070156,144,1624.32
2025-12,1200008,101070158,144,1624.32
2025-12,1200008,101070162,2016,16243.2
2025-12,1200008,101070165,1440,16243.2
2025-12,1200008,101070168,288,3248.64
2025-12,1200015,101002402,288,2707.2
2025-12,1200015,101002612,570,5415.0
2025-12,1200015,101003015,0,-292.8
2025-12,1200015,101004141,324,5287.68
2025-12,1200015,101004229,162,3369.6
2025-12,1200015,101070109,1800,9360.0
2025-12,1200015,101070110,162,3369.6
2025-12,1200015,101070112,324,6739.2
2025-12,1200015,101070153,288,2707.2
2025-12,1200015,101070156,288,2707.2
2025-12,1200015,101070158,288,2707.2
2025-12,1200015,101070162,1872,18288.0
2025-12,1200015,101070168,1152,10828.8
2025-12,1200016,101002188,288,2707.2
2025-12,1200016,101002402,288,2707.2
2025-12,1200016,101003015,288,3642.0
2025-12,1200016,101003347,216,3214.08
2025-12,1200016,101003359,360,1764.0
2025-12,1200016,101003360,360,1764.0
2025-12,1200016,101004174,360,1764.0
2025-12,1200016,101005690,192,2073.6
2025-12,1200016,101070110,40,829.44
2025-12,1200016,101070153,144,1353.6
2025-12,1200016,101070156,288,2707.2
2025-12,1200016,101070162,576,5414.4
2025-12,1200016,101070165,432,4060.8
2025-12,1200016,101070168,1008,9475.2
2025-12,1200017,101003347,1080,16416.0
2025-12,1200017,101003360,1080,5454.0
2025-12,1200017,101004141,810,13478.4
2025-12,1200017,101004224,-5400,-73831.36
2025-12,1200017,101004229,0,0.0
2025-12,1200017,101004230,162,3411.2
2025-12,1200017,101070105,2268,31342.4
2025-12,1200017,101070109,-1800,-8910.0
2025-12,1200017,101070110,0,0.0
2025-12,1200017,101070112,0,0.0
2025-12,1200017,101070165,144,1396.8
2025-12,1200018,101002716,324,3337.2
2025-12,1200018,101002717,360,3384.0
2025-12,1200018,101003346,216,3248.64
2025-12,1200018,101004141,1944,32037.12
2025-12,1200018,101004229,162,3390.4
2025-12,1200018,101004230,162,3390.4
2025-12,1200018,101004233,576,6289.92
2025-12,1200018,101004257,768,7188.48
2025-12,1200018,101004261,1944,40554.4
2025-12,1200018,101005690,192,2096.64
2025-12,1200018,101070017,192,2096.64
2025-12,1200018,101070060,238,1655.4
2025-12,1200018,101070108,360,3073.8
2025-12,1200018,101070153,432,4104.0
2025-12,1200019,101003346,216,3352.32
2025-12,1200019,101004174,360,1872.0
2025-12,1200019,101004229,162,3473.6
2025-12,1200019,101004230,324,6920.48
2025-12,1200019,101004261,648,13840.96
2025-12,1200019,101070079,360,1797.12
2025-12,1200019,101070105,3240,45706.4
2025-12,1200019,101070110,162,3473.6
2025-12,1200020,101002188,288,2923.2
2025-12,1200020,101070154,288,2923.2
2025-12,1200020,101070158,288,2923.2
2025-12,1200020,101070162,288,2923.2
2025-12,1200020,101070165,288,2923.2
2025-12,1200023,101002612,300,2745.0
2025-12,1200023,101002859,360,1782.0
2025-12,1200023,101003241,1260,6237.0
2025-12,1200023,101003347,216,3248.64
2025-12,1200023,101003359,360,1782.0
2025-12,1200023,101003360,360,1782.0
2025-12,1200023,101004141,324,5339.52
2025-12,1200023,101004174,360,1782.0
2025-12,1200023,101004183,360,1782.0
2025-12,1200023,101004224,1080,13536.0
2025-12,1200023,101004229,162,3390.4
2025-12,1200023,101004230,162,3390.4
2025-12,1200023,101004245,216,3248.64
2025-12,1200023,101004261,162,3390.4
2025-12,1200023,101070060,238,1655.4
2025-12,1200023,101070079,180,855.36
2025-12,1200023,101070162,144,1368.0
2025-12,1200023,101070165,144,1368.0
2025-12,1200023,101070168,432,4104.0
2025-12,1200027,101002188,648,6181.92
2025-12,1200027,101002402,216,2060.64
2025-12,1200027,101002715,240,1872.0
2025-12,1200027,101002717,240,1872.0
2025-12,1200027,101002859,300,1518.0
2025-12,1200027,101003241,300,1518.0
2025-12,1200027,101004233,160,1456.0
2025-12,1200027,101004257,160,1254.4
2025-12,1200027,101070153,756,7212.24
2025-12,1200027,101070154,864,8242.56
2025-12,1200027,101070156,1404,13394.16
2025-12,1200027,101070158,864,8242.56
2025-12,1200027,101070162,1512,14424.48
2025-12,1200027,101070165,1404,13394.16
2025-12,1200027,101070168,1188,11333.52
2025-12,1200029,101002188,144,1624.32
2025-12,1200029,101002402,216,2436.48
2025-12,1200029,101002612,150,1638.0
2025-12,1200029,101002716,324,3304.8
2025-12,1200029,101002717,180,1674.0
2025-12,1200029,101003241,1440,8467.2
2025-12,1200029,101003346,216,3214.08
2025-12,1200029,101003347,108,1607.04
2025-12,1200029,101003359,540,3175.2000000000003
2025-12,1200029,101003360,360,2116.8
2025-12,1200029,101004141,162,2643.84
2025-12,1200029,101004224,324,4821.12
2025-12,1200029,101004257,288,2661.12
2025-12,1200029,101070017,192,2073.6
2025-12,1200029,101070105,324,4821.12
2025-12,1200029,101070135,162,4199.04
2025-12,1200029,101070153,360,4060.8
2025-12,1200029,101070154,72,812.16
2025-12,1200029,101070156,216,2436.48
2025-12,1200029,101070158,144,1624.32
2025-12,1200029,101070162,864,4872.96
2025-12,1200029,101070165,1584,17867.52
2025-12,1200029,101070168,792,5685.12
2025-12,1200031,101002612,300,2895.0
2025-12,1200031,101003241,1440,7632.0
2025-12,1200031,101003347,216,3386.88
2025-12,1200031,101003359,360,1908.0
2025-12,1200031,101003360,720,3816.0
2025-12,1200031,101004141,324,5650.56
2025-12,1200031,101004230,162,3515.2
2025-12,1200031,101004257,576,5875.2
2025-12,1200031,101005690,288,3386.88
2025-12,1200031,101070060,238,1793.58
2025-12,1200031,101070105,216,3088.96
2025-12,1200031,101070112,162,3515.2
2025-12,1200031,101070162,144,1512.0
2025-12,1200031,101070165,144,1512.0
2025-12,1200031,101070168,144,1512.0
2025-12,1200035,101002188,288,3024.0
2025-12,1200035,101002402,288,3024.0
2025-12,1200035,101002612,1500,14475.0
2025-12,1200035,101002715,720,6419.0
2025-12,1200035,101002716,324,3499.2
2025-12,1200035,101002717,720,7056.0
2025-12,1200035,101002859,1440,7632.0
2025-12,1200035,101003015,576,7761.6
2025-12,1200035,101003241,720,3816.0
2025-12,1200035,101003346,432,6773.76
2025-12,1200035,101003347,1080,16934.4
2025-12,1200035,101003359,720,3816.0
2025-12,1200035,101003360,1080,5724.0
2025-12,1200035,101004141,2106,36728.64
2025-12,1200035,101004174,720,3816.0
2025-12,1200035,101004224,2376,33884.479999999996
2025-12,1200035,101004229,162,3515.2
2025-12,1200035,101004230,648,14060.8
2025-12,1200035,101004245,864,13547.52
2025-12,1200035,101004257,576,5875.2
2025-12,1200035,101070060,238,1793.58
2025-12,1200035,101070105,2376,33884.479999999996
2025-12,1200035,101070108,1440,12838.0
2025-12,1200035,101070109,1080,5724.0
2025-12,1200035,101070112,1458,31582.719999999998
2025-12,1200035,101070153,432,4536.0
2025-12,1200035,101070154,432,4536.0
2025-12,1200035,101070156,288,3024.0
2025-12,1200035,101070158,288,3024.0
2025-12,1200035,101070162,1440,15120.0
2025-12,1200035,101070165,1008,10584.0
2025-12,1200035,101070168,2304,24192.0
2025-12,1200036,101002188,36,449.28
2025-12,1200036,101002402,30,374.4
2025-12,1200036,101002612,150,1728.0
2025-12,1200036,101002715,360,3528.0
2025-12,1200036,101003241,180,1144.8
2025-12,1200036,101003346,60,940.8
2025-12,1200036,101003347,60,940.8
2025-12,1200036,101004141,81,1399.68
2025-12,1200036,101004224,216,3386.88
2025-12,1200036,101004229,40,1075.2
2025-12,1200036,101004230,30,806.4
2025-12,1200036,101004233,192,2234.88
2025-12,1200036,101004245,50,784.0
2025-12,1200036,101004257,96,967.68
2025-12,1200036,101004261,81,2177.28
2025-12,1200036,101070153,60,748.8
2025-12,1200036,101070154,36,449.28
2025-12,1200036,101070156,50,624.0
2025-12,1200036,101070158,50,624.0
2025-12,1200036,101070162,72,898.56
2025-12,1200036,101070168,144,1797.12
2025-12,1200037,101003346,108,1676.16
2025-12,1200037,101070153,144,1483.2
2025-12,1200047,101002188,288,2923.2
2025-12,1200047,101002402,144,1461.6
2025-12,1200047,101003241,180,939.6
2025-12,1200047,101004257,96,783.36
2025-12,1200047,101005690,192,1866.24
2025-12,1200047,101070153,288,2923.2
2025-12,1200047,101070154,432,4384.799999999999
2025-12,1200047,101070156,432,4384.799999999999
2025-12,1200047,101070158,432,4384.799999999999
2025-12,1200047,101070162,1008,10231.2
2025-12,1200047,101070165,288,2923.2
2025-12,1200047,101070168,432,4384.799999999999
2025-12,1200048,101002402,864,11612.16
2025-12,1200048,101070153,828,3386.88
2025-12,1200048,101070156,576,1935.36
2025-12,1200048,101070158,288,1935.36
2025-12,1200048,101070162,1440,19353.6
2025-12,1200048,101070165,2016,27095.04
2025-12,1200048,101070168,864,11612.16
2025-12,1200055,101002381,0,-15.23
2025-12,1200055,101002402,144,1512.0
2025-12,1200055,101002859,360,1908.0
2025-12,1200055,101003241,2160,11448.0
2025-12,1200055,101003346,648,10160.64
2025-12,1200055,101003347,648,10160.64
2025-12,1200055,101003359,360,1908.0
2025-12,1200055,101003360,360,1908.0
2025-12,1200055,101004141,324,5650.56
2025-12,1200055,101004174,360,1908.0
2025-12,1200055,101004230,324,7003.36
2025-12,1200055,101070105,5616,80046.4
2025-12,1200055,101070108,2160,19247.2
2025-12,1200055,101070112,1944,42047.2
2025-12,1200055,101070156,1440,15120.0
2025-12,1200055,101070158,432,4536.0
2025-12,1200055,101070162,1872,19656.0
2025-12,1200055,101070165,720,7560.0
2025-12,1200055,101070168,3312,34776.0
2025-12,1200067,101002612,150,1440.0
2025-12,1200067,101002715,3960,35280.0
2025-12,1200067,101002717,360,3528.0
2025-12,1200067,101002859,180,954.0
2025-12,1200067,101003347,432,6773.76
2025-12,1200067,101004141,648,11197.44
2025-12,1200067,101004230,81,1747.2
2025-12,1200067,101004233,96,1117.44
2025-12,1200067,101004261,324,6988.8
2025-12,1200067,101070162,240,2995.2
2025-12,1200067,101070165,240,2995.2
2025-12,1200067,101070168,384,2995.2
2025-12,1200077,101001911,150,2472.0
2025-12,1200077,101003648,17600,263472.0
2025-12,1200077,101004125,7695,124428.15
2025-12,1200077,101004196,9024,97549.44
2025-12,1200077,101070106,176,2634.72
2025-12,1200077,101070127,71840,602737.6
2025-12,1200077,101070156,2520,28526.399999999998
2025-12,1200077,101070163,55800,914562.0
2025-12,1200077,101070166,5625,92193.75
2025-12,1200095,101002381,525,8242.5
2025-12,1200095,101002612,3300,37818.0
2025-12,1200095,101002859,3300,20988.0
2025-12,1200095,101003346,1344,19420.8
2025-12,1200095,101003347,672,9710.4
2025-12,1200095,101004174,2145,13642.2
2025-12,1200095,101004229,360,9676.8
2025-12,1200095,101004230,1584,42577.92
2025-12,1200095,101004233,4032,46690.56
2025-12,1200095,101004245,576,8426.880000000001
2025-12,1200095,101004257,3360,33667.2
2025-12,1200095,101004261,504,13018.32
2025-12,1200095,101005690,2304,26680.32
2025-12,1200095,101070105,7680,110976.0
2025-12,1200095,101070109,5445,34630.2
2025-12,1200095,101070110,1008,26036.64
2025-12,1200095,101070112,4320,111585.59999999999
2025-12,1200095,101070156,1071,12166.56
2025-12,1200095,101070162,1260,14313.599999999999
2025-12,1200095,101070168,2331,26480.16
2025-12,1200100,101001911,450,5749.11
2025-12,1200100,101003648,3520,53306.53
2025-12,1200100,101004098,132480,1381448.52
2025-12,1200100,101070106,38808,587704.48
2025-12,1200100,101070163,12015,200484.07
2025-12,1200100,101070166,9000,150175.35
2025-12,1200105,101002402,288,2707.2
2025-12,1200105,101002715,1800,15214.8
2025-12,1200105,101070156,288,2707.2
2025-12,1200105,101070158,432,4060.7999999999997
2025-12,1200105,101070162,2880,27072.0
2025-12,1200105,101070165,1728,16243.2
2025-12,1200105,101070168,2304,21657.6
2025-12,1200113,101002381,750,10950.0
2025-12,1200113,101002612,2700,30906.0
2025-12,1200113,101002715,1280,12608.0
2025-12,1200113,101002717,320,3136.0
2025-12,1200113,101003241,495,3326.4
2025-12,1200113,101003347,384,5790.719999999999
2025-12,1200113,101004233,1920,21196.8
2025-12,1200113,101004257,2256,22308.480000000003
2025-12,1200113,101004261,3600,96848.64
2025-12,1200113,101070105,2976,44820.479999999996
2025-12,1200113,101070108,480,4560.0
2025-12,1200113,101070109,330,1999.8
2025-12,1200113,101070112,864,22671.36
2025-12,1200113,101070156,1827,22430.52
2025-12,1200113,101070158,1134,13827.240000000002
2025-12,1200113,101070162,2646,32364.36
2025-12,1200113,101070165,2268,27858.6
2025-12,1200113,101070168,1386,16412.76
2025-12,1200117,101002188,144,1497.6
2025-12,1200117,101002402,288,2995.2
2025-12,1200117,101002715,360,3214.4
2025-12,1200117,101004257,576,5806.08
2025-12,1200117,101070154,432,4492.8
2025-12,1200117,101070156,576,5990.4
2025-12,1200117,101070158,288,2995.2
2025-12,1200117,101070162,576,5990.4
2025-12,1200117,101070165,576,5990.4
2025-12,1200117,101070168,864,8985.6
2025-12,1200119,101003346,216,3283.2
2025-12,1200119,101003347,216,3283.2
2025-12,1200119,101004224,216,2979.2
2025-12,1200119,101004230,162,3411.2
2025-12,1200119,101004233,192,2131.2
2025-12,1200119,101004261,324,6796.16
2025-12,1200119,101070040,238,1687.44
2025-12,1200119,101070105,216,2979.2
2025-12,1200119,101070109,1080,5454.0
2025-12,1200119,101070110,486,10207.36
2025-12,1200119,101070153,288,3352.32
2025-12,1200119,101070154,144,1676.16
2025-12,1200119,101070156,432,5028.48
2025-12,1200119,101070158,144,1676.16
2025-12,1200119,101070162,288,3352.32
2025-12,1200119,101070165,576,6704.64
2025-12,1200120,101002188,216,2218.32
2025-12,1200120,101002402,108,1109.16
2025-12,1200120,101003241,300,1584.0
2025-12,1200120,101004224,120,1564.8
2025-12,1200120,101070153,108,1109.16
2025-12,1200120,101070154,216,2218.32
2025-12,1200120,101070162,324,3327.48
2025-12,1200120,101070165,108,1109.16
2025-12,1200148,101002612,900,8595.0
2025-12,1200148,101002716,162,1733.4
2025-12,1200148,101003015,144,1937.2
2025-12,1200148,101003346,216,3352.32
2025-12,1200148,101003347,1728,26818.56
2025-12,1200148,101003359,180,945.0
2025-12,1200148,101003360,360,1890.0
2025-12,1200148,101004141,3564,61585.92
2025-12,1200148,101004183,180,945.0
2025-12,1200148,101004229,81,1747.2
2025-12,1200148,101004230,162,3494.4
2025-12,1200148,101004233,96,1111.68
2025-12,1200148,101004245,648,10056.96
2025-12,1200148,101004257,192,1923.84
2025-12,1200148,101005690,96,1111.68
2025-12,1200148,101070040,119,891.0
2025-12,1200148,101070060,119,891.0
2025-12,1200148,101070075,96,838.66
2025-12,1200148,101070076,81,1119.74
2025-12,1200148,101070079,180,907.2
2025-12,1200148,101070105,2376,33554.24
2025-12,1200148,101070112,1134,24407.04
2025-12,1200148,101070115,108,1350.24
2025-12,1200148,101070116,108,1350.24
2025-12,1200148,101070117,108,1350.24
2025-12,1200148,101070118,108,1350.24
2025-12,1200148,101070156,216,2224.8
2025-12,1200148,101070158,72,741.6
2025-12,1200148,101070162,936,9640.8
2025-12,1200148,101070165,288,2966.4
2025-12,1200148,101070168,792,8157.6
2025-12,1200153,101002381,825,11979.0
2025-12,1200153,101002612,1800,18558.0
2025-12,1200153,101003241,495,2826.45
2025-12,1200153,101004229,432,11543.04
2025-12,1200153,101004230,720,19238.4
2025-12,1200153,101004233,2976,31069.440000000002
2025-12,1200153,101005690,576,6635.52
2025-12,1200153,101070017,96,1105.92
2025-12,1200153,101070040,119,1163.82
2025-12,1200153,101070109,990,5880.6
2025-12,1200153,101070110,936,25067.52
2025-12,1200153,101070135,648,17314.56
2025-12,1200160,101002612,3150,33273.0
2025-12,1200160,101002859,4290,24327.6
2025-12,1200160,101003347,2688,38338.56
2025-12,1200160,101004174,5445,30917.7
2025-12,1200160,101004224,4320,61881.6
2025-12,1200160,101004261,4032,95372.28
2025-12,1200160,101070156,2961,31265.64
2025-12,1200160,101070162,3969,41746.32
2025-12,1200160,101070168,2583,27266.4
2025-12,1200173,101002612,150,1647.0
2025-12,1200173,101003346,96,1443.84
2025-12,1200173,101003347,96,1443.84
2025-12,1200173,101004141,216,3559.68
2025-12,1200173,101004230,72,1877.76
2025-12,1200173,101004261,288,7511.04
2025-12,1200173,101005690,192,2096.64
2025-12,1200173,101070156,126,1436.4
2025-12,1200173,101070158,189,2154.6
2025-12,1200173,101070162,378,4309.2
2025-12,1200173,101070165,126,1436.4
2025-12,1200173,101070168,252,2872.8
2025-12,1200180,101002188,144,1684.8
2025-12,1200180,101002402,432,5054.4
2025-12,1200180,101070154,432,5054.4
2025-12,1200180,101070156,720,8424.0
2025-12,1200180,101070158,576,6739.2
2025-12,1200180,101070162,720,8424.0
2025-12,1200180,101070165,288,3369.6
2025-12,1200180,101070168,1008,11793.6
2025-12,1200188,101002612,1200,13176.0
2025-12,1200188,101004224,1536,23101.440000000002
2025-12,1200188,101004230,360,9388.8
2025-12,1200188,101004233,192,2096.64
2025-12,1200188,101004257,768,7188.48
2025-12,1200188,101004261,792,20655.36
2025-12,1200188,101005690,1152,12579.84
2025-12,1200188,101070135,144,3755.52
2025-12,1200188,101070156,693,7900.200000000001
2025-12,1200188,101070158,882,10054.8
2025-12,1200188,101070162,3717,42373.8
2025-12,1200188,101070165,126,1436.4
2025-12,1200197,101002381,75,965.25
2025-12,1200197,101002612,2285,22461.55
2025-12,1200197,101002715,2720,24941.39
2025-12,1200197,101002717,800,7520.0
2025-12,1200197,101003015,6912,111974.4
2025-12,1200197,101003241,2310,12066.5
2025-12,1200197,101003347,1056,15882.240000000002
2025-12,1200197,101003360,0,-14.64
2025-12,1200197,101004224,4032,60641.28
2025-12,1200197,101004229,288,7464.96
2025-12,1200197,101004230,1368,35458.560000000005
2025-12,1200197,101004233,1920,18662.4
2025-12,1200197,101004257,2400,19968.0
2025-12,1200197,101004261,13752,356451.83999999997
2025-12,1200197,101070017,96,1036.8
2025-12,1200197,101070105,12000,180480.0
2025-12,1200197,101070108,19520,183488.0
2025-12,1200197,101070109,4620,24717.0
2025-12,1200197,101070110,2016,52254.72
2025-12,1200197,101070156,0,-296.07
2025-12,1200197,101070158,126,1421.28
2025-12,1200197,101070162,63,710.64
2025-12,1200197,101070165,0,-42.46
2025-12,1200200,101002379,9797,192804.96
2025-12,1200200,101002612,6358,73307.74
2025-12,1200200,101002717,4320,42508.8
2025-12,1200200,101002859,26640,189943.2
2025-12,1200200,101003241,3780,26951.4
2025-12,1200200,101003346,1680,26476.8
2025-12,1200200,101003359,3431,24463.03
2025-12,1200200,101004141,3332,61408.76
2025-12,1200200,101004174,1800,11214.0
2025-12,1200200,101004183,2880,17942.4
2025-12,1200200,101004229,275,7782.5
2025-12,1200200,101004230,1099,31101.7
2025-12,1200200,101004233,20978,238729.63999999998
2025-12,1200200,101004245,117,1843.92
2025-12,1200200,101004261,1446,44970.6
2025-12,1200200,101005690,3671,41775.98
2025-12,1200200,101070040,860,9537.4
2025-12,1200200,101070105,4133,65136.08
2025-12,1200200,101070109,2160,15400.800000000001
2025-12,1200200,101070110,412,11667.84
2025-12,1200200,101070112,3794,117993.4
2025-12,1200200,101070115,30,535.8
2025-12,1200200,101070116,30,535.8
2025-12,1200200,101070117,30,535.8
2025-12,1200200,101070118,30,535.8
2025-12,1200200,101070154,252,3003.84
2025-12,1200200,101070155,254,1511.3
2025-12,1200200,101070156,1827,21777.84
2025-12,1200200,101070161,2336,13899.199999999999
2025-12,1200200,101070162,6918,82462.56
2025-12,1200200,101070165,3240,38620.8
2025-12,1200200,101070168,6678,79601.76000000001
2025-12,1200236,101002612,1800,16470.0
2025-12,1200236,101002859,1800,8910.0
2025-12,1200236,101003241,720,3564.0
2025-12,1200236,101003346,432,6497.28
2025-12,1200236,101003347,1728,25989.12
2025-12,1200236,101003359,1080,5346.0
2025-12,1200236,101003360,1440,7128.0
2025-12,1200236,101004141,1296,21358.08
2025-12,1200236,101004174,1080,5346.0
2025-12,1200236,101004183,720,3564.0
2025-12,1200236,101004229,324,6780.8
2025-12,1200236,101004230,648,13561.6
2025-12,1200236,101004233,192,2096.64
2025-12,1200236,101004257,384,3594.24
2025-12,1200236,101005690,576,6289.92
2025-12,1200236,101070017,576,6289.92
2025-12,1200236,101070060,238,1655.4
2025-12,1200236,101070075,192,1575.94
2025-12,1200236,101070076,324,4271.62
2025-12,1200236,101070109,1440,7128.0
2025-12,1200236,101070115,432,5203.84
2025-12,1200236,101070116,432,5203.84
2025-12,1200236,101070117,432,5203.84
2025-12,1200236,101070118,432,5203.84
2025-12,1200236,101070152,576,3283.2
2025-12,1200236,101070155,288,1641.6
2025-12,1200236,101070161,288,1641.6
2025-12,1200236,101070162,1728,16416.0
2025-12,1200236,101070165,720,6840.0
2025-12,1200236,101070167,288,1641.6
2025-12,1200236,101070168,1008,9576.0
2025-12,1200255,101002188,576,6048.0
2025-12,1200255,101002859,180,954.0
2025-12,1200255,101003360,180,954.0
2025-12,1200255,101004141,162,2825.28
2025-12,1200255,101004229,81,1757.6
2025-12,1200255,101004230,81,1757.6
2025-12,1200255,101004245,108,1693.44
2025-12,1200255,101005690,192,1811.04
2025-12,1200255,101070153,864,9072.0
2025-12,1200255,101070154,1008,10584.0
2025-12,1200255,101070156,2016,21168.0
2025-12,1200255,101070158,1008,10584.0
2025-12,1200255,101070162,3384,35532.0
2025-12,1200255,101070165,1440,15120.0
2025-12,1200255,101070168,1440,15120.0
2025-12,1200256,101002717,640,5696.0
2025-12,1200256,101002859,495,2880.8999999999996
2025-12,1200256,101004261,3168,75905.28
2025-12,1200256,101070105,2400,33888.0
2025-12,1200256,101070108,2560,22784.0
2025-12,1200256,101070109,2970,17285.4
2025-12,1200256,101070112,792,18976.32
2025-12,1200256,101070161,1350,7695.0
2025-12,1200273,101002402,324,3078.0
2025-12,1200273,101002612,855,7817.76
2025-12,1200273,101002859,600,2970.0
2025-12,1200273,101004174,600,2970.0
2025-12,1200273,101004261,180,3755.52
2025-12,1200273,101070109,3000,14850.0
2025-12,1200273,101070153,216,2052.0
2025-12,1200273,101070156,216,2052.0
2025-12,1200273,101070162,1512,14364.0
2025-12,1200273,101070165,324,3078.0
2025-12,1200273,101070168,1512,14364.0
2025-12,1200288,101002188,576,5748.48
2025-12,1200288,101002402,720,7041.599999999999
2025-12,1200288,101002612,300,2916.0
2025-12,1200288,101002715,360,2952.0
2025-12,1200288,101002859,1080,5594.4
2025-12,1200288,101003241,1080,5572.799999999999
2025-12,1200288,101004174,360,1857.6
2025-12,1200288,101004257,576,4631.04
2025-12,1200288,101070153,1008,10059.84
2025-12,1200288,101070154,1728,17245.44
2025-12,1200288,101070156,2880,28742.399999999998
2025-12,1200288,101070158,1296,12934.079999999998
2025-12,1200288,101070162,6912,68981.76000000001
2025-12,1200288,101070165,2880,28742.4
2025-12,1200288,101070168,6192,61796.159999999996
2025-12,1200363,101002612,1500,14905.8
2025-12,1200363,101002859,720,3852.58
2025-12,1200363,101003241,720,3852.58
2025-12,1200363,101003347,216,2924.81
2025-12,1200363,101003359,180,963.14
2025-12,1200363,101004141,243,3608.84
2025-12,1200363,101004174,180,963.14
2025-12,1200363,101004229,81,1910.56
2025-12,1200363,101004230,2430,57316.909999999996
2025-12,1200363,101004233,1920,18869.75
2025-12,1200363,101004245,54,731.2
2025-12,1200363,101070105,3672,49879.06
2025-12,1200363,101070110,81,1910.56
2025-12,1200363,101070112,3564,84064.82
2025-12,1200363,101070153,432,4434.39
2025-12,1200363,101070156,1440,16353.8
2025-12,1200363,101070158,1296,14718.41
2025-12,1200363,101070162,144,1478.13
2025-12,1200363,101070165,288,3113.51
2025-12,1200363,101070168,2304,25065.32
2025-12,1200400,101002188,108,1096.2
2025-12,1200400,101002402,216,2192.4
2025-12,1200400,101002715,120,1128.0
2025-12,1200400,101004257,80,652.8
2025-12,1200400,101070154,108,1096.2
2025-12,1200400,101070156,540,5481.0
2025-12,1200400,101070158,540,5481.0
2025-12,1200400,101070162,756,7673.4
2025-12,1200400,101070165,108,1096.2
2025-12,1200400,101070168,540,5481.0
2025-12,1200419,101002188,756,9034.2
2025-12,1200419,101002402,756,9034.2
2025-12,1200419,101002612,300,3324.0
2025-12,1200419,101002715,800,7240.0
2025-12,1200419,101002859,165,966.9
2025-12,1200419,101003241,165,966.9
2025-12,1200419,101003346,384,5541.12
2025-12,1200419,101003359,330,1933.8
2025-12,1200419,101004141,288,4518.72
2025-12,1200419,101004174,660,3867.6
2025-12,1200419,101004230,432,11141.279999999999
2025-12,1200419,101004233,384,3651.84
2025-12,1200419,101004261,504,12998.16
2025-12,1200419,101070017,192,2065.92
2025-12,1200419,101070109,495,2818.2
2025-12,1200419,101070153,504,6022.8
2025-12,1200419,101070154,882,10539.9
2025-12,1200419,101070156,756,9034.2
2025-12,1200419,101070162,567,6775.650000000001
2025-12,1200419,101070165,504,6022.8
2025-12,1200424,101002402,432,4332.96
2025-12,1200424,101002715,360,3348.0
2025-12,1200424,101002716,324,3304.8
2025-12,1200424,101002859,360,2116.8
2025-12,1200424,101003015,144,2332.8
2025-12,1200424,101003241,360,1857.6
2025-12,1200424,101004257,384,3087.36
2025-12,1200424,101070040,120,964.8
2025-12,1200424,101070153,144,1444.32
2025-12,1200424,101070154,144,1444.32
2025-12,1200424,101070156,1440,14443.2
2025-12,1200424,101070158,1296,12998.880000000001
2025-12,1200424,101070162,1584,15887.52
2025-12,1200424,101070165,432,4332.96
2025-12,1200424,101070168,1296,12998.880000000001
2025-12,1200441,101002381,150,2145.0
2025-12,1200441,101002402,45,507.6
2025-12,1200441,101002612,150,1638.0
2025-12,1200441,101003347,48,714.24
2025-12,1200441,101070105,216,3214.08
2025-12,1200441,101070109,360,2116.8
2025-12,1200441,101070112,162,4199.04
2025-12,1200441,101070153,144,1624.32
2025-12,1200441,101070154,126,1421.28
2025-12,1200441,101070156,144,1624.32
2025-12,1200441,101070162,144,1624.32
2025-12,1200441,101070165,144,1624.32
2025-12,1200460,101002612,1800,16650.0
2025-12,1200460,101002859,360,2181.6
2025-12,1200460,101003241,2160,10908.0
2025-12,1200460,101003346,432,6566.4
2025-12,1200460,101003347,648,9849.599999999999
2025-12,1200460,101004245,216,3283.2
2025-12,1200460,101004257,192,1831.68
2025-12,1200460,101070079,2520,12216.96
2025-12,1200460,101070105,2376,32832.0
2025-12,1200460,101070112,1620,34007.04
2025-12,1200460,101070158,864,8380.8
2025-12,1200460,101070165,864,8380.8
2025-12,1200473,101002188,189,2378.44
2025-12,1200473,101002402,189,2377.4500000000003
2025-12,1200473,101002715,0,-7.8
2025-12,1200473,101002859,0,-1.31
2025-12,1200473,101003241,165,1048.0900000000001
2025-12,1200473,101003359,0,-1.31
2025-12,1200473,101004174,0,-1.31
2025-12,1200473,101004224,72,1016.06
2025-12,1200473,101004257,24,220.32
2025-12,1200473,101004261,72,1752.19
2025-12,1200473,101070153,189,2378.44
2025-12,1200473,101070154,441,5549.6900000000005
2025-12,1200473,101070156,504,6340.53
2025-12,1200473,101070158,126,1582.6599999999999
2025-12,1200473,101070162,504,6344.48
2025-12,1200473,101070165,252,3171.25
2025-12,1200473,101070168,1197,15072.35
2025-12,1200514,101002402,1953,19545.12
2025-12,1200514,101003346,1536,20643.84
2025-12,1200514,101004224,5184,69688.32
2025-12,1200514,101004233,2400,22048.32
2025-12,1200514,101004257,2592,21333.12
2025-12,1200514,101070153,1701,17115.84
2025-12,1200514,101070156,2583,25996.32
2025-12,1200514,101070162,6741,68196.24
2025-12,1200514,101070165,4095,41554.8
2025-12,1200514,101070168,3843,38596.32
2025-12,1200518,101001911,4050,51177.82
2025-12,1200518,101002622,48000,703027.2
2025-12,1200518,101003648,5280,79329.36
2025-12,1200518,101004098,101760,1049974.87
2025-12,1200518,101070106,41624,625379.8
2025-12,1200521,101002715,320,3072.0
2025-12,1200521,101003241,330,2039.4
2025-12,1200521,101003360,165,1019.7
2025-12,1200521,101004174,660,4078.8
2025-12,1200521,101070135,72,1912.32
2025-12,1200521,101070153,252,3054.24
2025-12,1200521,101070154,378,4581.36
2025-12,1200521,101070163,720,10994.4
2025-12,1200521,101070166,630,9620.1
2025-12,1200548,101004174,3300,20988.0
2025-12,1200548,101004196,2112,22197.120000000003
2025-12,1200548,101070105,16128,248855.04
2025-12,1200548,101070156,5922,66148.74
2025-12,1200548,101070162,11088,123852.96
2025-12,1200610,101004230,9,232.11
2025-12,1200610,101070110,18,464.23
2025-12,1200610,101070156,126,1414.17
2025-12,1200610,101070162,126,1414.17
2025-12,1200610,101070165,126,1414.17
2025-12,1200610,101070168,126,1414.19
2025-12,1200611,101002715,640,5883.65
2025-12,1200611,101002717,160,1463.71
2025-12,1200611,101003241,1320,7711.79
2025-12,1200611,101003347,96,1421.34
2025-12,1200611,101004141,0,-26.62
2025-12,1200611,101004174,165,944.09
2025-12,1200611,101004224,0,-208.69
2025-12,1200611,101004230,0,-13.63
2025-12,1200611,101004233,0,-11.74
2025-12,1200611,101004257,0,-10.05
2025-12,1200611,101005690,288,3094.85
2025-12,1200611,101070153,0,-26.480000000000004
2025-12,1200611,101070156,378,4226.42
2025-12,1200611,101070158,0,-8.05
2025-12,1200611,101070162,63,674.9100000000001
2025-12,1200611,101070165,0,-59.959999999999994
2025-12,1200611,101070168,441,4941.5599999999995
2025-12,1200649,101002188,72,748.8
2025-12,1200649,101002402,72,748.8
2025-12,1200649,101002612,300,2880.0
2025-12,1200649,101003015,36,470.4
2025-12,1200649,101004141,27,466.56
2025-12,1200649,101070040,34,258.96
2025-12,1200649,101070153,144,1497.6
2025-12,1200649,101070154,288,2995.2
2025-12,1200649,101070156,504,5241.6
2025-12,1200649,101070158,72,748.8
2025-12,1200649,101070162,1152,11980.8
2025-12,1200649,101070165,432,4492.8
2025-12,1200649,101070168,1152,11980.8
2025-12,1200654,101001911,300,3790.96
2025-12,1200654,101002622,240,3515.13
2025-12,1200654,101003648,5280,79329.36
2025-12,1200654,101004098,69888,721114.83
2025-12,1200654,101004125,90,1460.56
2025-12,1200654,101070106,61336,921542.74
2025-12,1200654,101070107,128,1775.4
2025-12,1200654,101070163,180,2962.32
2025-12,1200657,101002622,1040,15232.23
2025-12,1200657,101004098,21408,220890.95
2025-12,1200657,101004125,495,8033.08
2025-12,1200657,101070106,57816,868656.5
2025-12,1200657,101070163,405,6665.22
2025-12,1200659,101001911,-375,-4738.700000000001
2025-12,1200659,101002622,29200,427674.9
2025-12,1200659,101003648,792,10346.97
2025-12,1200659,101004098,42720,437815.88
2025-12,1200659,101004125,540,8763.36
2025-12,1200659,101070106,82280,1236215.85
2025-12,1200659,101070107,128,1775.4
2025-12,1200659,101070163,540,8886.95
2025-12,1200671,101002622,1200,17575.67
2025-12,1200671,101004098,77952,807430.53
2025-12,1200671,101004125,810,13145.04
2025-12,1200671,101070106,36960,556125.11
2025-12,1200671,101070163,1755,28882.57
2025-12,1200682,101002622,400,5858.56
2025-12,1200682,101004098,41280,425933.21
2025-12,1200682,101004125,180,2921.12
2025-12,1200682,101070106,11352,170558.13
2025-12,1200682,101070163,135,2221.7400000000002
2025-12,1200695,101070040,236,2039.04
2025-12,1200695,101070110,520,12438.4
2025-12,1200698,101002859,2160,12830.4
2025-12,1200698,101003241,2160,10692.0
2025-12,1200698,101003346,1080,16243.2
2025-12,1200698,101004141,972,16018.560000000001
2025-12,1200698,101004233,192,2096.64
2025-12,1200698,101004257,192,1797.12
2025-12,1200698,101070017,192,2096.64
2025-12,1200698,101070079,2880,13685.76
2025-12,1200698,101070105,2376,32486.4
2025-12,1200698,101070162,4896,47606.4
2025-12,1200698,101070165,4320,41040.0
2025-12,1200698,101070168,5184,49248.0
2025-12,1200706,101002612,600,5270.4
2025-12,1200706,101003241,1080,5132.16
2025-12,1200706,101004224,864,11701.12
2025-12,1200706,101004257,576,5391.36
2025-12,1200706,101004261,324,6337.44
2025-12,1200711,101001911,1725,21797.969999999998
2025-12,1200711,101002622,1440,21090.81
2025-12,1200711,101003648,5280,79329.36
2025-12,1200711,101004098,55104,568571.32
2025-12,1200711,101004125,2745,44547.08
2025-12,1200711,101070106,32824,493164.19
2025-12,1200711,101070107,3456,47935.76
2025-12,1200711,101070163,15390,253277.81999999998
2025-12,1200711,101070166,180,2962.32
2025-12,1200713,101003241,1080,5670.0
2025-12,1200713,101003347,432,6704.64
2025-12,1200713,101003360,720,3780.0
2025-12,1200713,101004141,810,13996.8
2025-12,1200713,101004245,216,3352.32
2025-12,1200713,101004257,192,1923.84
2025-12,1200713,101004261,324,6988.8
2025-12,1200713,101070017,192,2223.36
2025-12,1200713,101070060,238,1772.1
2025-12,1200713,101070105,432,6099.36
2025-12,1200713,101070108,360,3181.6
2025-12,1200713,101070110,162,3494.4
2025-12,1200713,101070161,288,1483.2
2025-12,1200713,101070164,288,1483.2
2025-12,1200713,101070167,576,2966.4
2025-12,1200718,101002188,144,1512.0
2025-12,1200718,101002402,144,1512.0
2025-12,1200718,101002612,2100,20265.0
2025-12,1200718,101003015,288,3880.8
2025-12,1200718,101003347,1080,16934.4
2025-12,1200718,101004141,1539,26840.16
2025-12,1200718,101004229,324,7030.4
2025-12,1200718,101004230,486,10545.599999999999
2025-12,1200718,101004245,216,3386.88
2025-12,1200718,101004261,1620,35043.84
2025-12,1200718,101005690,288,3386.88
2025-12,1200718,101070040,119,891.78
2025-12,1200718,101070060,238,2384.76
2025-12,1200718,101070075,192,1704.96
2025-12,1200718,101070076,162,2260.22
2025-12,1200718,101070079,360,1831.68
2025-12,1200718,101070108,1080,9633.4
2025-12,1200718,101070112,810,17521.92
2025-12,1200718,101070115,432,5425.28
2025-12,1200718,101070116,432,5425.28
2025-12,1200718,101070117,432,5425.28
2025-12,1200718,101070118,432,5425.28
2025-12,1200718,101070152,144,907.2
2025-12,1200718,101070153,432,4536.0
2025-12,1200718,101070154,144,1512.0
2025-12,1200718,101070155,144,907.2
2025-12,1200718,101070156,720,7560.0
2025-12,1200718,101070158,864,9072.0
2025-12,1200718,101070162,2880,30240.0
2025-12,1200718,101070164,144,907.2
2025-12,1200718,101070165,1728,18144.0
2025-12,1200718,101070167,144,907.2
2025-12,1200718,101070168,2880,30240.0
2025-12,1200719,101002716,324,3499.2
2025-12,1200719,101002717,360,3528.0
2025-12,1200719,101002859,720,3816.0
2025-12,1200719,101003015,576,7744.8
2025-12,1200719,101003346,108,1693.44
2025-12,1200719,101003359,720,3816.0
2025-12,1200719,101003360,1080,5724.0
2025-12,1200719,101004174,360,1908.0
2025-12,1200719,101004183,360,1908.0
2025-12,1200719,101004229,324,7030.4
2025-12,1200719,101004230,405,8760.96
2025-12,1200719,101004257,96,979.2
2025-12,1200719,101005690,96,1128.96
2025-12,1200719,101070040,476,3577.14
2025-12,1200719,101070060,476,3577.14
2025-12,1200719,101070076,162,2260.22
2025-12,1200719,101070108,720,6419.0
2025-12,1200719,101070109,1080,5724.0
2025-12,1200719,101070110,405,8760.96
2025-12,1200719,101070112,1296,28040.48
2025-12,1200719,101070162,1008,10584.0
2025-12,1200719,101070168,864,9072.0
2025-12,1200721,101003457,360,2116.8
2025-12,1200742,101002612,1200,12539.03
2025-12,1200742,101002715,1440,12152.02
2025-12,1200742,101002717,280,2478.46
2025-12,1200742,101070153,576,5774.610000000001
2025-12,1200742,101070154,2304,23775.68
2025-12,1200742,101070156,1152,12340.84
2025-12,1200742,101070158,576,5750.71
2025-12,1200742,101070162,2304,24511.02
2025-12,1200742,101070165,432,4625.3
2025-12,1200753,101070153,576,6814.08
2025-12,1200753,101070154,288,3407.04
2025-12,1200753,101070156,864,10221.12
2025-12,1200753,101070158,864,10221.12
2025-12,1200753,101070162,864,10221.12
2025-12,1200753,101070165,432,5110.56
2025-12,1200753,101070168,432,5110.56
2025-12,1200763,101001911,219,3536.6400000000003
2025-12,1200763,101002402,2893,29530.9
2025-12,1200763,101002612,35550,343618.94
2025-12,1200763,101002715,2248,17741.78
2025-12,1200763,101002859,3041,16239.92
2025-12,1200763,101003241,33330,177993.07
2025-12,1200763,101003346,18835,237729.63
2025-12,1200763,101003347,12719,160535.3
2025-12,1200763,101003359,11177,59688.86
2025-12,1200763,101003360,626,2646.06
2025-12,1200763,101004141,8136,119604.71
2025-12,1200763,101004224,18912,238887.78
2025-12,1200763,101004229,7824,177615.05
2025-12,1200763,101004230,20088,456023.9
2025-12,1200763,101004233,5472,53268.630000000005
2025-12,1200763,101004245,108,1363.14
2025-12,1200763,101004257,15264,109939.57
2025-12,1200763,101004261,22032,500155.3
2025-12,1200763,101005690,10944,106429.45999999999
2025-12,1200763,101070105,48480,612377.34
2025-12,1200763,101070109,23265,124242.7
2025-12,1200763,101070110,792,17979.449999999997
2025-12,1200763,101070112,24912,565535.06
2025-12,1200763,101070135,360,8172.48
2025-12,1200763,101070153,12312,125677.29000000001
2025-12,1200763,101070154,972,9921.890000000001
2025-12,1200763,101070156,18243,186219.25
2025-12,1200763,101070158,65,663.51
2025-12,1200763,101070161,74385,381116.04
2025-12,1200763,101070162,5550,56652.79
2025-12,1200763,101070164,30780,157703.16
2025-12,1200763,101070165,5670,57877.72
2025-12,1200763,101070168,3625,37002.94
2025-12,1200769,101002612,3600,37503.0
2025-12,1200769,101002715,720,6544.8
2025-12,1200769,101002716,648,6473.52
2025-12,1200769,101002717,360,3304.8
2025-12,1200769,101003015,864,13296.96
2025-12,1200769,101003241,2520,14852.16
2025-12,1200769,101003346,648,9393.4
2025-12,1200769,101003347,648,9393.4
2025-12,1200769,101004224,3672,52348.009999999995
2025-12,1200769,101004233,768,8335.880000000001
2025-12,1200769,101004257,576,5598.72
2025-12,1200769,101004261,3078,75326.12
2025-12,1200769,101070110,162,4082.4
2025-12,1200769,101070135,162,4012.42
2025-12,1200769,101070154,1008,11181.89
2025-12,1200769,101070156,1440,16578.43
2025-12,1200769,101070158,1008,11461.83
2025-12,1200769,101070162,2016,22394.879999999997
2025-12,1200769,101070165,1152,12721.54
2025-12,1200769,101070168,2160,24774.34
2025-12,1200771,101003346,144,2257.92
2025-12,1200771,101003347,384,6021.12
2025-12,1200771,101004245,240,3763.2
2025-12,1200771,101004257,672,6773.76
2025-12,1200771,101070105,288,4515.84
2025-12,1200771,101070108,800,7840.0
2025-12,1200771,101070109,330,2098.8
2025-12,1200771,101070154,9,112.32
2025-12,1200771,101070156,126,1572.48
2025-12,1200771,101070162,126,1572.48
2025-12,1200771,101070168,441,5503.68
2025-12,1200781,101002188,45,431.55
2025-12,1200781,101002402,27,258.93
2025-12,1200781,101002715,1280,12032.0
2025-12,1200781,101002717,320,3008.0
2025-12,1200781,101003241,660,3531.0
2025-12,1200781,101004174,165,882.75
2025-12,1200781,101004261,576,14929.92
2025-12,1200781,101070108,3240,30456.0
2025-12,1200781,101070109,165,882.75
2025-12,1200781,101070153,27,258.93
2025-12,1200781,101070154,72,690.48
2025-12,1200781,101070156,243,2669.85
2025-12,1200781,101070158,36,406.08
2025-12,1200781,101070162,531,5867.639999999999
2025-12,1200781,101070165,54,609.12
2025-12,1200781,101070168,441,4974.48
2025-12,1200785,101002188,630,7862.4
2025-12,1200785,101002402,756,9434.880000000001
2025-12,1200785,101002612,450,5184.0
2025-12,1200785,101002715,1120,10976.0
2025-12,1200785,101002717,480,4704.0
2025-12,1200785,101002859,660,4197.6
2025-12,1200785,101003241,825,5247.0
2025-12,1200785,101004174,495,3148.2000000000003
2025-12,1200785,101070108,1440,14112.0
2025-12,1200785,101070109,330,2098.8
2025-12,1200785,101070153,504,6289.92
2025-12,1200785,101070154,819,10221.119999999999
2025-12,1200785,101070156,1449,18083.52
2025-12,1200785,101070158,1008,12579.84
2025-12,1200785,101070162,1197,14938.56
2025-12,1200785,101070165,882,11007.36
2025-12,1200785,101070168,1449,18083.52
2025-12,1200786,101002402,378,4762.799999999999
2025-12,1200786,101002612,300,3474.0
2025-12,1200786,101002859,495,3148.2000000000003
2025-12,1200786,101003241,330,2098.8
2025-12,1200786,101003359,495,3148.2000000000003
2025-12,1200786,101004141,144,2511.36
2025-12,1200786,101004174,495,3148.2000000000003
2025-12,1200786,101004224,1728,27095.04
2025-12,1200786,101004261,576,15575.04
2025-12,1200786,101070109,495,3148.2
2025-12,1200786,101070153,378,4762.8
2025-12,1200786,101070154,693,8731.8
2025-12,1200786,101070156,693,8731.8
2025-12,1200786,101070158,441,5556.6
2025-12,1200786,101070162,504,6350.4
2025-12,1200786,101070165,441,5556.6
2025-12,1200786,101070168,1260,15876.0
2025-12,1200793,101002188,63,917.91
2025-12,1200793,101002612,285,3556.8
2025-12,1200793,101002859,660,4758.6
2025-12,1200793,101004174,495,3568.9500000000003
2025-12,1200793,101005690,96,1270.08
2025-12,1200793,101070153,189,2753.73
2025-12,1200793,101070154,756,11014.92
2025-12,1200793,101070158,189,2753.73
2025-12,1200793,101070162,1341,19538.37
2025-12,1200793,101070165,792,11539.439999999999
2025-12,1200793,101070168,1359,19800.63
2025-12,1200826,101002715,50,410.5
2025-12,1200826,101004141,8,138.24
2025-12,1200826,101004224,20,263.0
2025-12,1200826,101004257,200,1468.0
2025-12,1200826,101004261,5,134.4
2025-12,1200839,101002188,72,820.8
2025-12,1200839,101002402,72,820.8
2025-12,1200839,101002612,75,823.5
2025-12,1200839,101003015,72,1173.6
2025-12,1200839,101003346,54,812.16
2025-12,1200839,101003347,54,812.16
2025-12,1200839,101004174,90,534.6
2025-12,1200839,101004257,96,898.56
2025-12,1200839,101070153,72,820.8
2025-12,1200839,101070154,72,820.8
2025-12,1200839,101070156,72,820.8
2025-12,1200839,101070162,108,1231.2
2025-12,1200839,101070165,72,820.8
2025-12,1200839,101070168,72,820.8
2025-12,1200841,101002381,900,-14577.920000000002
2025-12,1200841,101002612,5400,32228.38
2025-12,1200841,101002859,1080,-5139.96
2025-12,1200841,101003241,4320,13883.730000000001
2025-12,1200841,101003347,6696,87008.95
2025-12,1200841,101004224,15336,192003.79
2025-12,1200841,101004229,3888,81310.15999999999
2025-12,1200841,101004230,7290,153340.57
2025-12,1200841,101004233,5568,28411.78
2025-12,1200841,101004261,15714,267228.5
2025-12,1200841,101005690,5760,41954.21
2025-12,1200841,101005693,0,-933.12
2025-12,1200841,101070017,3456,30985.5
2025-12,1200841,101070040,8806,91410.31
2025-12,1200841,101070105,23328,301088.04
2025-12,1200841,101070109,0,-1211.94
2025-12,1200841,101070110,0,-20299.83
2025-12,1200841,101070111,0,-3550.01
2025-12,1200841,101070152,14976,62336.41999999999
2025-12,1200841,101070155,31968,146462.68
2025-12,1200841,101070161,33408,142198.31
2025-12,1200841,101070164,20736,87048.65999999999
2025-12,1200841,101070167,25920,112452.62
2025-12,1200854,101002715,1440,11448.0
2025-12,1200854,101002716,0,-324.0
2025-12,1200854,101002717,360,2772.0
2025-12,1200854,101003241,360,1872.0
2025-12,1200854,101003347,216,3075.84
2025-12,1200854,101004141,162,2592.0
2025-12,1200854,101004224,1296,15755.04
2025-12,1200854,101004245,432,5881.68
2025-12,1200854,101070156,576,5990.4
2025-12,1200854,101070158,144,1641.6
2025-12,1200854,101070162,432,4492.8
2025-12,1200854,101070165,144,1497.6
2025-12,1200854,101070168,720,7632.0
2025-12,1200872,101004141,324,5339.52
2025-12,1200872,101004261,0,-13.56
2025-12,1200872,101070105,432,5910.72
2025-12,1200872,101070161,0,-1.06
2025-12,1200872,101070162,1584,15048.0
2025-12,1200872,101070164,0,-3.18
2025-12,1200872,101070165,432,4104.0
2025-12,1200872,101070168,1296,12310.94
2025-12,1200887,101070153,441,4317.39
2025-12,1200887,101070156,378,3700.62
2025-12,1200887,101070162,1386,13568.94
2025-12,1200887,101070165,1260,12335.4
2025-12,1200887,101070168,315,3083.85
2025-12,1200943,101002859,360,2268.0
2025-12,1200943,101003241,1440,9072.0
2025-12,1200943,101070154,144,1779.84
2025-12,1200943,101070156,288,3559.68
2025-12,1200943,101070162,144,1779.84
2025-12,1200943,101070165,144,1779.84
2025-12,1200948,101002381,63,900.9
2025-12,1200948,101002612,600,5460.0
2025-12,1200948,101002717,360,3348.0
2025-12,1200948,101002859,360,1764.0
2025-12,1200948,101003346,432,6428.16
2025-12,1200948,101003360,720,3528.0
2025-12,1200948,101004141,486,7931.52
2025-12,1200948,101004174,360,1764.0
2025-12,1200948,101004229,162,3369.6
2025-12,1200948,101004230,324,6739.2
2025-12,1200948,101005690,384,4147.2
2025-12,1200948,101070105,816,11040.96
2025-12,1200948,101070108,360,3050.4
2025-12,1200948,101070110,162,3369.6
2025-12,1200949,101002402,288,2966.4
2025-12,1200949,101003241,360,1890.0
2025-12,1200949,101003360,180,945.0
2025-12,1200949,101004141,324,5598.72
2025-12,1200949,101004230,81,1747.2
2025-12,1200949,101004261,162,3494.4
2025-12,1200949,101005690,96,1111.68
2025-12,1200949,101070060,238,1772.1
2025-12,1200949,101070153,72,741.6
2025-12,1200949,101070156,288,2966.4
2025-12,1200949,101070158,288,2966.4
2025-12,1200949,101070162,720,7416.0
2025-12,1200949,101070165,288,2966.4
2025-12,1200949,101070168,1152,11865.6
2025-12,1200956,101002188,36,370.8
2025-12,1200956,101002402,36,370.8
2025-12,1200956,101002715,140,1241.6
2025-12,1200956,101002859,90,472.5
2025-12,1200956,101003241,150,787.5
2025-12,1200956,101004257,192,1923.84
2025-12,1200956,101070153,18,185.4
2025-12,1200956,101070154,36,370.8
2025-12,1200956,101070156,90,927.0
2025-12,1200956,101070158,54,556.2
2025-12,1200956,101070162,144,1483.2
2025-12,1200956,101070165,54,556.2
2025-12,1200956,101070168,288,2966.4
2025-12,1200969,101070156,648,7322.4
2025-12,1200969,101070162,540,6102.0
2025-12,1200969,101070165,648,7322.4
2025-12,1200969,101070168,1296,14644.8
2025-12,1200976,101002612,300,3600.0
2025-12,1200976,101070109,330,2217.6
2025-12,1200976,101070153,126,1678.32
2025-12,1200976,101070154,126,1678.32
2025-12,1200976,101070156,126,1678.32
2025-12,1200976,101070162,63,839.16
2025-12,1200976,101070165,63,839.16
2025-12,1200984,101004224,37584,458524.8
2025-12,1200985,101001911,2925,36961.76
2025-12,1200985,101002622,2400,35327.28
2025-12,1200985,101004098,13440,139726.67
2025-12,1200985,101004125,3060,50081.27
2025-12,1200985,101070106,5544,83705.61
2025-12,1200985,101070107,1280,17822.76
2025-12,1200985,101070163,5625,93344.66
2025-12,1200989,101001911,2250,33615.0
2025-12,1200989,101002402,2520,28425.6
2025-12,1200989,101002622,1600,20480.0
2025-12,1200989,101004196,9600,91008.0
2025-12,1200989,101070163,1800,25884.0
2025-12,1200989,101070166,8460,121654.8
2025-12,1200995,101002188,288,3024.0
2025-12,1200995,101002402,288,3024.0
2025-12,1200995,101003346,216,3386.88
2025-12,1200995,101070040,238,1783.56
2025-12,1200995,101070076,162,2260.22
2025-12,1200995,101070153,720,7560.0
2025-12,1200995,101070154,288,3024.0
2025-12,1200995,101070156,576,6048.0
2025-12,1200995,101070158,864,9072.0
2025-12,1200995,101070165,288,3024.0
2025-12,1200996,101070156,63,710.64
2025-12,1200996,101070162,252,2842.56
2025-12,1200996,101070165,126,1421.28
2025-12,1201001,101002612,600,6140.16
2025-12,1201001,101003359,330,1863.48
2025-12,1201001,101004174,165,934.92
2025-12,1201001,101004230,288,6881.28
2025-12,1201001,101004233,384,4469.76
2025-12,1201001,101070168,189,2096.64
2025-12,1201012,101002188,288,2966.4
2025-12,1201012,101002402,864,8899.2
2025-12,1201012,101002612,300,2865.0
2025-12,1201012,101002859,720,3780.0
2025-12,1201012,101003241,720,3780.0
2025-12,1201012,101003346,216,3352.32
2025-12,1201012,101003347,216,3352.32
2025-12,1201012,101004174,360,1890.0
2025-12,1201012,101004183,360,1890.0
2025-12,1201012,101004224,1944,27439.36
2025-12,1201012,101004229,162,3494.4
2025-12,1201012,101004230,324,6988.8
2025-12,1201012,101004261,162,3494.4
2025-12,1201012,101005690,384,4446.72
2025-12,1201012,101070017,192,2223.36
2025-12,1201012,101070040,238,1772.1
2025-12,1201012,101070060,476,3534.3
2025-12,1201012,101070108,10800,95244.3
2025-12,1201012,101070153,1008,10382.4
2025-12,1201012,101070154,288,2966.4
2025-12,1201012,101070156,576,5932.8
2025-12,1201012,101070158,576,5932.8
2025-12,1201012,101070162,2592,26697.6
2025-12,1201012,101070165,1728,17798.4
2025-12,1201012,101070168,4896,50428.8
2025-12,1201014,101002715,480,4238.9
2025-12,1201014,101003015,184,2471.6
2025-12,1201014,101003360,300,1560.0
2025-12,1201026,101002717,360,2361.6
2025-12,1201026,101003346,108,1134.0
2025-12,1201026,101003359,360,1587.6
2025-12,1201026,101003456,3384,26868.96
2025-12,1201026,101004219,324,2316.6
2025-12,1201026,101004229,81,1527.66
2025-12,1201026,101004230,81,1527.66
2025-12,1201026,101004233,192,1547.52
2025-12,1201026,101004245,108,1134.0
2025-12,1201031,101002859,360,1764.0
2025-12,1201031,101004141,1134,18506.88
2025-12,1201031,101004224,648,8764.32
2025-12,1201031,101004230,162,3369.6
2025-12,1201031,101004261,486,10082.88
2025-12,1201031,101070040,476,3298.68
2025-12,1201031,101070105,432,5847.84
2025-12,1201031,101070109,2160,10584.0
2025-12,1201031,101070156,864,8121.6
2025-12,1201031,101070158,864,8121.6
2025-12,1201031,101070162,1440,13536.0
2025-12,1201031,101070165,144,1353.6
2025-12,1201031,101070168,1152,10828.8
2025-12,1201033,101003133,8640,64281.6
2025-12,1201033,101003456,864,7793.28
2025-12,1201034,101003241,720,3600.0
2025-12,1201034,101003347,216,2570.4
2025-12,1201034,101004224,1512,17992.8
2025-12,1201034,101004229,162,3359.88
2025-12,1201034,101004230,162,3359.88
2025-12,1201034,101004261,486,10079.64
2025-12,1201034,101070135,810,16799.4
2025-12,1201035,101002612,5850,67275.0
2025-12,1201035,101004174,660,4158.0
2025-12,1201035,101070109,330,2088.9
2025-12,1201035,101070156,5733,71351.28
2025-12,1201035,101070162,9009,111910.68
2025-12,1201035,101070168,8883,110353.32
2025-12,1201037,101003346,36,524.16
2025-12,1201037,101003347,36,524.16
2025-12,1201037,101003360,150,903.0
2025-12,1201037,101004141,36,577.44
2025-12,1201037,101004183,45,270.9
2025-12,1201037,101004229,90,2241.0
2025-12,1201037,101004230,90,2241.0
2025-12,1201037,101004245,48,698.88
2025-12,1201037,101070075,32,298.66
2025-12,1201037,101070076,82,1133.24
2025-12,1201037,101070109,1200,7224.0
2025-12,1201037,101070156,45,531.0
2025-12,1201037,101070158,27,318.6
2025-12,1201037,101070162,108,1274.4
2025-12,1201037,101070165,108,1274.4
2025-12,1201043,101002612,300,3438.0
2025-12,1201043,101002717,320,3104.0
2025-12,1201043,101002859,165,1039.5
2025-12,1201043,101003015,0,-1089.25
2025-12,1201043,101003359,165,1039.5
2025-12,1201043,101003360,165,1039.5
2025-12,1201043,101004174,165,1039.5
2025-12,1201043,101004230,288,7741.44
2025-12,1201043,101004233,288,3335.04
2025-12,1201043,101004261,288,7741.44
2025-12,1201043,101070105,288,4469.76
2025-12,1201043,101070108,2080,20176.0
2025-12,1201043,101070109,330,2079.0
2025-12,1201043,101070110,288,7741.44
2025-12,1201043,101070154,378,4672.08
2025-12,1201043,101070156,756,9344.16
2025-12,1201043,101070158,630,7786.8
2025-12,1201043,101070162,819,10122.84
2025-12,1201043,101070165,441,5450.76
2025-12,1201043,101070168,1953,24139.08
2025-12,1201045,101004183,209,977.88
2025-12,1201045,101004229,405,1215.0
2025-12,1201047,101004214,55680,574514.57
2025-12,1201047,101070020,10560,137959.54
2025-12,1201048,101003133,5400,35424.0
2025-12,1201048,101003457,1440,6350.4
2025-12,1201048,101004219,972,6949.8
2025-12,1201048,101004233,576,4642.56
2025-12,1201048,101005739,144,1143.36
2025-12,1201048,101070040,476,3274.88
2025-12,1201048,101070154,144,1215.36
2025-12,1201060,101002715,2560,25088.0
2025-12,1201060,101003241,825,5247.0
2025-12,1201060,101003346,96,1505.28
2025-12,1201060,101003347,480,7526.4
2025-12,1201060,101004141,1080,18835.2
2025-12,1201060,101004224,768,12042.24
2025-12,1201060,101004245,192,3010.56
2025-12,1201060,101004261,360,9734.4
2025-12,1201061,101002188,144,1382.4
2025-12,1201061,101002402,144,1382.4
2025-12,1201061,101003241,360,1756.8
2025-12,1201061,101003346,216,2425.68
2025-12,1201061,101003347,216,2425.68
2025-12,1201061,101003359,720,3513.6
2025-12,1201061,101004174,360,1756.8
2025-12,1201061,101004224,216,2425.68
2025-12,1201061,101004230,162,3214.08
2025-12,1201061,101004261,324,6428.16
2025-12,1201061,101070154,144,1382.4
2025-12,1201061,101070156,288,2603.52
2025-12,1201061,101070158,288,2603.52
2025-12,1201061,101070162,288,2603.52
2025-12,1201061,101070165,144,1301.76
2025-12,1201064,101002188,63,839.16
2025-12,1201064,101002402,126,1678.32
2025-12,1201064,101003241,330,2217.6
2025-12,1201064,101070153,126,1678.32
2025-12,1201064,101070154,252,3356.64
2025-12,1201064,101070156,315,4195.8
2025-12,1201064,101070158,189,2517.48
2025-12,1201064,101070162,252,3356.64
2025-12,1201064,101070165,126,1678.32
2025-12,1201064,101070168,315,4195.8
2025-12,1201065,101002381,0,-702.96
2025-12,1201065,101002716,36,385.2
2025-12,1201065,101002859,30,159.0
2025-12,1201065,101003015,0,-3827.64
2025-12,1201065,101003360,30,159.0
2025-12,1201065,101004141,18,311.04
2025-12,1201065,101004183,150,795.0
2025-12,1201065,101004196,0,-1111.68
2025-12,1201065,101004229,162,3494.4
2025-12,1201065,101004233,16,186.24
2025-12,1201065,101004257,16,161.28
2025-12,1201065,101070076,36,497.66
2025-12,1201065,101070079,15,76.32
2025-12,1201065,101070162,288,2995.2
2025-12,1201065,101070167,0,-1779.84
2025-12,1201073,101002188,189,2154.6000000000004
2025-12,1201073,101002402,252,2872.8
2025-12,1201073,101002612,450,4941.0
2025-12,1201073,101002715,320,3008.0
2025-12,1201073,101002717,144,1353.6
2025-12,1201073,101002859,660,3920.4
2025-12,1201073,101003241,495,2940.3
2025-12,1201073,101004141,288,4746.24
2025-12,1201073,101004224,960,14438.4
2025-12,1201073,101004230,432,11266.56
2025-12,1201073,101004233,384,4193.28
2025-12,1201073,101004257,480,4492.799999999999
2025-12,1201073,101004261,720,18777.6
2025-12,1201073,101070040,136,1264.8
2025-12,1201073,101070110,72,1877.76
2025-12,1201073,101070135,72,1877.76
2025-12,1201073,101070153,252,2872.8
2025-12,1201073,101070154,378,4309.200000000001
2025-12,1201073,101070156,441,5027.4
2025-12,1201073,101070158,189,2154.6000000000004
2025-12,1201073,101070162,819,9336.599999999999
2025-12,1201073,101070165,315,3591.0
2025-12,1201073,101070168,693,7900.2
2025-12,1205002,101002859,540,2586.6
2025-12,1205002,101003133,720,5450.4
2025-12,1205002,101003457,720,3448.8
2025-12,1205002,101070156,216,1982.88
2025-12,1205002,101070158,288,2643.84
2025-12,1205002,101070162,216,1982.88
2025-12,1205005,101002612,300,3312.0
2025-12,1205005,101003241,330,1980.0
2025-12,1205005,101004224,576,8663.04
2025-12,1205005,101004257,288,2730.24
2025-12,1205005,101005690,96,1059.84
2025-12,1205005,101070156,630,7257.6
2025-12,1205005,101070158,315,3628.8
2025-12,1205005,101070162,1008,11612.16
2025-12,1205005,101070168,630,7257.6
2025-12,1205009,101002612,150,1638.0
2025-12,1205009,101002715,160,1488.0
2025-12,1205009,101003015,144,2332.8
2025-12,1205009,101003241,180,928.8
2025-12,1205009,101003359,180,1058.4
2025-12,1205009,101004224,192,2472.96
2025-12,1205009,101004257,96,771.84
2025-12,1205009,101004261,162,4199.04
2025-12,1205013,101002715,360,3492.0
2025-12,1205013,101003241,360,2246.4
2025-12,1205013,101003347,216,3352.32
2025-12,1205013,101004224,1080,16761.6
2025-12,1205013,101004261,324,8657.28
2025-12,1205013,101070156,288,3525.12
2025-12,1205013,101070158,144,1762.56
2025-12,1205013,101070162,1440,12337.92
2025-12,1205013,101070165,864,10575.36
2025-12,1205013,101070168,144,1762.56
2025-12,1205019,101070162,144,1483.2
2025-12,1205021,101002859,720,4543.2
2025-12,1205021,101004174,2160,13629.6
2025-12,1205026,101002715,3240,27216.0
2025-12,1205026,101002717,11520,96768.0
2025-12,1205026,101003241,29520,166492.8
2025-12,1205026,101070108,20520,172368.0
2025-12,1205026,101070152,25344,132295.68
2025-12,1205026,101070155,9216,45895.68
2025-12,1205026,101070157,24768,129288.95999999999
2025-12,1205026,101070161,8928,44461.44
2025-12,1205033,101002402,20,229.6
2025-12,1205033,101003347,40,564.4
2025-12,1205033,101004141,50,777.5
2025-12,1205033,101004229,20,483.8
2025-12,1205033,101004230,66,1596.54
2025-12,1205033,101004257,48,444.96
2025-12,1205033,101004261,72,1741.68
2025-12,1205033,101070040,39,357.24
2025-12,1205033,101070153,25,287.0
2025-12,1205033,101070156,55,631.4
2025-12,1205033,101070158,30,344.4
2025-12,1205033,101070162,15,172.2
2025-12,1205033,101070165,40,459.2
2025-12,1205034,101002715,480,4464.0
2025-12,1205034,101002716,144,1468.8
2025-12,1205034,101003241,495,2910.6
2025-12,1205034,101003359,165,970.2
2025-12,1205034,101004224,288,4285.44
2025-12,1205034,101004233,288,3110.4
2025-12,1205034,101004257,384,3548.16
2025-12,1205034,101005690,192,2073.6
2025-12,1205034,101070156,126,1421.28
2025-12,1205034,101070158,126,1421.28
2025-12,1205034,101070162,126,1421.28
2025-12,1205034,101070168,252,2842.56
2025-12,1205046,101003015,144,1937.2
2025-12,1205046,101003347,3132,48608.64
2025-12,1205046,101004141,1620,27993.600000000002
2025-12,1205046,101004230,81,1747.2
2025-12,1205046,101004245,648,10056.96
2025-12,1205046,101005690,384,4446.72
2025-12,1205046,101070075,96,838.66
2025-12,1205046,101070076,81,1119.74
2025-12,1205046,101070079,360,1814.4
2025-12,1205046,101070110,1620,34836.48
2025-12,1205046,101070112,2430,52254.72
2025-12,1205046,101070115,216,2684.96
2025-12,1205046,101070116,216,2684.96
2025-12,1205046,101070117,216,2684.96
2025-12,1205046,101070118,216,2684.96
2025-12,1205046,101070153,288,2966.4
2025-12,1205046,101070156,144,1483.2
2025-12,1205046,101070158,144,1483.2
2025-12,1205046,101070162,1872,19281.6
2025-12,1205046,101070165,1584,16315.2
2025-12,1205046,101070168,2016,20764.800000000003
2025-12,1205047,101070156,378,3893.4
2025-12,1205047,101070162,378,3893.4
2025-12,1205047,101070165,378,3893.4
2025-12,1205047,101070168,378,3893.4
2025-12,1205048,101070154,216,2488.32
2025-12,1205048,101070158,108,1244.16
2025-12,1205048,101070162,216,2488.32
2025-12,1205048,101070165,108,1244.16
2025-12,1205048,101070168,108,1244.16
2025-12,1205051,101002188,288,3024.0
2025-12,1205051,101002402,288,3024.0
2025-12,1205051,101002612,600,5790.0
2025-12,1205051,101002859,360,1908.0
2025-12,1205051,101003241,2880,15264.0
2025-12,1205051,101003346,216,3386.88
2025-12,1205051,101003347,216,3386.88
2025-12,1205051,101004141,324,5650.56
2025-12,1205051,101004224,2160,30795.519999999997
2025-12,1205051,101004229,162,3515.2
2025-12,1205051,101004230,162,3515.2
2025-12,1205051,101004261,810,17521.92
2025-12,1205051,101070153,288,3024.0
2025-12,1205051,101070154,288,3024.0
2025-12,1205051,101070156,720,7560.0
2025-12,1205051,101070158,720,7560.0
2025-12,1205051,101070162,1584,16632.0
2025-12,1205051,101070165,432,4536.0
2025-12,1205051,101070168,3600,37800.0
2025-12,1205053,101002715,10800,86400.0
2025-12,1205053,101003241,28800,138240.0
2025-12,1205053,101070108,2304,18432.0
2025-12,1205053,101070109,1080,5184.0
2025-12,1205057,101002715,160,1488.0
2025-12,1205057,101070153,63,710.64
2025-12,1205057,101070154,63,710.64
2025-12,1205057,101070162,252,2842.56
2025-12,1205057,101070165,0,-4003.65
2025-12,1205057,101070168,126,1421.28
2025-12,1205067,101004224,20,184.0
2025-12,1205071,101070119,2250,13995.0
2025-12,C5800,101002161,6087,53436.56
2025-12,C5800,101002613,7418,63002.56
2025-12,C5800,101003028,8479,38918.61
2025-12,C5800,101003118,3600,16524.0
2025-12,C5800,101003119,6603,30307.77
2025-12,C5800,101003122,6480,29743.2
2025-12,C5800,101003207,23305,168933.27999999997
2025-12,C5800,101003236,40578,186253.02000000002
2025-12,C5800,101003242,34920,160282.8
2025-12,C5800,101003449,1993,9147.87
2025-12,C5800,101003941,9472,123408.8
2025-12,C5800,101004148,78528,657876.18
2025-12,C5800,101004226,25602,533596.88
2025-12,C5800,101004246,1111,12896.04
2025-12,C5800,101004262,20489,237828.13
2025-12,C5800,101070113,30456,353521.05
2025-12,C5800,101070114,10880,141753.35
2025-12,C5800,101070173,13975,122683.73
2025-12,C5800,101070175,13015,114256.1
2025-12,C5800,101070176,28404,249353.03999999998
2025-12,C5800,101070179,15514,136194.32
2025-12,NCASH510,101002402,2,18.0
2025-12,NCASH510,101002859,10,47.0
2025-12,NCASH510,101003347,4,47.6
2025-12,NCASH510,101004224,4,47.6
2025-12,NCASH510,101004233,1,8.6
2025-12,NCASH510,101004245,3,35.7
2025-12,NCASH510,101070153,2,18.0
2025-12,NCASH510,101070154,2,18.0
2025-12,NCASH510,101070156,4,36.0
2025-12,NCASH510,101070158,1,9.0
2025-12,NCASH510,101070162,5,45.0
2025-12,NCASH510,101070165,1,9.0
2025-12,NCASH510,101070168,1,9.0
2026-01,1200002,101003347,216,3248.64
2026-01,1200002,101070134,6264,70657.92
2026-01,1200006,101002715,360,3420.0
2026-01,1200006,101002717,360,3420.0
2026-01,1200006,101003241,2160,13089.6
2026-01,1200006,101003359,720,4363.2
2026-01,1200006,101004183,360,2181.6
2026-01,1200006,101004224,432,6566.4
2026-01,1200006,101004261,648,17003.52
2026-01,1200006,101070135,162,4250.88
2026-01,1200006,101070153,288,3352.32
2026-01,1200006,101070154,288,3352.32
2026-01,1200006,101070156,288,3352.32
2026-01,1200006,101070158,288,3352.32
2026-01,1200006,101070168,576,6704.64
2026-01,1200007,101002716,162,1668.6
2026-01,1200007,101003241,720,4276.8
2026-01,1200007,101003347,108,1624.32
2026-01,1200007,101003359,360,2138.4
2026-01,1200007,101004183,180,1069.2
2026-01,1200007,101004224,432,6497.28
2026-01,1200007,101004257,192,1797.12
2026-01,1200007,101004261,162,4224.96
2026-01,1200007,101070154,72,820.8
2026-01,1200007,101070162,288,3283.2
2026-01,1200007,101070165,288,3283.2
2026-01,1200007,101070168,144,1641.6
2026-01,1200008,101070162,2736,30862.08
2026-01,1200008,101070165,1296,14618.88
2026-01,1200008,101070168,288,3248.64
2026-01,1200010,101002612,600,6462.0
2026-01,1200010,101002715,540,4816.8
2026-01,1200010,101002716,486,4777.38
2026-01,1200010,101002859,360,2127.6
2026-01,1200010,101003241,1440,8510.4
2026-01,1200010,101003346,216,3082.32
2026-01,1200010,101003347,432,6164.64
2026-01,1200010,101003359,540,3191.3999999999996
2026-01,1200010,101003360,540,3191.3999999999996
2026-01,1200010,101004141,324,5141.88
2026-01,1200010,101004183,360,2127.6
2026-01,1200010,101004224,864,12329.279999999999
2026-01,1200010,101004230,243,5980.2300000000005
2026-01,1200010,101004233,384,4200.96
2026-01,1200010,101004245,108,1541.16
2026-01,1200010,101004261,972,23920.920000000002
2026-01,1200010,101005690,480,5251.2
2026-01,1200010,101070017,384,4200.96
2026-01,1200010,101070040,119,1109.08
2026-01,1200010,101070135,162,4074.3
2026-01,1200010,101070156,216,2531.52
2026-01,1200010,101070158,144,1687.68
2026-01,1200010,101070162,216,2531.52
2026-01,1200010,101070165,216,2531.52
2026-01,1200010,101070168,576,6750.72
2026-01,1200015,101002381,150,2145.0
2026-01,1200015,101003347,216,3214.08
2026-01,1200015,101004141,162,2643.84
2026-01,1200015,101004230,162,3499.2
2026-01,1200015,101070105,3024,33747.84
2026-01,1200015,101070118,216,2574.24
2026-01,1200015,101070162,1872,17942.4
2026-01,1200015,101070165,1440,13536.0
2026-01,1200015,101070168,1872,17942.4
2026-01,1200016,101002381,300,4290.0
2026-01,1200016,101002612,600,5460.0
2026-01,1200016,101002715,1800,17172.0
2026-01,1200016,101002716,324,3304.8
2026-01,1200016,101002717,360,3348.0
2026-01,1200016,101002859,360,1764.0
2026-01,1200016,101003241,1980,9702.0
2026-01,1200016,101003346,324,4821.12
2026-01,1200016,101003347,432,6428.16
2026-01,1200016,101003360,360,2116.8
2026-01,1200016,101004174,360,2116.8
2026-01,1200016,101004229,324,6998.4
2026-01,1200016,101004230,324,6998.4
2026-01,1200016,101004233,192,2073.6
2026-01,1200016,101004245,108,1607.04
2026-01,1200016,101004257,192,1774.08
2026-01,1200016,101005690,192,2073.6
2026-01,1200016,101070017,192,2073.6
2026-01,1200016,101070115,108,1294.56
2026-01,1200016,101070116,108,1294.56
2026-01,1200016,101070117,216,2574.24
2026-01,1200016,101070118,216,2574.24
2026-01,1200016,101070134,1620,18079.2
2026-01,1200016,101070135,243,5184.0
2026-01,1200016,101070158,144,1353.6
2026-01,1200016,101070162,432,4060.8
2026-01,1200016,101070168,864,8121.6
2026-01,1200017,101002402,72,698.4
2026-01,1200017,101002612,900,8325.0
2026-01,1200017,101002859,720,3636.0
2026-01,1200017,101003241,1800,10908.0
2026-01,1200017,101003346,216,3283.2
2026-01,1200017,101003347,432,6566.4
2026-01,1200017,101003359,720,3999.6
2026-01,1200017,101004141,972,16174.08
2026-01,1200017,101004174,360,1818.0
2026-01,1200017,101004224,98,0.0
2026-01,1200017,101004230,486,10207.36
2026-01,1200017,101004245,216,3283.2
2026-01,1200017,101070105,982,14926.4
2026-01,1200017,101070134,1296,14774.4
2026-01,1200017,101070135,324,7084.8
2026-01,1200017,101070156,72,698.4
2026-01,1200017,101070165,288,3352.32
2026-01,1200017,101070168,720,7822.08
2026-01,1200018,101002381,750,10837.5
2026-01,1200018,101002402,144,1641.6
2026-01,1200018,101002612,900,9882.0
2026-01,1200018,101002715,360,3384.0
2026-01,1200018,101002716,324,3337.2
2026-01,1200018,101002717,360,3384.0
2026-01,1200018,101002859,360,2138.4
2026-01,1200018,101003015,288,4694.4
2026-01,1200018,101003241,3240,19245.6
2026-01,1200018,101003346,216,3248.64
2026-01,1200018,101003347,432,6497.28
2026-01,1200018,101003359,1080,6415.2
2026-01,1200018,101003360,360,2138.4
2026-01,1200018,101004141,1134,18688.32
2026-01,1200018,101004174,360,2138.4
2026-01,1200018,101004183,360,1782.0
2026-01,1200018,101004224,216,2947.84
2026-01,1200018,101004229,162,3520.8
2026-01,1200018,101004230,162,3520.8
2026-01,1200018,101004233,768,8386.56
2026-01,1200018,101004257,192,1797.12
2026-01,1200018,101070060,238,1664.7
2026-01,1200018,101070134,20088,226592.63999999998
2026-01,1200018,101070135,648,14083.2
2026-01,1200018,101070153,288,3283.2
2026-01,1200018,101070154,144,1641.6
2026-01,1200018,101070156,144,1641.6
2026-01,1200018,101070158,288,2736.0
2026-01,1200018,101070162,2448,25171.2
2026-01,1200018,101070165,1008,10944.0
2026-01,1200018,101070168,1008,11491.2
2026-01,1200019,101002612,600,5700.0
2026-01,1200019,101002859,360,1872.0
2026-01,1200019,101003241,720,3744.0
2026-01,1200019,101070162,2736,27907.2
2026-01,1200019,101070165,864,8812.8
2026-01,1200027,101002188,432,4121.28
2026-01,1200027,101002402,216,2060.64
2026-01,1200027,101002715,240,1872.0
2026-01,1200027,101002859,300,1518.0
2026-01,1200027,101004233,320,2912.0
2026-01,1200027,101070153,216,2060.64
2026-01,1200027,101070154,216,2060.64
2026-01,1200027,101070156,324,3090.96
2026-01,1200027,101070158,324,3090.96
2026-01,1200027,101070162,432,4121.28
2026-01,1200027,101070165,324,3090.96
2026-01,1200027,101070168,324,3090.96
2026-01,1200029,101002188,144,1624.32
2026-01,1200029,101002402,288,3248.64
2026-01,1200029,101002612,150,1638.0
2026-01,1200029,101003241,3420,20109.6
2026-01,1200029,101003346,108,1607.04
2026-01,1200029,101003347,216,3214.08
2026-01,1200029,101003359,360,2116.8
2026-01,1200029,101003360,360,2116.8
2026-01,1200029,101004141,162,2643.84
2026-01,1200029,101004224,324,3615.84
2026-01,1200029,101004257,96,887.04
2026-01,1200029,101070017,192,2073.6
2026-01,1200029,101070134,216,2410.56
2026-01,1200029,101070153,360,4060.8
2026-01,1200029,101070154,72,812.16
2026-01,1200029,101070156,216,2436.48
2026-01,1200029,101070158,144,1624.32
2026-01,1200029,101070162,432,4872.96
2026-01,1200029,101070165,1368,15431.04
2026-01,1200029,101070168,1224,13806.720000000001
2026-01,1200031,101002381,450,7065.0
2026-01,1200031,101002612,600,6912.0
2026-01,1200031,101002715,720,6984.0
2026-01,1200031,101002716,648,6933.6
2026-01,1200031,101002859,720,4557.6
2026-01,1200031,101003015,288,4809.6
2026-01,1200031,101003241,720,4579.2
2026-01,1200031,101003347,432,6739.200000000001
2026-01,1200031,101003360,360,2289.6
2026-01,1200031,101004141,648,11249.28
2026-01,1200031,101004174,360,2289.6
2026-01,1200031,101004229,243,5489.12
2026-01,1200031,101004230,324,7279.200000000001
2026-01,1200031,101004233,768,8962.560000000001
2026-01,1200031,101004245,216,3386.88
2026-01,1200031,101004261,810,18208.800000000003
2026-01,1200031,101005690,192,2223.36
2026-01,1200031,101070017,192,2257.92
2026-01,1200031,101070060,238,1793.58
2026-01,1200031,101070076,162,2825.28
2026-01,1200031,101070134,1296,15240.96
2026-01,1200031,101070135,324,7279.200000000001
2026-01,1200031,101070156,144,1779.84
2026-01,1200031,101070162,720,8933.76
2026-01,1200031,101070165,432,5339.52
2026-01,1200031,101070168,144,1779.84
2026-01,1200032,101002188,144,1814.4
2026-01,1200032,101002612,600,5905.8
2026-01,1200032,101002859,720,3892.32
2026-01,1200032,101003241,720,3892.32
2026-01,1200032,101003346,108,1490.23
2026-01,1200032,101003347,216,2980.45
2026-01,1200032,101003359,180,973.08
2026-01,1200032,101003360,540,2919.24
2026-01,1200032,101004141,243,3729.37
2026-01,1200032,101004174,360,1946.16
2026-01,1200032,101004183,360,1946.16
2026-01,1200032,101004224,1296,17882.73
2026-01,1200032,101004229,162,3854.82
2026-01,1200032,101004230,324,7709.64
2026-01,1200032,101004233,288,3386.88
2026-01,1200032,101004245,108,1490.23
2026-01,1200032,101004257,960,9792.0
2026-01,1200032,101004261,324,7709.64
2026-01,1200032,101005690,384,4515.84
2026-01,1200032,101070017,288,3386.88
2026-01,1200032,101070075,96,852.48
2026-01,1200032,101070076,162,2260.22
2026-01,1200032,101070079,180,915.84
2026-01,1200032,101070153,144,1814.4
2026-01,1200032,101070154,288,3628.8
2026-01,1200032,101070156,504,6350.4
2026-01,1200032,101070158,288,3628.8
2026-01,1200032,101070162,360,4536.0
2026-01,1200032,101070165,432,5443.2
2026-01,1200032,101070168,360,4536.0
2026-01,1200035,101002188,288,3456.0
2026-01,1200035,101002381,900,14617.5
2026-01,1200035,101002402,288,3628.8
2026-01,1200035,101002612,1800,20664.0
2026-01,1200035,101002715,7200,69923.0
2026-01,1200035,101002716,648,6998.4
2026-01,1200035,101002717,360,3528.0
2026-01,1200035,101002859,1800,11296.8
2026-01,1200035,101003015,576,9676.8
2026-01,1200035,101003241,3600,21600.0
2026-01,1200035,101003346,1296,20183.04
2026-01,1200035,101003347,2376,37255.68
2026-01,1200035,101003359,1080,6868.799999999999
2026-01,1200035,101003360,1800,11296.8
2026-01,1200035,101004141,3564,62000.64
2026-01,1200035,101004174,1080,6868.799999999999
2026-01,1200035,101004183,720,4579.2
2026-01,1200035,101004224,7560,99121.92
2026-01,1200035,101004229,648,16061.759999999998
2026-01,1200035,101004230,1134,26883.36
2026-01,1200035,101004233,1344,15644.16
2026-01,1200035,101004245,432,6773.76
2026-01,1200035,101004257,1344,13708.8
2026-01,1200035,101004261,3078,72878.4
2026-01,1200035,101070017,192,2096.64
2026-01,1200035,101070060,714,5370.719999999999
2026-01,1200035,101070079,360,1831.68
2026-01,1200035,101070134,9072,104716.8
2026-01,1200035,101070135,486,10821.6
2026-01,1200035,101070153,576,7257.6
2026-01,1200035,101070154,720,9072.0
2026-01,1200035,101070156,1440,17971.2
2026-01,1200035,101070158,432,5270.4
2026-01,1200035,101070162,3456,41990.4
2026-01,1200035,101070165,1008,11491.2
2026-01,1200035,101070168,2448,29419.2
2026-01,1200036,101002188,72,907.2
2026-01,1200036,101002402,72,907.2
2026-01,1200036,101002612,300,3474.0
2026-01,1200036,101002715,900,8820.0
2026-01,1200036,101002859,360,2289.6
2026-01,1200036,101003015,288,4838.4
2026-01,1200036,101003241,360,2289.6
2026-01,1200036,101003346,108,1693.44
2026-01,1200036,101003347,108,1693.44
2026-01,1200036,101003359,180,1144.8
2026-01,1200036,101003360,180,1144.8
2026-01,1200036,101004141,81,1412.64
2026-01,1200036,101004229,81,2190.24
2026-01,1200036,101004230,81,2190.24
2026-01,1200036,101004233,384,4515.84
2026-01,1200036,101004257,192,1958.4
2026-01,1200036,101004261,324,8760.96
2026-01,1200036,101070134,1296,20321.28
2026-01,1200036,101070153,72,907.2
2026-01,1200036,101070154,72,907.2
2026-01,1200036,101070156,72,907.2
2026-01,1200036,101070158,72,907.2
2026-01,1200036,101070162,144,1814.4
2026-01,1200036,101070165,144,1814.4
2026-01,1200036,101070168,288,3628.8
2026-01,1200037,101004224,72,838.08
2026-01,1200037,101070162,288,3559.68
2026-01,1200039,101002402,72,907.2
2026-01,1200039,101002612,300,3474.0
2026-01,1200039,101002715,1800,17640.0
2026-01,1200039,101003241,1260,8013.6
2026-01,1200039,101003359,360,2289.6
2026-01,1200039,101004224,1944,22861.44
2026-01,1200039,101004229,81,1838.72
2026-01,1200039,101004230,162,3677.44
2026-01,1200039,101004261,486,10951.2
2026-01,1200039,101070134,10476,123197.76000000001
2026-01,1200039,101070135,243,5489.12
2026-01,1200039,101070153,144,1814.4
2026-01,1200039,101070156,144,1814.4
2026-01,1200039,101070158,144,1814.4
2026-01,1200047,101002188,144,1641.6
2026-01,1200047,101004224,60,902.4
2026-01,1200047,101070156,288,3283.2
2026-01,1200047,101070158,288,3283.2
2026-01,1200047,101070162,792,9028.8
2026-01,1200047,101070168,432,4924.8
2026-01,1200055,101002402,144,1814.4
2026-01,1200055,101002715,3960,38808.0
2026-01,1200055,101002859,360,2289.6
2026-01,1200055,101003241,360,2289.6
2026-01,1200055,101003346,216,3386.88
2026-01,1200055,101003347,648,10160.64
2026-01,1200055,101004141,486,8475.84
2026-01,1200055,101004230,324,7300.8
2026-01,1200055,101004233,192,2257.92
2026-01,1200055,101004261,11545,260151.84
2026-01,1200055,101070105,21600,254016.0
2026-01,1200055,101070112,605,13628.16
2026-01,1200055,101070115,216,2712.64
2026-01,1200055,101070116,216,2712.64
2026-01,1200055,101070117,216,2712.64
2026-01,1200055,101070118,216,2712.64
2026-01,1200055,101070134,25920,304819.2
2026-01,1200055,101070135,162,3650.4
2026-01,1200055,101070158,144,1814.4
2026-01,1200055,101070165,288,3628.8
2026-01,1200056,101002188,504,6804.0
2026-01,1200056,101002402,126,1738.8
2026-01,1200056,101002715,5280,53504.0
2026-01,1200056,101002859,330,2277.0
2026-01,1200056,101003241,1980,13216.5
2026-01,1200056,101003359,165,1138.5
2026-01,1200056,101004174,330,2187.9
2026-01,1200056,101004183,330,2187.9
2026-01,1200056,101004233,192,2350.08
2026-01,1200056,101004257,1344,14630.4
2026-01,1200056,101070153,441,5934.599999999999
2026-01,1200056,101070154,1323,17803.800000000003
2026-01,1200056,101070156,1449,19845.0
2026-01,1200056,101070158,189,2532.6
2026-01,1200056,101070162,1008,13532.4
2026-01,1200056,101070165,945,12738.6
2026-01,1200056,101070168,3717,50160.6
2026-01,1200064,101002715,160,1568.0
2026-01,1200064,101070153,144,1797.12
2026-01,1200064,101070154,144,1797.12
2026-01,1200064,101070156,288,3594.24
2026-01,1200064,101070158,144,1797.12
2026-01,1200064,101070162,144,1797.12
2026-01,1200064,101070168,432,5391.36
2026-01,1200067,101002188,36,449.28
2026-01,1200067,101002381,75,1211.25
2026-01,1200067,101002402,36,449.28
2026-01,1200067,101002612,450,5184.0
2026-01,1200067,101002716,729,7800.3
2026-01,1200067,101002717,360,3528.0
2026-01,1200067,101002859,360,2289.6
2026-01,1200067,101003241,1080,6868.8
2026-01,1200067,101003346,216,3386.88
2026-01,1200067,101003347,216,3386.88
2026-01,1200067,101003359,720,4579.2
2026-01,1200067,101003360,720,4579.2
2026-01,1200067,101004141,648,11197.44
2026-01,1200067,101004174,90,572.4
2026-01,1200067,101004183,360,2289.6
2026-01,1200067,101004224,1728,20113.92
2026-01,1200067,101004229,144,3252.48
2026-01,1200067,101004230,243,5456.64
2026-01,1200067,101004233,96,1117.44
2026-01,1200067,101004245,324,5080.32
2026-01,1200067,101004257,192,1935.36
2026-01,1200067,101004261,486,10886.400000000001
2026-01,1200067,101005690,96,1117.44
2026-01,1200067,101070017,48,558.72
2026-01,1200067,101070040,119,896.4
2026-01,1200067,101070075,192,2108.16
2026-01,1200067,101070135,162,3628.8
2026-01,1200067,101070156,144,1797.12
2026-01,1200067,101070158,36,449.28
2026-01,1200067,101070162,576,7188.48
2026-01,1200067,101070165,432,5391.36
2026-01,1200067,101070168,576,7188.48
2026-01,1200077,101001911,150,2472.0
2026-01,1200077,101003648,2992,44790.24
2026-01,1200077,101004125,7740,125155.8
2026-01,1200077,101004196,7680,83020.8
2026-01,1200077,101070127,84160,706102.4
2026-01,1200077,101070156,2898,32805.36
2026-01,1200077,101070163,96795,1586470.05
2026-01,1200077,101070166,6750,110632.5
2026-01,1200095,101002381,525,8242.5
2026-01,1200095,101002612,4950,56727.0
2026-01,1200095,101002859,3300,20988.0
2026-01,1200095,101003241,7920,50371.2
2026-01,1200095,101003346,2016,29131.2
2026-01,1200095,101003347,768,11097.6
2026-01,1200095,101004174,2970,18889.2
2026-01,1200095,101004229,360,9676.8
2026-01,1200095,101004230,2232,59996.159999999996
2026-01,1200095,101004233,5376,62254.08
2026-01,1200095,101004245,576,8426.880000000001
2026-01,1200095,101004257,6624,66372.48
2026-01,1200095,101004261,3888,100427.04
2026-01,1200095,101005690,4224,48913.92
2026-01,1200095,101070105,9984,144268.8
2026-01,1200095,101070109,5115,32531.4
2026-01,1200095,101070110,576,14878.08
2026-01,1200095,101070112,2664,68811.12
2026-01,1200095,101070135,1584,40914.72
2026-01,1200095,101070156,1638,18607.68
2026-01,1200095,101070162,2583,29342.879999999997
2026-01,1200095,101070168,4095,46519.2
2026-01,1200100,101001911,19875,273959.57
2026-01,1200100,101004098,25440,265278.17
2026-01,1200100,101070106,91080,1379306.42
2026-01,1200100,101070163,14265,238027.9
2026-01,1200100,101070166,12510,208743.72999999998
2026-01,1200113,101002381,1425,21086.25
2026-01,1200113,101002612,1950,21618.0
2026-01,1200113,101002715,2240,20416.0
2026-01,1200113,101002717,160,1520.0
2026-01,1200113,101003241,1320,7999.2
2026-01,1200113,101003347,1056,15959.04
2026-01,1200113,101004224,2856,43276.8
2026-01,1200113,101004233,3648,40406.4
2026-01,1200113,101004257,1728,16848.0
2026-01,1200113,101004261,4104,107861.76
2026-01,1200113,101070105,2088,31526.4
2026-01,1200113,101070112,144,3778.56
2026-01,1200113,101070156,2205,24532.2
2026-01,1200113,101070158,882,9759.960000000001
2026-01,1200113,101070162,3465,38586.240000000005
2026-01,1200113,101070165,1638,18121.32
2026-01,1200113,101070168,2772,31525.2
2026-01,1200119,101002612,600,5550.0
2026-01,1200119,101003346,216,3283.2
2026-01,1200119,101004224,432,5973.6
2026-01,1200119,101004230,162,3411.2
2026-01,1200119,101004261,324,6796.16
2026-01,1200119,101070154,144,1676.16
2026-01,1200119,101070156,144,1676.16
2026-01,1200119,101070158,144,1676.16
2026-01,1200119,101070162,1152,13409.28
2026-01,1200119,101070165,576,6704.64
2026-01,1200119,101070168,1008,11733.12
2026-01,1200140,101002381,150,2392.5
2026-01,1200140,101002715,360,3492.0
2026-01,1200140,101003346,216,3352.32
2026-01,1200140,101003359,360,2246.4
2026-01,1200140,101004141,648,11093.76
2026-01,1200140,101004174,360,2246.4
2026-01,1200140,101004230,648,14428.8
2026-01,1200140,101004245,216,3352.32
2026-01,1200140,101004261,1782,39679.2
2026-01,1200140,101070040,238,1740.84
2026-01,1200140,101070105,4536,52799.04
2026-01,1200140,101070134,3024,35199.36
2026-01,1200140,101070168,144,1762.56
2026-01,1200148,101002381,75,1207.5
2026-01,1200148,101002859,1440,9072.0
2026-01,1200148,101003241,2880,18144.0
2026-01,1200148,101003347,864,13409.28
2026-01,1200148,101003359,360,2268.0
2026-01,1200148,101003360,3600,22680.0
2026-01,1200148,101004141,2916,50388.479999999996
2026-01,1200148,101004224,3672,56989.44
2026-01,1200148,101004245,648,10056.96
2026-01,1200148,101004257,192,1923.84
2026-01,1200148,101005690,192,2223.36
2026-01,1200148,101070060,238,1772.1
2026-01,1200148,101070109,360,2268.0
2026-01,1200148,101070158,72,889.92
2026-01,1200148,101070162,1008,12458.88
2026-01,1200148,101070168,864,10679.04
2026-01,1200153,101002381,300,4785.0
2026-01,1200153,101004229,2232,58188.24
2026-01,1200153,101004230,1584,41294.88
2026-01,1200153,101005690,288,3317.76
2026-01,1200153,101070017,960,11059.2
2026-01,1200153,101070040,238,2327.64
2026-01,1200153,101070153,693,8419.95
2026-01,1200153,101070156,126,1530.9
2026-01,1200153,101070162,1260,15309.0
2026-01,1200153,101070165,630,7654.5
2026-01,1200153,101070168,126,1530.9
2026-01,1200160,101002612,300,3120.0
2026-01,1200160,101002859,1320,7487.7
2026-01,1200160,101003347,1536,21964.800000000003
2026-01,1200160,101004174,660,3788.4
2026-01,1200160,101004224,768,10905.6
2026-01,1200160,101004261,1296,31726.08
2026-01,1200160,101070156,1071,11420.640000000001
2026-01,1200160,101070162,882,9560.88
2026-01,1200160,101070168,2079,21704.76
2026-01,1200173,101002612,150,1647.0
2026-01,1200173,101003346,96,1443.84
2026-01,1200173,101003347,480,7219.2
2026-01,1200173,101004224,672,10106.880000000001
2026-01,1200173,101004230,72,1877.76
2026-01,1200173,101004233,288,3144.96
2026-01,1200173,101004261,216,5633.28
2026-01,1200173,101005690,288,3144.96
2026-01,1200173,101070156,315,3591.0
2026-01,1200173,101070158,378,4309.2
2026-01,1200173,101070162,567,6463.8
2026-01,1200173,101070165,252,2872.8
2026-01,1200173,101070168,504,5745.6
2026-01,1200180,101002188,288,3369.6
2026-01,1200180,101002402,288,3369.6
2026-01,1200180,101002715,360,3294.0
2026-01,1200180,101070153,288,3369.6
2026-01,1200180,101070154,288,3369.6
2026-01,1200180,101070156,288,3369.6
2026-01,1200180,101070158,288,3369.6
2026-01,1200180,101070162,576,6739.2
2026-01,1200180,101070165,288,3369.6
2026-01,1200180,101070168,1584,18532.8
2026-01,1200187,101002381,300,4710.0
2026-01,1200187,101002402,144,1779.84
2026-01,1200187,101003241,720,4536.0
2026-01,1200187,101003346,216,3352.32
2026-01,1200187,101003347,216,3352.32
2026-01,1200187,101004141,162,2799.36
2026-01,1200187,101004230,162,3628.8
2026-01,1200187,101004261,324,7257.6
2026-01,1200187,101070105,3024,35199.36
2026-01,1200187,101070115,216,2684.96
2026-01,1200187,101070116,216,2684.96
2026-01,1200187,101070117,216,2684.96
2026-01,1200187,101070118,216,2684.96
2026-01,1200187,101070153,288,3559.68
2026-01,1200187,101070156,288,3559.68
2026-01,1200187,101070158,144,1779.84
2026-01,1200187,101070162,1296,16018.56
2026-01,1200187,101070165,432,5339.52
2026-01,1200187,101070168,1296,16018.560000000001
2026-01,1200188,101002381,525,7586.25
2026-01,1200188,101002612,600,6588.0
2026-01,1200188,101004224,1440,21657.6
2026-01,1200188,101004230,360,9388.8
2026-01,1200188,101004233,848,9260.16
2026-01,1200188,101004257,288,2695.68
2026-01,1200188,101004261,576,15022.079999999998
2026-01,1200188,101005690,384,4193.28
2026-01,1200188,101070135,144,3755.52
2026-01,1200188,101070156,567,6463.8
2026-01,1200188,101070158,693,7900.2
2026-01,1200188,101070162,1575,17955.0
2026-01,1200188,101070165,63,718.2
2026-01,1200197,101002715,8000,74523.2
2026-01,1200197,101002717,320,2979.2
2026-01,1200197,101003015,5888,94443.51999999999
2026-01,1200197,101003241,660,3920.4
2026-01,1200197,101004224,4224,61923.840000000004
2026-01,1200197,101004230,216,5551.92
2026-01,1200197,101004257,288,2661.12
2026-01,1200197,101004261,1944,49124.880000000005
2026-01,1200197,101070017,192,2073.6
2026-01,1200197,101070135,2592,67184.64
2026-01,1200197,101070153,63,642.6
2026-01,1200197,101070154,630,6947.64
2026-01,1200197,101070156,3969,43052.31
2026-01,1200197,101070158,693,7459.83
2026-01,1200197,101070162,7812,84836.43
2026-01,1200197,101070165,7938,87391.71
2026-01,1200197,101070168,3150,34029.45
2026-01,1200200,101002379,13736,270374.4
2026-01,1200200,101002612,2360,27743.030000000002
2026-01,1200200,101002859,2880,20534.4
2026-01,1200200,101003241,4140,29518.2
2026-01,1200200,101003346,869,13695.44
2026-01,1200200,101003359,631,4499.03
2026-01,1200200,101004174,180,1121.4
2026-01,1200200,101004229,3,84.9
2026-01,1200200,101004230,24,679.2
2026-01,1200200,101004245,6,94.56
2026-01,1200200,101004261,1470,45717.0
2026-01,1200200,101005690,2761,31420.18
2026-01,1200200,101070040,1044,11577.96
2026-01,1200200,101070115,226,4036.3599999999997
2026-01,1200200,101070116,238,4250.68
2026-01,1200200,101070117,182,3250.52
2026-01,1200200,101070118,220,3929.2
2026-01,1200200,101070156,189,2252.88
2026-01,1200200,101070161,1,5.95
2026-01,1200200,101070162,36,429.12
2026-01,1200209,101002612,450,5400.0
2026-01,1200209,101002715,480,4848.0
2026-01,1200209,101003241,660,4435.2
2026-01,1200209,101070153,252,3356.64
2026-01,1200209,101070156,189,2517.48
2026-01,1200209,101070158,252,3356.64
2026-01,1200209,101070162,252,3356.64
2026-01,1200209,101070168,315,4195.8
2026-01,1200236,101002381,150,2167.5
2026-01,1200236,101002612,2400,25803.0
2026-01,1200236,101002715,720,6768.0
2026-01,1200236,101002859,1440,8197.2
2026-01,1200236,101003346,216,3248.64
2026-01,1200236,101003347,864,12994.56
2026-01,1200236,101003359,720,4276.8
2026-01,1200236,101003360,1080,6415.200000000001
2026-01,1200236,101004141,1944,32037.120000000003
2026-01,1200236,101004174,1080,6058.8
2026-01,1200236,101004183,360,2138.4
2026-01,1200236,101004224,3240,48729.6
2026-01,1200236,101004229,162,3520.8
2026-01,1200236,101004230,324,7041.6
2026-01,1200236,101004233,1152,12579.839999999998
2026-01,1200236,101004257,960,8985.599999999999
2026-01,1200236,101004261,1458,31687.2
2026-01,1200236,101005690,384,4193.28
2026-01,1200236,101070017,768,8386.56
2026-01,1200236,101070060,238,1655.4
2026-01,1200236,101070075,192,1969.92
2026-01,1200236,101070076,162,2669.76
2026-01,1200236,101070134,6480,97459.2
2026-01,1200236,101070152,576,3283.2
2026-01,1200236,101070156,144,1641.6
2026-01,1200236,101070161,576,3283.2
2026-01,1200236,101070162,6624,73872.0
2026-01,1200236,101070164,288,1641.6
2026-01,1200236,101070165,576,6566.4
2026-01,1200236,101070167,576,3283.2
2026-01,1200236,101070168,5472,60192.0
2026-01,1200255,101002188,360,3780.0
2026-01,1200255,101002402,144,1512.0
2026-01,1200255,101003347,216,2712.64
2026-01,1200255,101004174,180,954.0
2026-01,1200255,101004224,324,4233.6
2026-01,1200255,101004233,192,1811.04
2026-01,1200255,101004261,323,7003.36
2026-01,1200255,101070153,288,3024.0
2026-01,1200255,101070154,432,4536.0
2026-01,1200255,101070156,720,9072.0
2026-01,1200255,101070158,1008,12700.8
2026-01,1200255,101070162,2232,23436.0
2026-01,1200255,101070165,1440,18144.0
2026-01,1200255,101070168,1152,14515.2
2026-01,1200256,101002715,960,8544.0
2026-01,1200256,101002717,320,2848.0
2026-01,1200256,101002859,495,2880.8999999999996
2026-01,1200256,101003241,2310,13444.2
2026-01,1200256,101004224,2976,42021.12
2026-01,1200256,101070108,640,5696.0
2026-01,1200256,101070161,810,4860.0
2026-01,1200265,101002188,720,9037.44
2026-01,1200265,101002402,144,1814.4
2026-01,1200265,101002715,1080,10584.0
2026-01,1200265,101002717,360,3528.0
2026-01,1200265,101003241,720,4579.2
2026-01,1200265,101004261,162,4380.48
2026-01,1200265,101070153,144,1814.4
2026-01,1200265,101070154,1008,12666.24
2026-01,1200265,101070156,2880,36218.88
2026-01,1200265,101070158,1152,14515.2
2026-01,1200265,101070162,4032,50734.08
2026-01,1200265,101070165,2304,28961.28
2026-01,1200265,101070168,1584,19958.4
2026-01,1200273,101002612,1424,13033.26
2026-01,1200273,101002859,1500,7425.0
2026-01,1200273,101003346,360,5414.4
2026-01,1200273,101004224,1440,19687.36
2026-01,1200273,101004230,90,1877.76
2026-01,1200273,101004233,160,1747.2
2026-01,1200273,101004261,720,15022.08
2026-01,1200273,101070162,2700,25650.0
2026-01,1200273,101070165,648,6156.0
2026-01,1200273,101070168,1620,15390.0
2026-01,1200288,101002402,144,1624.32
2026-01,1200288,101002612,900,9828.0
2026-01,1200288,101003241,360,2116.8
2026-01,1200288,101004257,192,1774.08
2026-01,1200288,101070153,144,1624.32
2026-01,1200288,101070154,576,6497.28
2026-01,1200288,101070156,1584,17867.52
2026-01,1200288,101070158,432,4872.96
2026-01,1200288,101070162,5472,61724.16
2026-01,1200288,101070165,1296,14618.88
2026-01,1200288,101070168,1728,19491.84
2026-01,1200363,101002381,1500,21450.0
2026-01,1200363,101002402,144,1624.32
2026-01,1200363,101002612,2400,26208.0
2026-01,1200363,101002859,1800,10584.0
2026-01,1200363,101003241,360,2116.8
2026-01,1200363,101003346,216,3214.08
2026-01,1200363,101003347,432,6428.16
2026-01,1200363,101004141,405,6609.6
2026-01,1200363,101004174,360,2116.8
2026-01,1200363,101004224,2160,32140.8
2026-01,1200363,101004229,81,2099.52
2026-01,1200363,101004230,3726,96577.92
2026-01,1200363,101004233,3072,33177.6
2026-01,1200363,101004245,54,803.52
2026-01,1200363,101004261,6156,159563.52000000002
2026-01,1200363,101070134,6588,98029.44
2026-01,1200363,101070153,1296,14618.88
2026-01,1200363,101070154,144,1624.32
2026-01,1200363,101070156,144,1624.32
2026-01,1200363,101070158,144,1624.32
2026-01,1200363,101070165,144,1624.32
2026-01,1200363,101070168,1728,19491.84
2026-01,1200400,101002612,142,1368.88
2026-01,1200400,101004257,80,652.8
2026-01,1200400,101070153,108,1096.2
2026-01,1200400,101070154,108,1096.2
2026-01,1200400,101070156,108,1096.2
2026-01,1200400,101070158,108,1096.2
2026-01,1200400,101070162,432,4384.8
2026-01,1200400,101070165,108,1096.2
2026-01,1200400,101070168,432,4384.8
2026-01,1200419,101002188,819,10032.75
2026-01,1200419,101002402,1008,12414.15
2026-01,1200419,101002612,1050,11859.0
2026-01,1200419,101002715,1600,15200.0
2026-01,1200419,101002859,1155,7015.8
2026-01,1200419,101003241,1485,8867.1
2026-01,1200419,101003346,528,8039.04
2026-01,1200419,101003359,660,4115.1
2026-01,1200419,101004141,504,8285.76
2026-01,1200419,101004174,1155,7263.300000000001
2026-01,1200419,101004230,648,17251.920000000002
2026-01,1200419,101004233,672,7254.72
2026-01,1200419,101004261,1008,27076.32
2026-01,1200419,101070017,48,564.48
2026-01,1200419,101070153,1323,16096.5
2026-01,1200419,101070154,2142,26415.9
2026-01,1200419,101070156,1701,20777.4
2026-01,1200419,101070162,1386,16931.25
2026-01,1200419,101070165,1260,15302.7
2026-01,1200441,101002381,150,2145.0
2026-01,1200441,101002402,135,1522.8
2026-01,1200441,101002612,225,2457.0
2026-01,1200441,101002715,360,3348.0
2026-01,1200441,101003241,540,3175.2000000000003
2026-01,1200441,101003347,96,1428.48
2026-01,1200441,101004224,432,6428.16
2026-01,1200441,101004261,486,12597.119999999999
2026-01,1200441,101070153,144,1624.32
2026-01,1200441,101070154,198,2233.44
2026-01,1200441,101070156,144,1624.32
2026-01,1200441,101070162,432,4872.96
2026-01,1200441,101070165,144,1624.32
2026-01,1200441,101070168,288,3248.64
2026-01,1200460,101004261,5832,127526.4
2026-01,1200460,101070105,4320,49248.0
2026-01,1200460,101070115,216,2629.6
2026-01,1200460,101070116,216,2629.6
2026-01,1200460,101070117,216,2629.6
2026-01,1200460,101070118,216,2629.6
2026-01,1200460,101070134,6480,73872.0
2026-01,1200473,101002188,189,2381.4
2026-01,1200473,101002402,189,2381.4
2026-01,1200473,101002715,480,4704.0
2026-01,1200473,101002859,165,1049.4
2026-01,1200473,101003359,165,1049.4
2026-01,1200473,101004174,165,1049.4
2026-01,1200473,101070153,189,2381.4
2026-01,1200473,101070154,441,5556.6
2026-01,1200473,101070156,504,6350.4
2026-01,1200473,101070158,378,4762.8
2026-01,1200473,101070162,504,6350.4
2026-01,1200473,101070165,378,4762.8
2026-01,1200473,101070168,630,7938.0
2026-01,1200505,101002188,72,690.48
2026-01,1200505,101002715,9900,73656.0
2026-01,1200505,101002717,180,1339.2
2026-01,1200505,101003015,3312,42923.520000000004
2026-01,1200505,101003241,720,3600.0
2026-01,1200505,101004224,216,2570.4
2026-01,1200505,101004233,288,2643.84
2026-01,1200505,101070153,72,690.48
2026-01,1200505,101070154,504,4833.360000000001
2026-01,1200505,101070156,432,3896.6400000000003
2026-01,1200505,101070162,5112,46110.24
2026-01,1200505,101070165,2160,19483.2
2026-01,1200505,101070168,1296,11689.92
2026-01,1200514,101002381,2175,30037.5
2026-01,1200514,101002402,3150,31608.36
2026-01,1200514,101003346,2208,29514.24
2026-01,1200514,101004224,6720,89871.36
2026-01,1200514,101004233,4512,40729.92
2026-01,1200514,101004257,3264,26248.32
2026-01,1200514,101070153,2457,24522.12
2026-01,1200514,101070156,4095,40914.72
2026-01,1200514,101070162,8001,80501.4
2026-01,1200514,101070165,4032,40942.44
2026-01,1200514,101070168,4473,44425.08
2026-01,1200518,101002622,9680,141777.15
2026-01,1200518,101004098,46464,479422.54000000004
2026-01,1200518,101070106,61072,917576.27
2026-01,1200521,101002715,480,3686.4
2026-01,1200521,101003360,495,2447.28
2026-01,1200521,101070153,63,572.67
2026-01,1200521,101070154,63,572.67
2026-01,1200521,101070156,945,8590.05
2026-01,1200521,101070163,630,7215.07
2026-01,1200521,101070166,585,6699.71
2026-01,1200548,101004174,7095,45124.200000000004
2026-01,1200548,101004196,3648,38340.48
2026-01,1200548,101004224,14016,216266.88
2026-01,1200548,101070105,3168,48882.24
2026-01,1200548,101070134,11712,180716.16
2026-01,1200548,101070156,9576,106963.92
2026-01,1200548,101070162,15246,170297.82
2026-01,1200610,101002188,63,707.09
2026-01,1200610,101002402,63,707.09
2026-01,1200610,101002715,160,1480.56
2026-01,1200610,101003241,165,965.35
2026-01,1200610,101070153,63,707.09
2026-01,1200610,101070154,63,707.09
2026-01,1200610,101070156,378,4242.52
2026-01,1200610,101070165,315,3535.44
2026-01,1200610,101070168,693,7777.94
2026-01,1200611,101002188,63,707.09
2026-01,1200611,101002402,63,707.09
2026-01,1200611,101002715,640,5922.24
2026-01,1200611,101003241,990,5792.09
2026-01,1200611,101004174,165,965.35
2026-01,1200611,101004224,1344,19898.72
2026-01,1200611,101004233,480,5158.08
2026-01,1200611,101005690,96,1031.62
2026-01,1200611,101070153,63,707.09
2026-01,1200611,101070154,63,707.09
2026-01,1200611,101070156,441,4949.61
2026-01,1200611,101070162,126,1414.17
2026-01,1200611,101070165,126,1414.17
2026-01,1200611,101070168,189,2121.26
2026-01,1200649,101002188,288,3248.64
2026-01,1200649,101002402,288,3121.92
2026-01,1200649,101002612,600,6552.0
2026-01,1200649,101002715,720,6696.0
2026-01,1200649,101003346,324,4821.12
2026-01,1200649,101003347,216,3214.08
2026-01,1200649,101004141,243,3965.76
2026-01,1200649,101004230,81,1762.56
2026-01,1200649,101004245,108,1607.04
2026-01,1200649,101004261,486,10497.6
2026-01,1200649,101070134,864,9642.24
2026-01,1200649,101070135,81,1762.56
2026-01,1200649,101070153,576,6243.84
2026-01,1200649,101070154,648,7182.719999999999
2026-01,1200649,101070156,72,812.16
2026-01,1200649,101070158,288,3121.92
2026-01,1200649,101070162,1440,14976.0
2026-01,1200649,101070165,432,4492.8
2026-01,1200649,101070168,1440,14976.0
2026-01,1200654,101001911,150,2090.99
2026-01,1200654,101002622,80,1171.71
2026-01,1200654,101004098,23232,239711.25
2026-01,1200654,101004125,135,2190.84
2026-01,1200654,101070106,41008,616124.72
2026-01,1200654,101070107,128,1775.4
2026-01,1200654,101070163,135,2221.7400000000002
2026-01,1200657,101002622,320,4686.84
2026-01,1200657,101004098,52992,546779.4
2026-01,1200657,101004125,765,12414.76
2026-01,1200657,101070106,75152,1129121.21
2026-01,1200657,101070163,810,13330.42
2026-01,1200659,101001911,225,3136.49
2026-01,1200659,101002622,24000,349985.28
2026-01,1200659,101004098,41184,421967.23
2026-01,1200659,101004125,540,8763.36
2026-01,1200659,101070106,95920,1441150.04
2026-01,1200659,101070163,405,6665.22
2026-01,1200671,101001911,525,7318.469999999999
2026-01,1200671,101002622,80,1171.71
2026-01,1200671,101004098,34080,352829.85
2026-01,1200671,101004125,1215,19717.559999999998
2026-01,1200671,101070106,51040,768689.24
2026-01,1200671,101070163,1350,22217.37
2026-01,1200682,101002622,480,7030.26
2026-01,1200682,101004098,23040,198406.91999999998
2026-01,1200682,101004125,765,12414.76
2026-01,1200682,101070106,59312,891133.14
2026-01,1200682,101070163,495,8146.379999999999
2026-01,1200695,101002381,375,5362.5
2026-01,1200695,101002612,450,4914.0
2026-01,1200695,101002859,495,2910.6000000000004
2026-01,1200695,101003241,330,1940.4
2026-01,1200695,101003346,384,5713.92
2026-01,1200695,101003360,330,1940.4
2026-01,1200695,101004174,330,1940.4
2026-01,1200695,101004233,576,6220.8
2026-01,1200695,101004245,192,2856.96
2026-01,1200695,101005690,576,6220.8
2026-01,1200695,101070105,576,8570.88
2026-01,1200698,101004230,648,14083.2
2026-01,1200698,101004261,4860,105624.0
2026-01,1200698,101070105,8208,92586.23999999999
2026-01,1200698,101070115,432,5203.84
2026-01,1200698,101070116,432,5203.84
2026-01,1200698,101070117,432,5203.84
2026-01,1200698,101070118,432,5203.84
2026-01,1200698,101070134,12960,146188.8
2026-01,1200698,101070162,1440,16416.0
2026-01,1200711,101001911,1275,17773.45
2026-01,1200711,101002622,400,5858.55
2026-01,1200711,101004098,60768,581191.38
2026-01,1200711,101004125,7155,116114.52
2026-01,1200711,101070106,56408,847502.0
2026-01,1200711,101070107,1536,21304.79
2026-01,1200711,101070163,20115,331038.63
2026-01,1200711,101070166,855,14071.01
2026-01,1200713,101002381,150,2415.0
2026-01,1200713,101002402,144,1483.2
2026-01,1200713,101002612,300,2865.0
2026-01,1200713,101002715,360,3181.6
2026-01,1200713,101002716,648,6933.6
2026-01,1200713,101003347,432,6704.64
2026-01,1200713,101003360,720,3780.0
2026-01,1200713,101004141,648,11197.44
2026-01,1200713,101004224,216,3057.44
2026-01,1200713,101004261,162,3494.4
2026-01,1200713,101070060,476,3534.3
2026-01,1200713,101070135,162,3494.4
2026-01,1200713,101070155,288,1779.84
2026-01,1200713,101070158,144,1483.2
2026-01,1200713,101070161,288,1779.84
2026-01,1200718,101002188,72,907.2
2026-01,1200718,101002402,72,907.2
2026-01,1200718,101002612,150,1737.0
2026-01,1200718,101003015,144,2016.0
2026-01,1200718,101003346,432,6773.76
2026-01,1200718,101003347,2794,43809.92
2026-01,1200718,101003360,1080,6868.8
2026-01,1200718,101004141,5022,87583.68000000001
2026-01,1200718,101004224,20354,319150.72
2026-01,1200718,101004229,324,7300.8
2026-01,1200718,101004230,486,10951.2
2026-01,1200718,101004245,1512,23708.16
2026-01,1200718,101004257,192,1958.4
2026-01,1200718,101004261,2754,62056.8
2026-01,1200718,101005690,96,1128.96
2026-01,1200718,101070017,96,1128.96
2026-01,1200718,101070040,119,901.8
2026-01,1200718,101070075,192,2131.2
2026-01,1200718,101070079,85,540.6
2026-01,1200718,101070105,7560,118540.79999999999
2026-01,1200718,101070154,72,907.2
2026-01,1200718,101070155,144,907.2
2026-01,1200718,101070156,504,6350.4
2026-01,1200718,101070162,288,3628.8
2026-01,1200718,101070165,216,2721.6
2026-01,1200718,101070168,1152,14515.2
2026-01,1200719,101002381,75,1245.0
2026-01,1200719,101003347,216,3386.88
2026-01,1200719,101004141,1296,22602.24
2026-01,1200719,101004174,360,2289.6
2026-01,1200719,101004229,324,7300.8
2026-01,1200719,101004230,486,10951.2
2026-01,1200719,101004257,192,1958.4
2026-01,1200719,101004261,2916,65707.2
2026-01,1200719,101005690,96,1128.96
2026-01,1200719,101070134,2160,33868.8
2026-01,1200719,101070156,144,1814.4
2026-01,1200719,101070162,288,3628.8
2026-01,1200719,101070165,144,1814.4
2026-01,1200720,101002188,36,449.28
2026-01,1200720,101002402,72,898.56
2026-01,1200720,101002715,2880,25676.0
2026-01,1200720,101002716,486,5200.200000000001
2026-01,1200720,101002717,360,3528.0
2026-01,1200720,101003241,900,4770.0
2026-01,1200720,101003347,432,6773.76
2026-01,1200720,101003359,180,954.0
2026-01,1200720,101003360,1080,5724.0
2026-01,1200720,101004141,1620,27993.6
2026-01,1200720,101004174,180,954.0
2026-01,1200720,101004183,306,1761.7199999999998
2026-01,1200720,101004224,1080,15397.76
2026-01,1200720,101004229,243,5322.24
2026-01,1200720,101004230,243,5241.6
2026-01,1200720,101004245,216,3386.88
2026-01,1200720,101004261,243,5241.6
2026-01,1200720,101070076,81,1399.68
2026-01,1200720,101070115,108,1364.16
2026-01,1200720,101070116,108,1364.16
2026-01,1200720,101070117,108,1364.16
2026-01,1200720,101070118,108,1364.16
2026-01,1200720,101070134,2808,44029.44
2026-01,1200720,101070135,243,5241.6
2026-01,1200720,101070152,72,449.28
2026-01,1200720,101070153,144,1497.6
2026-01,1200720,101070155,72,449.28
2026-01,1200720,101070156,144,1647.36
2026-01,1200720,101070161,288,1797.12
2026-01,1200720,101070162,936,9734.400000000001
2026-01,1200720,101070165,288,2995.2
2026-01,1200720,101070167,288,1797.12
2026-01,1200720,101070168,1296,13478.4
2026-01,1200753,101002188,144,1703.52
2026-01,1200753,101002859,720,4190.4
2026-01,1200753,101070153,720,8517.6
2026-01,1200753,101070154,432,5110.56
2026-01,1200753,101070156,576,6814.08
2026-01,1200753,101070158,576,6814.08
2026-01,1200753,101070162,576,6814.08
2026-01,1200753,101070165,432,5110.56
2026-01,1200753,101070168,576,6814.08
2026-01,1200761,101002402,360,4838.4
2026-01,1200761,101002715,360,3672.0
2026-01,1200761,101004233,96,1192.32
2026-01,1200761,101070153,432,5806.08
2026-01,1200761,101070158,144,1935.36
2026-01,1200761,101070162,432,5806.08
2026-01,1200761,101070165,1440,15482.88
2026-01,1200761,101070168,360,4838.4
2026-01,1200763,101001911,714,11530.44
2026-01,1200763,101002402,2353,24018.74
2026-01,1200763,101002612,22200,214580.61
2026-01,1200763,101002715,3631,28656.760000000002
2026-01,1200763,101002859,1507,8047.86
2026-01,1200763,101003241,27910,149048.51
2026-01,1200763,101003346,13986,176527.01
2026-01,1200763,101003347,12193,153896.33000000002
2026-01,1200763,101003359,1872,9997.08
2026-01,1200763,101003360,45,586.5600000000001
2026-01,1200763,101004141,3744,55039.31
2026-01,1200763,101004224,27072,341961.19999999995
2026-01,1200763,101004229,3998,90759.88
2026-01,1200763,101004230,13524,307012.52999999997
2026-01,1200763,101004233,8490,82648.14
2026-01,1200763,101004245,180,2271.9
2026-01,1200763,101004257,7773,55985.35
2026-01,1200763,101004261,43751,993205.09
2026-01,1200763,101005690,5411,52621.5
2026-01,1200763,101070105,41184,520217.57999999996
2026-01,1200763,101070135,6955,157887.63
2026-01,1200763,101070153,13393,136711.84
2026-01,1200763,101070154,593,6053.1900000000005
2026-01,1200763,101070156,15197,155126.53999999998
2026-01,1200763,101070158,149,1520.96
2026-01,1200763,101070161,43470,222721.15999999997
2026-01,1200763,101070162,6006,61307.520000000004
2026-01,1200763,101070164,23895,122427.46
2026-01,1200763,101070165,4648,47445.42
2026-01,1200763,101070168,2412,24620.99
2026-01,1200769,101002612,1800,18824.4
2026-01,1200769,101002715,3240,28674.0
2026-01,1200769,101002716,2268,22103.28
2026-01,1200769,101002717,2670,23622.3
2026-01,1200769,101003015,1440,21746.88
2026-01,1200769,101003241,2880,16310.16
2026-01,1200769,101003346,216,3172.61
2026-01,1200769,101003347,648,9269.0
2026-01,1200769,101004224,2592,37200.4
2026-01,1200769,101004233,192,2135.81
2026-01,1200769,101004257,960,8978.69
2026-01,1200769,101004261,1782,43786.66
2026-01,1200769,101070135,648,15863.03
2026-01,1200769,101070154,1872,20917.43
2026-01,1200769,101070156,2160,23592.38
2026-01,1200769,101070158,1008,11244.09
2026-01,1200769,101070162,3456,38413.43
2026-01,1200769,101070165,1008,10497.6
2026-01,1200769,101070168,3024,33607.87
2026-01,1200771,101002402,0,-9.63
2026-01,1200771,101002612,0,-1875.0
2026-01,1200771,101002715,0,-1254.4
2026-01,1200771,101002717,0,-156.8
2026-01,1200771,101003346,0,-413.28
2026-01,1200771,101003347,0,-944.64
2026-01,1200771,101004245,0,-472.32
2026-01,1200771,101070105,0,-4211.52
2026-01,1200771,101070108,0,-1254.4
2026-01,1200771,101070109,0,-409.2
2026-01,1200771,101070156,0,-476.28000000000003
2026-01,1200771,101070158,0,-68.04
2026-01,1200771,101070162,0,-476.28000000000003
2026-01,1200771,101070165,0,-408.24
2026-01,1200771,101070168,0,-816.48
2026-01,1200781,101002715,6080,52038.4
2026-01,1200781,101002717,960,8272.0
2026-01,1200781,101004261,864,20528.64
2026-01,1200781,101070040,119,989.6
2026-01,1200781,101070156,1197,12436.210000000001
2026-01,1200781,101070162,1386,14639.19
2026-01,1200781,101070165,756,8030.25
2026-01,1200781,101070168,882,9025.130000000001
2026-01,1200784,101002188,288,3248.64
2026-01,1200784,101002381,150,2145.0
2026-01,1200784,101002402,144,1624.32
2026-01,1200784,101002859,360,2116.8
2026-01,1200784,101003241,720,4233.6
2026-01,1200784,101003346,216,3214.08
2026-01,1200784,101003360,180,1058.4
2026-01,1200784,101004141,81,1321.92
2026-01,1200784,101004224,216,2410.56
2026-01,1200784,101004257,192,1774.08
2026-01,1200784,101004261,162,3499.2
2026-01,1200784,101070153,144,1624.32
2026-01,1200784,101070154,288,3248.64
2026-01,1200784,101070156,288,3248.64
2026-01,1200784,101070158,144,1624.32
2026-01,1200784,101070162,2880,32486.4
2026-01,1200784,101070165,1152,12994.560000000001
2026-01,1200784,101070168,2016,22740.48
2026-01,1200785,101002188,441,5503.68
2026-01,1200785,101002402,567,7076.16
2026-01,1200785,101002612,300,3456.0
2026-01,1200785,101002715,1440,14112.0
2026-01,1200785,101002717,160,1568.0
2026-01,1200785,101002859,165,1049.4
2026-01,1200785,101003241,458,2912.88
2026-01,1200785,101004174,330,2098.8
2026-01,1200785,101070153,378,4717.44
2026-01,1200785,101070154,882,11007.359999999999
2026-01,1200785,101070156,1197,14938.56
2026-01,1200785,101070158,567,7076.16
2026-01,1200785,101070162,630,7862.4
2026-01,1200785,101070165,693,8648.64
2026-01,1200785,101070168,1071,13366.079999999998
2026-01,1200786,101002402,252,3175.2
2026-01,1200786,101002612,150,1737.0
2026-01,1200786,101002859,330,2098.8
2026-01,1200786,101003241,330,2098.8
2026-01,1200786,101004141,72,1255.68
2026-01,1200786,101004174,165,1049.4
2026-01,1200786,101004224,576,9031.68
2026-01,1200786,101004261,288,7787.52
2026-01,1200786,101070153,189,2381.4
2026-01,1200786,101070154,315,3969.0
2026-01,1200786,101070156,441,5556.6
2026-01,1200786,101070158,252,3175.2
2026-01,1200786,101070162,441,5556.6
2026-01,1200786,101070165,252,3175.2
2026-01,1200786,101070168,567,7144.2
2026-01,1200793,101002188,63,917.91
2026-01,1200793,101002859,360,2595.6
2026-01,1200793,101003241,330,2379.3
2026-01,1200793,101004174,855,6164.55
2026-01,1200793,101005690,192,2540.16
2026-01,1200793,101070153,63,917.91
2026-01,1200793,101070154,756,11014.92
2026-01,1200793,101070156,42,611.94
2026-01,1200793,101070158,411,5988.2699999999995
2026-01,1200793,101070162,1188,17309.16
2026-01,1200793,101070165,342,4982.9400000000005
2026-01,1200793,101070168,1329,19363.53
2026-01,1200796,101002188,18,185.4
2026-01,1200796,101002402,18,185.4
2026-01,1200796,101002612,75,721.98
2026-01,1200796,101002859,15,81.9
2026-01,1200796,101003347,108,1676.16
2026-01,1200796,101003359,75,396.9
2026-01,1200796,101004141,108,1866.24
2026-01,1200796,101004174,15,81.9
2026-01,1200796,101004229,9,241.92
2026-01,1200796,101004230,9,188.16
2026-01,1200796,101004257,16,160.32
2026-01,1200796,101070060,17,128.7
2026-01,1200796,101070075,16,139.78
2026-01,1200796,101070076,9,124.42
2026-01,1200796,101070108,20,174.6
2026-01,1200796,101070156,18,185.4
2026-01,1200796,101070158,18,185.4
2026-01,1200796,101070162,72,741.6
2026-01,1200796,101070165,18,185.4
2026-01,1200796,101070168,72,741.6
2026-01,1200797,101002381,75,1072.5
2026-01,1200797,101002715,360,3348.0
2026-01,1200797,101002859,360,2116.8
2026-01,1200797,101003015,288,4665.6
2026-01,1200797,101004141,162,2643.84
2026-01,1200797,101004174,360,2116.8
2026-01,1200797,101004230,60,1296.0
2026-01,1200797,101004261,100,2177.28
2026-01,1200797,101070105,648,7231.68
2026-01,1200797,101070135,50,1088.64
2026-01,1200797,101070153,144,1624.32
2026-01,1200806,101002612,300,3114.0
2026-01,1200806,101070154,288,3386.88
2026-01,1200806,101070156,576,6773.76
2026-01,1200806,101070162,1440,16934.4
2026-01,1200806,101070168,1440,16934.4
2026-01,1200821,101002715,360,3528.0
2026-01,1200821,101003241,540,3434.4
2026-01,1200821,101003346,216,3386.88
2026-01,1200821,101003347,324,5080.32
2026-01,1200821,101003359,360,2289.6
2026-01,1200821,101003360,180,1144.8
2026-01,1200821,101004141,400,6976.0
2026-01,1200821,101004183,180,1144.8
2026-01,1200821,101004245,324,5080.32
2026-01,1200821,101004257,192,1958.4
2026-01,1200821,101004261,162,3650.4
2026-01,1200821,101070075,96,1065.6
2026-01,1200821,101070134,648,7620.48
2026-01,1200821,101070162,144,1814.4
2026-01,1200821,101070168,144,1814.4
2026-01,1200826,101004224,40,627.2
2026-01,1200826,101004257,30,302.4
2026-01,1200841,101002381,9300,144615.0
2026-01,1200841,101002612,6600,75834.0
2026-01,1200841,101002859,4680,29764.8
2026-01,1200841,101003241,5040,32054.4
2026-01,1200841,101003347,4104,64925.28
2026-01,1200841,101004224,15768,249449.76
2026-01,1200841,101004229,1052,29214.04
2026-01,1200841,101004230,3726,103471.01999999999
2026-01,1200841,101004233,6912,79418.88
2026-01,1200841,101004261,18144,503858.88
2026-01,1200841,101005690,7872,90449.28
2026-01,1200841,101070017,4032,46327.68
2026-01,1200841,101070040,952,10938.48
2026-01,1200841,101070105,10152,160604.64
2026-01,1200841,101070135,1782,49486.14
2026-01,1200841,101070152,16704,103898.88
2026-01,1200841,101070155,25056,155848.32
2026-01,1200841,101070161,29952,186301.44
2026-01,1200841,101070164,18144,112855.68
2026-01,1200841,101070167,16704,103898.87999999999
2026-01,1200854,101002715,1080,10584.0
2026-01,1200854,101002716,324,3499.2
2026-01,1200854,101002717,360,3528.0
2026-01,1200854,101003241,360,2289.6
2026-01,1200854,101004224,1080,16934.4
2026-01,1200854,101004245,216,3386.88
2026-01,1200854,101070156,864,10886.4
2026-01,1200854,101070162,720,9072.0
2026-01,1200854,101070165,144,1814.4
2026-01,1200854,101070168,864,10886.4
2026-01,1200872,101004141,972,16018.56
2026-01,1200872,101004261,324,7041.6
2026-01,1200872,101070105,4752,53602.56
2026-01,1200887,101070153,567,5550.93
2026-01,1200887,101070156,567,5550.93
2026-01,1200887,101070162,3339,32688.809999999998
2026-01,1200887,101070165,2646,25904.34
2026-01,1200887,101070168,441,4317.389999999999
2026-01,1200890,101002612,100,1152.0
2026-01,1200890,101003015,72,1209.6
2026-01,1200890,101003346,96,1505.28
2026-01,1200890,101004261,72,1935.36
2026-01,1200915,101002402,126,1738.8
2026-01,1200915,101003241,495,3415.5
2026-01,1200915,101004174,330,2277.0
2026-01,1200915,101004257,480,5356.8
2026-01,1200915,101070153,126,1738.8
2026-01,1200915,101070156,378,5216.4
2026-01,1200915,101070158,63,869.4
2026-01,1200915,101070162,315,4347.0
2026-01,1200915,101070165,126,1738.8
2026-01,1200915,101070168,315,4347.0
2026-01,1200927,101002612,300,2784.0
2026-01,1200927,101002715,325,2418.0
2026-01,1200927,101003133,12275,91326.0
2026-01,1200927,101003347,432,5140.8
2026-01,1200927,101003457,1080,5400.0
2026-01,1200927,101004219,324,2643.84
2026-01,1200927,101004233,768,7050.24
2026-01,1200927,101004261,486,10079.64
2026-01,1200927,101070135,162,3359.88
2026-01,1200929,101002716,648,6674.4
2026-01,1200929,101002717,720,6768.0
2026-01,1200929,101003347,864,12994.56
2026-01,1200929,101004141,810,13348.8
2026-01,1200929,101004245,648,9745.92
2026-01,1200929,101004261,324,7041.6
2026-01,1200929,101070105,2592,29237.76
2026-01,1200929,101070135,324,7041.6
2026-01,1200929,101070162,432,4924.8
2026-01,1200929,101070168,288,3283.2
2026-01,1200943,101002715,360,3492.0
2026-01,1200943,101002859,360,2268.0
2026-01,1200943,101003241,720,4536.0
2026-01,1200943,101004174,360,2268.0
2026-01,1200943,101070154,144,1779.84
2026-01,1200943,101070156,288,3559.68
2026-01,1200943,101070162,288,3559.68
2026-01,1200943,101070165,288,3559.68
2026-01,1200948,101002188,144,1624.32
2026-01,1200948,101002716,324,3304.8
2026-01,1200948,101003347,432,6428.16
2026-01,1200948,101004141,486,7931.52
2026-01,1200948,101004230,162,3499.2
2026-01,1200948,101004261,486,10497.6
2026-01,1200948,101070105,2376,26516.16
2026-01,1200948,101070135,162,3499.2
2026-01,1200948,101070153,144,1624.32
2026-01,1200948,101070154,72,812.16
2026-01,1200948,101070156,72,812.16
2026-01,1200948,101070162,288,3248.64
2026-01,1200948,101070165,144,1624.32
2026-01,1200948,101070168,288,3248.64
2026-01,1200956,101002188,87,1075.32
2026-01,1200956,101002402,84,1038.24
2026-01,1200956,101002715,140,1358.0
2026-01,1200956,101002859,90,567.0
2026-01,1200956,101003241,130,819.0
2026-01,1200956,101004224,216,2514.24
2026-01,1200956,101004257,384,3847.68
2026-01,1200956,101070153,32,395.52
2026-01,1200956,101070154,87,1075.32
2026-01,1200956,101070156,72,889.92
2026-01,1200956,101070158,72,889.92
2026-01,1200956,101070162,144,1779.84
2026-01,1200956,101070165,84,1038.24
2026-01,1200956,101070168,100,1236.0
2026-01,1200969,101070156,756,8542.8
2026-01,1200969,101070162,756,8542.8
2026-01,1200969,101070165,864,9763.2
2026-01,1200969,101070168,864,9763.2
2026-01,1200973,101002188,63,771.12
2026-01,1200973,101002859,165,1039.5
2026-01,1200973,101004174,165,1039.5
2026-01,1200973,101070108,320,3136.0
2026-01,1200973,101070109,495,3118.5
2026-01,1200973,101070153,189,2313.36
2026-01,1200973,101070154,63,771.12
2026-01,1200973,101070156,126,1542.24
2026-01,1200973,101070158,63,771.12
2026-01,1200973,101070162,126,1542.24
2026-01,1200973,101070165,63,771.12
2026-01,1200973,101070168,315,3855.6
2026-01,1200976,101002612,750,9000.0
2026-01,1200976,101003241,1485,9979.2
2026-01,1200976,101070153,252,3356.64
2026-01,1200976,101070154,441,5874.12
2026-01,1200976,101070156,252,3356.64
2026-01,1200976,101070162,504,6713.28
2026-01,1200976,101070165,378,5034.96
2026-01,1200976,101070168,1071,14265.720000000001
2026-01,1200978,101002188,144,1797.12
2026-01,1200978,101002402,288,3594.24
2026-01,1200978,101004224,216,3386.88
2026-01,1200978,101070153,288,3594.24
2026-01,1200978,101070154,288,3594.24
2026-01,1200978,101070156,720,8985.6
2026-01,1200978,101070158,288,3594.24
2026-01,1200978,101070162,576,7188.48
2026-01,1200978,101070165,432,5391.36
2026-01,1200978,101070168,1152,14376.96
2026-01,1200984,101004224,29376,358387.19999999995
2026-01,1200984,101070105,8208,100137.59999999999
2026-01,1200985,101001911,2400,33818.56
2026-01,1200985,101002622,2160,31781.07
2026-01,1200985,101004098,6624,68841.25
2026-01,1200985,101004125,4905,80342.02
2026-01,1200985,101070106,15312,231158.46
2026-01,1200985,101070107,640,8899.92
2026-01,1200985,101070163,7020,116611.57
2026-01,1200989,101001911,2250,33615.0
2026-01,1200989,101002402,504,5685.12
2026-01,1200989,101002622,2880,36864.0
2026-01,1200989,101070127,5760,48326.4
2026-01,1200989,101070163,6075,87358.5
2026-01,1200989,101070166,4905,70533.9
2026-01,1200995,101003241,1440,7632.0
2026-01,1200995,101003347,216,3386.88
2026-01,1200995,101004141,648,11301.12
2026-01,1200995,101004229,162,3650.4
2026-01,1200995,101004230,162,3650.4
2026-01,1200995,101004261,810,16440.32
2026-01,1200995,101070060,238,1793.58
2026-01,1200995,101070115,216,2712.64
2026-01,1200995,101070116,216,2712.64
2026-01,1200995,101070117,216,2712.64
2026-01,1200995,101070118,216,2712.64
2026-01,1200995,101070134,3240,38102.4
2026-01,1200995,101070162,1728,18144.0
2026-01,1200995,101070165,288,3024.0
2026-01,1200995,101070168,1008,10584.0
2026-01,1200996,101070156,63,710.64
2026-01,1200996,101070162,126,1421.28
2026-01,1200996,101070165,63,710.64
2026-01,1201002,101002612,1200,11136.0
2026-01,1201002,101002717,360,2678.4
2026-01,1201002,101070156,1296,11689.92
2026-01,1201002,101070158,288,2597.76
2026-01,1201002,101070162,1296,11689.92
2026-01,1201002,101070165,864,7793.28
2026-01,1201002,101070168,1008,9092.16
2026-01,1201009,101002612,150,1182.0
2026-01,1201009,101003133,2520,15901.2
2026-01,1201009,101003456,432,3304.8
2026-01,1201009,101003457,1080,4600.799999999999
2026-01,1201009,101004141,486,5350.86
2026-01,1201009,101004219,648,4458.24
2026-01,1201009,101004224,1728,17470.079999999998
2026-01,1201009,101004229,486,8825.76
2026-01,1201009,101004230,567,10296.720000000001
2026-01,1201009,101004257,96,637.44
2026-01,1201009,101004261,567,10296.720000000001
2026-01,1201009,101070162,432,3304.7999999999997
2026-01,1201009,101070165,360,2754.0
2026-01,1201009,101070168,288,2203.2
2026-01,1201012,101003346,216,3352.32
2026-01,1201012,101003347,216,3352.32
2026-01,1201012,101004141,162,2799.36
2026-01,1201012,101004230,486,10886.4
2026-01,1201012,101004245,216,3352.32
2026-01,1201012,101070134,3888,45256.32
2026-01,1201012,101070135,324,7257.6
2026-01,1201014,101002715,480,4656.0
2026-01,1201014,101004141,90,1540.8
2026-01,1201014,101004230,10,240.48
2026-01,1201014,101004261,20,454.24
2026-01,1201016,101002402,189,2608.2
2026-01,1201016,101003241,330,2277.0
2026-01,1201016,101004174,165,1138.5
2026-01,1201016,101070153,189,2608.2
2026-01,1201016,101070156,441,6085.8
2026-01,1201016,101070162,189,2608.2
2026-01,1201016,101070168,567,7824.6
2026-01,1201026,101004219,5120,41779.2
2026-01,1201029,101002188,144,1380.96
2026-01,1201029,101003133,1440,10713.6
2026-01,1201029,101003346,648,7711.2
2026-01,1201029,101003347,216,2570.4
2026-01,1201029,101003456,720,6494.4
2026-01,1201029,101003457,720,3600.0
2026-01,1201029,101004141,324,4231.44
2026-01,1201029,101070156,144,1298.88
2026-01,1201029,101070158,288,2597.76
2026-01,1201031,101002188,144,1624.32
2026-01,1201031,101002381,150,2145.0
2026-01,1201031,101002402,288,3248.64
2026-01,1201031,101003241,720,4233.6
2026-01,1201031,101003359,360,2116.8
2026-01,1201031,101003360,360,2116.8
2026-01,1201031,101004141,1134,18506.88
2026-01,1201031,101004183,360,2116.8
2026-01,1201031,101004230,162,3499.2
2026-01,1201031,101004245,216,3214.08
2026-01,1201031,101004257,384,3548.16
2026-01,1201031,101004261,324,6998.4
2026-01,1201031,101070060,238,1644.72
2026-01,1201031,101070106,990,14790.6
2026-01,1201031,101070134,4320,48211.2
2026-01,1201031,101070135,162,3499.2
2026-01,1201031,101070153,288,3248.64
2026-01,1201031,101070154,576,6497.28
2026-01,1201031,101070156,432,4872.96
2026-01,1201031,101070158,432,4872.96
2026-01,1201031,101070162,1440,8121.599999999999
2026-01,1201031,101070165,432,4872.96
2026-01,1201031,101070168,864,9745.92
2026-01,1201035,101002612,6450,74151.0
2026-01,1201035,101002715,480,4672.0
2026-01,1201035,101003241,990,6286.5
2026-01,1201035,101003359,165,1039.5
2026-01,1201035,101070156,9702,120559.32
2026-01,1201035,101070162,14805,183995.28
2026-01,1201035,101070168,13734,170583.84
2026-01,1201037,101002188,63,786.24
2026-01,1201037,101002402,63,786.24
2026-01,1201037,101002612,60,691.2
2026-01,1201037,101002859,60,381.6
2026-01,1201037,101003346,72,1128.96
2026-01,1201037,101003347,48,752.64
2026-01,1201037,101003359,67,426.12
2026-01,1201037,101003360,480,3052.8
2026-01,1201037,101004141,72,1244.16
2026-01,1201037,101004174,60,381.6
2026-01,1201037,101004183,60,381.6
2026-01,1201037,101004229,36,967.68
2026-01,1201037,101004230,45,1209.6
2026-01,1201037,101004245,36,564.48
2026-01,1201037,101004261,81,2177.2799999999997
2026-01,1201037,101070105,96,1505.28
2026-01,1201037,101070153,126,1572.48
2026-01,1201037,101070154,63,786.24
2026-01,1201037,101070156,126,1572.48
2026-01,1201037,101070158,126,1572.48
2026-01,1201037,101070162,126,1572.48
2026-01,1201037,101070165,126,1572.48
2026-01,1201037,101070168,126,1572.48
2026-01,1201047,101004214,26880,277351.86
2026-01,1201047,101070020,0,0.0
2026-01,1201054,101002188,63,710.64
2026-01,1201054,101070154,63,710.64
2026-01,1201054,101070156,441,4974.48
2026-01,1201054,101070158,252,2842.56
2026-01,1201054,101070162,2331,26293.68
2026-01,1201054,101070165,378,4263.84
2026-01,1201054,101070168,189,2131.92
2026-01,1201058,101002188,144,1779.84
2026-01,1201058,101002402,45,556.2
2026-01,1201058,101004257,192,1923.84
2026-01,1201058,101005690,36,416.88
2026-01,1201058,101070040,17,128.7
2026-01,1201058,101070153,36,444.96
2026-01,1201058,101070154,90,1112.4
2026-01,1201058,101070156,144,1779.84
2026-01,1201058,101070158,144,1779.84
2026-01,1201058,101070162,72,889.92
2026-01,1201058,101070165,144,1779.84
2026-01,1201058,101070168,144,1779.84
2026-01,1201059,101002715,3960,37224.0
2026-01,1201059,101003241,2160,12830.4
2026-01,1201059,101003347,1512,22740.48
2026-01,1201059,101004141,2430,40046.399999999994
2026-01,1201059,101004224,1080,16243.2
2026-01,1201059,101004245,216,3248.64
2026-01,1201059,101004261,810,21124.8
2026-01,1201059,101070134,1728,25989.12
2026-01,1201059,101070135,324,8449.92
2026-01,1201060,101002715,4000,39200.0
2026-01,1201060,101003241,2145,13642.2
2026-01,1201060,101003346,192,3010.56
2026-01,1201060,101003347,1440,22579.2
2026-01,1201060,101004141,1800,31392.0
2026-01,1201060,101004224,2304,36126.72
2026-01,1201060,101004245,192,3010.56
2026-01,1201060,101004261,792,21415.68
2026-01,1201060,101070135,216,5840.64
2026-01,1201061,101002402,144,1527.84
2026-01,1201061,101003241,720,3895.2
2026-01,1201061,101003346,216,2708.64
2026-01,1201061,101003347,216,2708.64
2026-01,1201061,101003359,360,1947.6
2026-01,1201061,101004141,162,2238.84
2026-01,1201061,101004174,360,1947.6
2026-01,1201061,101004224,432,5417.28
2026-01,1201061,101004230,162,3483.0
2026-01,1201061,101004261,162,3483.0
2026-01,1201061,101070154,288,3055.68
2026-01,1201061,101070156,288,2874.24
2026-01,1201061,101070158,144,1437.12
2026-01,1201061,101070162,144,1437.12
2026-01,1201061,101070165,144,1437.12
2026-01,1201073,101002188,126,1436.4
2026-01,1201073,101002402,63,718.2
2026-01,1201073,101002612,450,4941.0
2026-01,1201073,101002715,480,4512.0
2026-01,1201073,101002717,126,1184.4
2026-01,1201073,101002859,495,2940.3
2026-01,1201073,101003241,660,3920.4
2026-01,1201073,101004141,288,4746.24
2026-01,1201073,101004224,480,7219.2
2026-01,1201073,101004230,216,5633.28
2026-01,1201073,101004233,864,9434.880000000001
2026-01,1201073,101004257,384,3594.24
2026-01,1201073,101004261,936,24410.879999999997
2026-01,1201073,101070040,68,632.4
2026-01,1201073,101070134,192,2887.68
2026-01,1201073,101070135,216,5633.28
2026-01,1201073,101070153,126,1436.4
2026-01,1201073,101070154,279,3180.6000000000004
2026-01,1201073,101070156,378,4309.2
2026-01,1201073,101070158,189,2154.6000000000004
2026-01,1201073,101070162,1260,14364.0
2026-01,1201073,101070165,252,2872.8
2026-01,1201073,101070168,819,9336.6
2026-01,1205005,101002612,300,3312.0
2026-01,1205005,101002859,330,1980.0
2026-01,1205005,101003241,495,2970.0
2026-01,1205005,101004224,480,7219.2
2026-01,1205005,101004257,576,5460.48
2026-01,1205005,101005690,288,3179.52
2026-01,1205005,101070156,126,1451.52
2026-01,1205005,101070158,567,6531.84
2026-01,1205005,101070162,945,10886.4
2026-01,1205005,101070168,441,5080.32
2026-01,1205007,101003346,84,1317.12
2026-01,1205007,101003347,84,1317.12
2026-01,1205007,101004141,126,2177.28
2026-01,1205007,101004224,168,2634.24
2026-01,1205007,101004229,126,3386.88
2026-01,1205007,101004230,126,3386.88
2026-01,1205007,101004245,84,1317.12
2026-01,1205007,101004261,126,3386.88
2026-01,1205009,101003241,360,2116.8
2026-01,1205009,101004141,162,2643.84
2026-01,1205009,101004224,216,3214.08
2026-01,1205009,101004257,192,1774.08
2026-01,1205009,101004261,162,4199.04
2026-01,1205013,101004224,432,6704.64
2026-01,1205013,101004261,486,12985.92
2026-01,1205013,101070156,288,3525.12
2026-01,1205013,101070158,432,5287.68
2026-01,1205013,101070162,1440,17625.6
2026-01,1205013,101070165,1296,15863.04
2026-01,1205013,101070168,144,1762.56
2026-01,1205019,101070133,6480,76204.8
2026-01,1205021,101002859,360,2440.8
2026-01,1205021,101004174,1080,7322.4
2026-01,1205023,101002715,150,1455.0
2026-01,1205023,101070154,54,660.96
2026-01,1205026,101002715,20160,169344.0
2026-01,1205026,101002717,9000,75600.0
2026-01,1205026,101003241,18000,101520.0
2026-01,1205026,101070152,16128,84188.16
2026-01,1205026,101070155,12672,63106.56
2026-01,1205026,101070157,9792,51114.24
2026-01,1205026,101070161,15264,76014.72
2026-01,1205033,101002402,30,374.4
2026-01,1205033,101003347,25,392.0
2026-01,1205033,101004141,35,604.8
2026-01,1205033,101004229,25,672.0
2026-01,1205033,101004230,45,1209.6
2026-01,1205033,101004257,100,1008.0
2026-01,1205033,101070040,50,498.0
2026-01,1205033,101070105,2304,36126.72
2026-01,1205033,101070153,70,873.6
2026-01,1205033,101070156,100,1248.0
2026-01,1205033,101070158,15,187.2
2026-01,1205033,101070162,65,811.2
2026-01,1205033,101070165,60,748.8
2026-01,1205034,101002715,320,2976.0
2026-01,1205034,101002716,288,2937.6
2026-01,1205034,101003241,165,970.2
2026-01,1205034,101003347,96,1428.48
2026-01,1205034,101004224,288,4285.44
2026-01,1205034,101004233,480,5184.0
2026-01,1205034,101004257,384,3548.16
2026-01,1205034,101005690,192,2073.6
2026-01,1205034,101070156,63,710.64
2026-01,1205034,101070158,63,710.64
2026-01,1205034,101070162,252,2842.56
2026-01,1205034,101070168,252,2842.56
2026-01,1205046,101002381,150,2355.0
2026-01,1205046,101002612,900,8595.0
2026-01,1205046,101002715,2880,27936.0
2026-01,1205046,101002716,972,10400.400000000001
2026-01,1205046,101002717,900,8730.0
2026-01,1205046,101002859,900,5670.0
2026-01,1205046,101003241,1260,7938.0
2026-01,1205046,101003346,648,10056.96
2026-01,1205046,101003347,1512,23466.239999999998
2026-01,1205046,101003359,180,1134.0
2026-01,1205046,101003360,720,4536.0
2026-01,1205046,101004141,1620,27993.6
2026-01,1205046,101004183,360,2268.0
2026-01,1205046,101004229,162,3655.68
2026-01,1205046,101004230,324,7257.6
2026-01,1205046,101004233,192,2223.36
2026-01,1205046,101004257,480,4809.599999999999
2026-01,1205046,101005690,96,1111.68
2026-01,1205046,101070017,96,1111.68
2026-01,1205046,101070060,238,1782.0
2026-01,1205046,101070075,288,2515.97
2026-01,1205046,101070076,243,4199.04
2026-01,1205046,101070134,3132,48608.64
2026-01,1205046,101070153,288,2966.4
2026-01,1205046,101070156,144,1631.52
2026-01,1205046,101070158,72,741.6
2026-01,1205046,101070162,1728,17798.4
2026-01,1205046,101070165,1296,13348.8
2026-01,1205046,101070168,1008,12458.88
2026-01,1205051,101002612,600,6948.0
2026-01,1205051,101002715,2520,24696.0
2026-01,1205051,101003346,432,6773.76
2026-01,1205051,101003347,648,10160.64
2026-01,1205051,101004141,162,2825.28
2026-01,1205051,101004224,3672,43182.72
2026-01,1205051,101004229,162,3650.4
2026-01,1205051,101004230,162,3650.4
2026-01,1205051,101004245,216,3386.88
2026-01,1205051,101004261,5184,116812.79999999999
2026-01,1205051,101070105,9936,116847.36
2026-01,1205051,101070134,7344,86365.44
2026-01,1205051,101070135,162,3650.4
2026-01,1205053,101002715,9936,79488.0
2026-01,1205053,101003241,23587,113217.6
2026-01,1205057,101002402,63,710.64
2026-01,1205057,101002717,160,1488.0
2026-01,1205057,101004174,640,3763.2
2026-01,1205057,101070153,126,1421.28
2026-01,1205057,101070162,189,2131.92
2026-01,1205057,101070168,63,710.64
2026-01,1205067,101004224,15,138.0
2026-01,1205067,101070135,12,171.0
2026-01,1205069,101070040,476,4398.24
2026-01,1205069,101070153,864,10160.64
2026-01,1205069,101070165,1440,16934.4
2026-01,1205069,101070168,576,6773.76
2026-01,1205070,101002612,150,1800.0
2026-01,1205070,101002715,160,1616.0
2026-01,1205070,101002859,165,1108.8
2026-01,1205070,101003015,256,4403.2
2026-01,1205070,101003241,330,2217.6
2026-01,1205070,101004174,165,1108.8
2026-01,1205070,101070153,252,3356.64
2026-01,1205070,101070156,315,4195.8
2026-01,1205070,101070158,189,2517.48
2026-01,1205070,101070162,189,2517.48
2026-01,1205070,101070165,189,2517.48
2026-01,1205070,101070168,252,3356.64
2026-01,C5800,101002613,19500,165617.40000000002
2026-01,C5800,101003118,13320,61138.8
2026-01,C5800,101003119,13680,62791.2
2026-01,C5800,101003122,11520,52876.8
2026-01,C5800,101003207,25134,182191.34
2026-01,C5800,101003242,48600,223074.0
2026-01,C5800,101003941,13184,171771.71
2026-01,C5800,101004148,68064,570212.99
2026-01,C5800,101004226,10044,209337.05
2026-01,C5800,101004246,6111,70934.04999999999
2026-01,C5800,101070113,31197,362122.31
2026-01,C5800,101070114,3648,47529.07
2026-01,C5800,101070173,19998,175558.45
2026-01,C5800,101070175,18447,161942.54
2026-01,C5800,101070179,17461,153286.62
2026-01,NCASH510,101002188,1,9.0
2026-01,NCASH510,101002402,2,18.0
2026-01,NCASH510,101002612,1,8.7
2026-01,NCASH510,101002859,8,37.6
2026-01,NCASH510,101003346,3,35.7
2026-01,NCASH510,101003347,6,71.4
2026-01,NCASH510,101003359,2,9.4
2026-01,NCASH510,101003360,2,9.4
2026-01,NCASH510,101004098,7,60.2
2026-01,NCASH510,101004141,5,65.5
2026-01,NCASH510,101004224,4,47.6
2026-01,NCASH510,101004229,1,20.7
2026-01,NCASH510,101004245,5,59.5
2026-01,NCASH510,101004257,1,7.4
2026-01,NCASH510,101004261,5,103.5
2026-01,NCASH510,101070040,4,29.6
2026-01,NCASH510,101070154,2,18.0
2026-01,NCASH510,101070158,1,9.0
2026-01,NCASH510,101070162,3,27.0
2026-01,NCASH510,101070165,2,18.0
2026-01,NCASH510,101070168,1,9.0
2026-02,1200002,101002188,72,684.0
2026-02,1200002,101002402,72,684.0
2026-02,1200002,101003347,216,3248.64
2026-02,1200002,101004141,324,5339.52
2026-02,1200002,101004245,216,3248.64
2026-02,1200002,101070153,72,684.0
2026-02,1200002,101070154,72,684.0
2026-02,1200002,101070162,1152,10944.0
2026-02,1200002,101070165,144,1368.0
2026-02,1200002,101070168,1008,9576.0
2026-02,1200008,101002402,144,1624.32
2026-02,1200008,101070156,144,1624.32
2026-02,1200008,101070162,3744,34110.72
2026-02,1200008,101070168,288,3248.64
2026-02,1200010,101002612,300,3231.0
2026-02,1200010,101002715,720,6422.4
2026-02,1200010,101002716,162,1592.46
2026-02,1200010,101002859,360,2127.6
2026-02,1200010,101003241,360,2127.6
2026-02,1200010,101003360,180,1063.8
2026-02,1200010,101004141,162,2570.94
2026-02,1200010,101004183,180,1063.8
2026-02,1200010,101004230,81,1993.41
2026-02,1200010,101004233,624,6826.56
2026-02,1200010,101004245,54,770.58
2026-02,1200010,101004261,567,13953.87
2026-02,1200010,101005690,288,3150.72
2026-02,1200010,101070040,119,1109.08
2026-02,1200010,101070105,1296,18493.92
2026-02,1200010,101070135,81,2037.15
2026-02,1200010,101070156,72,843.84
2026-02,1200010,101070162,144,1687.68
2026-02,1200010,101070165,72,843.84
2026-02,1200010,101070168,432,5063.04
2026-02,1200015,101002402,432,4060.7999999999997
2026-02,1200015,101002612,300,3276.0
2026-02,1200015,101002859,360,2116.8
2026-02,1200015,101003241,360,2116.8
2026-02,1200015,101003359,360,2116.8
2026-02,1200015,101003360,360,2116.8
2026-02,1200015,101004174,360,2116.8
2026-02,1200015,101004233,192,2073.6
2026-02,1200015,101004261,972,20995.2
2026-02,1200015,101070040,238,1653.96
2026-02,1200015,101070115,216,2574.24
2026-02,1200015,101070116,216,2574.24
2026-02,1200015,101070117,216,2574.24
2026-02,1200015,101070134,2808,31337.28
2026-02,1200015,101070153,540,5162.4
2026-02,1200015,101070156,432,4060.7999999999997
2026-02,1200015,101070158,432,4060.7999999999997
2026-02,1200015,101070162,5956,56496.96000000001
2026-02,1200015,101070165,3168,29779.199999999997
2026-02,1200015,101070168,2916,27669.6
2026-02,1200016,101002188,432,4060.8
2026-02,1200016,101002402,576,5414.4
2026-02,1200016,101070134,648,8035.2
2026-02,1200016,101070153,288,2707.2
2026-02,1200016,101070156,432,4060.7999999999997
2026-02,1200016,101070158,576,5414.4
2026-02,1200016,101070162,1728,16243.199999999999
2026-02,1200016,101070165,1296,12182.4
2026-02,1200016,101070168,2880,27072.0
2026-02,1200017,101003241,720,4363.2
2026-02,1200017,101003347,432,6566.4
2026-02,1200017,101004141,648,10782.72
2026-02,1200017,101004229,486,10627.2
2026-02,1200017,101004230,162,3542.4
2026-02,1200017,101004245,324,4924.8
2026-02,1200017,101004261,1134,24796.8
2026-02,1200017,101070134,3024,36388.8
2026-02,1200017,101070162,3168,30729.6
2026-02,1200017,101070165,2160,20952.0
2026-02,1200017,101070168,2016,19555.2
2026-02,1200018,101002381,150,2167.5
2026-02,1200018,101002402,576,5472.0
2026-02,1200018,101002612,600,6588.0
2026-02,1200018,101002715,360,3384.0
2026-02,1200018,101002859,1080,6415.200000000001
2026-02,1200018,101003346,432,6497.28
2026-02,1200018,101003347,432,6497.28
2026-02,1200018,101003360,360,2138.4
2026-02,1200018,101004141,324,5339.52
2026-02,1200018,101004229,162,4224.96
2026-02,1200018,101004230,324,8449.92
2026-02,1200018,101004245,432,6497.28
2026-02,1200018,101070097,1920,17971.2
2026-02,1200018,101070153,576,5472.0
2026-02,1200018,101070154,288,2736.0
2026-02,1200018,101070156,576,5472.0
2026-02,1200018,101070158,288,2736.0
2026-02,1200018,101070162,4464,42408.0
2026-02,1200018,101070165,432,4104.0
2026-02,1200018,101070168,3744,35568.0
2026-02,1200019,101004233,96,1105.92
2026-02,1200019,101070162,2520,25704.0
2026-02,1200019,101070165,864,8812.8
2026-02,1200019,101070168,864,8812.8
2026-02,1200020,101002188,288,2905.92
2026-02,1200020,101002402,144,1461.6
2026-02,1200020,101002715,360,3384.0
2026-02,1200020,101003346,108,1391.04
2026-02,1200020,101004224,324,4207.68
2026-02,1200020,101004257,192,1543.68
2026-02,1200020,101070153,144,1461.6
2026-02,1200020,101070154,576,5811.84
2026-02,1200020,101070156,432,4367.5199999999995
2026-02,1200020,101070158,432,4367.5199999999995
2026-02,1200020,101070162,1584,16008.48
2026-02,1200020,101070165,576,5846.4
2026-02,1200020,101070168,864,8769.6
2026-02,1200025,101002381,75,1237.5
2026-02,1200025,101002612,150,1800.0
2026-02,1200025,101003241,360,2419.2
2026-02,1200025,101003347,324,5287.68
2026-02,1200025,101003359,360,2419.2
2026-02,1200025,101003360,360,2419.2
2026-02,1200025,101004141,243,4432.32
2026-02,1200025,101004233,96,1192.32
2026-02,1200025,101070040,119,939.84
2026-02,1200025,101070134,2592,31726.08
2026-02,1200025,101070165,72,967.68
2026-02,1200025,101070168,72,967.68
2026-02,1200027,101002188,540,5151.599999999999
2026-02,1200027,101002402,540,5151.599999999999
2026-02,1200027,101002859,300,1518.0
2026-02,1200027,101003241,300,1518.0
2026-02,1200027,101004233,160,1456.0
2026-02,1200027,101004257,160,1254.4
2026-02,1200027,101070153,648,6181.92
2026-02,1200027,101070154,864,8242.56
2026-02,1200027,101070156,1080,10303.199999999999
2026-02,1200027,101070158,864,8242.56
2026-02,1200027,101070162,2160,20606.4
2026-02,1200027,101070165,1296,12363.84
2026-02,1200027,101070168,1296,12363.84
2026-02,1200029,101003241,540,3175.2
2026-02,1200029,101003346,216,3214.08
2026-02,1200029,101003359,900,5292.0
2026-02,1200029,101003360,360,2116.8
2026-02,1200029,101004141,162,2643.84
2026-02,1200029,101004257,288,2661.12
2026-02,1200029,101070017,192,2073.6
2026-02,1200029,101070134,324,4017.6
2026-02,1200029,101070135,162,3499.2
2026-02,1200029,101070153,144,1353.6
2026-02,1200029,101070154,72,676.8
2026-02,1200029,101070156,72,676.8
2026-02,1200029,101070162,432,4060.8
2026-02,1200029,101070165,432,4060.8
2026-02,1200029,101070168,288,2707.2
2026-02,1200032,101002188,144,1814.4
2026-02,1200032,101002402,432,5443.200000000001
2026-02,1200032,101002612,900,10422.0
2026-02,1200032,101002859,720,4579.2
2026-02,1200032,101003241,1260,8013.6
2026-02,1200032,101003346,108,1693.44
2026-02,1200032,101003347,432,6773.76
2026-02,1200032,101003359,360,2289.6
2026-02,1200032,101003360,180,1144.8
2026-02,1200032,101004141,405,7063.200000000001
2026-02,1200032,101004174,720,4579.2
2026-02,1200032,101004183,360,2289.6
2026-02,1200032,101004224,432,6773.76
2026-02,1200032,101004229,243,6570.719999999999
2026-02,1200032,101004230,324,8760.96
2026-02,1200032,101004233,288,3386.88
2026-02,1200032,101004245,432,6773.76
2026-02,1200032,101004257,1248,12729.6
2026-02,1200032,101004261,810,21902.399999999998
2026-02,1200032,101005690,384,4515.84
2026-02,1200032,101070060,357,3577.1400000000003
2026-02,1200032,101070075,192,2131.2
2026-02,1200032,101070076,81,1130.11
2026-02,1200032,101070105,5184,81285.12000000001
2026-02,1200032,101070135,162,4380.48
2026-02,1200032,101070153,288,3628.8
2026-02,1200032,101070154,864,10886.400000000001
2026-02,1200032,101070156,1296,16329.599999999999
2026-02,1200032,101070158,576,7257.6
2026-02,1200032,101070162,864,10886.400000000001
2026-02,1200032,101070165,576,7257.6
2026-02,1200032,101070168,1512,19051.2
2026-02,1200034,101002402,288,3628.8
2026-02,1200034,101070105,432,6773.76
2026-02,1200034,101070153,144,1814.4
2026-02,1200034,101070154,1296,16329.6
2026-02,1200034,101070158,432,5443.2
2026-02,1200034,101070162,1152,14515.2
2026-02,1200034,101070165,288,3628.8
2026-02,1200034,101070168,432,5443.2
2026-02,1200035,101002188,576,6048.0
2026-02,1200035,101002381,300,4980.0
2026-02,1200035,101002402,720,7416.0
2026-02,1200035,101002612,3300,37056.0
2026-02,1200035,101002715,2160,21168.0
2026-02,1200035,101002716,972,10497.599999999999
2026-02,1200035,101002717,720,7056.0
2026-02,1200035,101002859,1800,11296.8
2026-02,1200035,101003015,864,14515.199999999999
2026-02,1200035,101003241,5040,31291.199999999997
2026-02,1200035,101003346,648,10160.64
2026-02,1200035,101003347,1512,22579.2
2026-02,1200035,101003359,720,4579.2
2026-02,1200035,101003360,1080,6105.6
2026-02,1200035,101004141,3240,56039.04
2026-02,1200035,101004174,720,4197.6
2026-02,1200035,101004183,360,1908.0
2026-02,1200035,101004229,648,17366.399999999998
2026-02,1200035,101004230,486,13141.439999999999
2026-02,1200035,101004233,1152,12794.880000000001
2026-02,1200035,101004245,1080,16796.16
2026-02,1200035,101004257,1152,11589.119999999999
2026-02,1200035,101004261,1944,52410.24
2026-02,1200035,101070060,238,1793.58
2026-02,1200035,101070134,6480,76204.8
2026-02,1200035,101070135,648,14472.0
2026-02,1200035,101070153,576,5904.0
2026-02,1200035,101070154,576,6048.0
2026-02,1200035,101070156,1296,13924.8
2026-02,1200035,101070158,432,4536.0
2026-02,1200035,101070162,4464,48096.0
2026-02,1200035,101070165,2736,28152.0
2026-02,1200035,101070168,4032,42552.0
2026-02,1200037,101003347,72,1117.44
2026-02,1200037,101070134,216,2793.6
2026-02,1200037,101070162,144,1483.2
2026-02,1200037,101070165,144,1483.2
2026-02,1200047,101002188,864,8769.599999999999
2026-02,1200047,101002402,576,5846.4
2026-02,1200047,101003241,210,1096.2
2026-02,1200047,101004141,63,1038.24
2026-02,1200047,101004224,12,156.48
2026-02,1200047,101004257,12,97.92
2026-02,1200047,101005690,118,1146.96
2026-02,1200047,101070153,576,5846.4
2026-02,1200047,101070154,576,5846.4
2026-02,1200047,101070156,720,7308.0
2026-02,1200047,101070158,864,8769.599999999999
2026-02,1200047,101070162,1755,17813.25
2026-02,1200047,101070165,864,8769.599999999999
2026-02,1200047,101070168,1008,10231.2
2026-02,1200048,101002402,1008,11289.6
2026-02,1200048,101002859,360,2419.2
2026-02,1200048,101003346,216,3525.12
2026-02,1200048,101004261,162,4510.08
2026-02,1200048,101070134,1512,20563.2
2026-02,1200048,101070135,324,7516.8
2026-02,1200048,101070153,432,4838.4
2026-02,1200048,101070156,576,6451.2
2026-02,1200048,101070158,576,6451.2
2026-02,1200048,101070162,2304,25804.8
2026-02,1200048,101070165,5616,62899.2
2026-02,1200048,101070168,1296,14515.199999999999
2026-02,1200055,101002715,720,7056.0
2026-02,1200055,101003346,216,3386.88
2026-02,1200055,101070156,2016,21168.0
2026-02,1200055,101070162,4608,48384.0
2026-02,1200055,101070165,2736,28728.0
2026-02,1200055,101070168,7488,78624.0
2026-02,1200056,101002188,567,7371.0
2026-02,1200056,101002402,567,7371.0
2026-02,1200056,101002715,3200,32160.0
2026-02,1200056,101002859,495,3415.5
2026-02,1200056,101003241,1320,8662.5
2026-02,1200056,101003359,330,2277.0
2026-02,1200056,101004174,330,2187.9
2026-02,1200056,101004233,384,4792.32
2026-02,1200056,101004257,1068,11550.24
2026-02,1200056,101070153,756,9828.0
2026-02,1200056,101070154,945,12360.6
2026-02,1200056,101070156,1386,17917.199999999997
2026-02,1200056,101070158,819,10773.0
2026-02,1200056,101070162,1512,20260.8
2026-02,1200056,101070165,882,11642.4
2026-02,1200056,101070168,7119,91287.0
2026-02,1200064,101002188,144,1797.12
2026-02,1200064,101002402,144,1797.12
2026-02,1200064,101002715,160,1568.0
2026-02,1200064,101002859,165,1049.4
2026-02,1200064,101003241,165,1049.4
2026-02,1200064,101004257,96,967.68
2026-02,1200064,101070154,144,1797.12
2026-02,1200064,101070162,144,1797.12
2026-02,1200064,101070165,144,1797.12
2026-02,1200064,101070168,288,3594.24
2026-02,1200067,101002381,150,2422.5
2026-02,1200067,101002715,3240,31752.0
2026-02,1200067,101002716,324,3466.8
2026-02,1200067,101003346,216,3386.88
2026-02,1200067,101003347,216,3386.88
2026-02,1200067,101003360,360,2289.6
2026-02,1200067,101004141,486,8398.08
2026-02,1200067,101004174,360,2289.6
2026-02,1200067,101004183,180,1144.8
2026-02,1200067,101004257,192,1935.36
2026-02,1200067,101070134,648,8467.2
2026-02,1200067,101070158,72,748.8
2026-02,1200067,101070162,432,4492.8
2026-02,1200067,101070168,576,5990.4
2026-02,1200077,101001911,150,2472.0
2026-02,1200077,101004125,4590,74220.3
2026-02,1200077,101004196,9408,101700.48
2026-02,1200077,101070127,92640,777249.6
2026-02,1200077,101070156,1827,20681.64
2026-02,1200077,101070163,44190,724274.1
2026-02,1200077,101070166,3465,56791.35
2026-02,1200095,101002381,450,7065.0
2026-02,1200095,101002612,3600,41256.0
2026-02,1200095,101002859,2805,17839.8
2026-02,1200095,101003241,2640,16790.4
2026-02,1200095,101003346,2016,29131.2
2026-02,1200095,101003347,864,12484.800000000001
2026-02,1200095,101004174,1815,11543.4
2026-02,1200095,101004224,4800,69360.0
2026-02,1200095,101004229,504,13547.519999999999
2026-02,1200095,101004230,2160,58060.8
2026-02,1200095,101004233,4128,47802.24
2026-02,1200095,101004245,768,11235.84
2026-02,1200095,101004257,3648,36552.96
2026-02,1200095,101004261,5688,146921.04
2026-02,1200095,101005690,1440,16675.2
2026-02,1200095,101070105,3552,51326.399999999994
2026-02,1200095,101070134,1056,15259.2
2026-02,1200095,101070135,936,24176.879999999997
2026-02,1200095,101070156,1008,11450.88
2026-02,1200095,101070162,1386,15744.96
2026-02,1200095,101070168,2205,25048.8
2026-02,1200100,101001911,4350,61244.73
2026-02,1200100,101004098,98688,1029079.03
2026-02,1200100,101070106,1320,19989.94
2026-02,1200100,101070163,9045,150926.23
2026-02,1200100,101070166,5130,85599.95
2026-02,1200105,101002402,288,2707.2
2026-02,1200105,101003346,216,3214.08
2026-02,1200105,101070156,432,4060.7999999999997
2026-02,1200105,101070158,288,2707.2
2026-02,1200105,101070162,3600,33840.0
2026-02,1200105,101070165,864,8121.6
2026-02,1200105,101070168,3024,28425.6
2026-02,1200113,101002381,1875,28773.75
2026-02,1200113,101002612,2445,26843.4
2026-02,1200113,101002715,1920,18256.0
2026-02,1200113,101002717,160,1536.0
2026-02,1200113,101003241,330,2118.6
2026-02,1200113,101003347,288,4377.6
2026-02,1200113,101004233,1920,21254.399999999998
2026-02,1200113,101004257,768,7326.72
2026-02,1200113,101004261,2574,68209.92
2026-02,1200113,101070105,720,10890.24
2026-02,1200113,101070134,1368,20712.96
2026-02,1200113,101070156,1449,17259.48
2026-02,1200113,101070158,567,6804.0
2026-02,1200113,101070162,2268,26853.120000000003
2026-02,1200113,101070165,1197,14273.28
2026-02,1200113,101070168,1323,15316.560000000001
2026-02,1200119,101002381,450,6682.5
2026-02,1200119,101002612,1200,13320.0
2026-02,1200119,101003241,1800,10908.0
2026-02,1200119,101003346,216,3283.2
2026-02,1200119,101003347,432,6566.4
2026-02,1200119,101004224,432,5472.0
2026-02,1200119,101004233,576,6393.599999999999
2026-02,1200119,101004261,648,17003.52
2026-02,1200119,101070105,432,5472.0
2026-02,1200119,101070134,432,5472.0
2026-02,1200119,101070153,288,2793.6
2026-02,1200119,101070154,288,2793.6
2026-02,1200119,101070156,288,2793.6
2026-02,1200119,101070162,1440,13968.0
2026-02,1200119,101070165,1152,11174.4
2026-02,1200119,101070168,1152,11174.4
2026-02,1200140,101002402,144,1468.8
2026-02,1200140,101003346,216,3352.32
2026-02,1200140,101003347,216,3352.32
2026-02,1200140,101004141,324,5546.88
2026-02,1200140,101004245,216,3352.32
2026-02,1200140,101070153,144,1468.8
2026-02,1200140,101070154,144,1468.8
2026-02,1200140,101070156,144,1468.8
2026-02,1200140,101070162,2592,26438.399999999998
2026-02,1200140,101070165,1728,17625.6
2026-02,1200140,101070168,720,7344.0
2026-02,1200148,101002612,150,1719.0
2026-02,1200148,101002716,324,3466.8
2026-02,1200148,101002717,180,1746.0
2026-02,1200148,101003015,144,2404.8
2026-02,1200148,101003241,720,4536.0
2026-02,1200148,101003346,216,3352.32
2026-02,1200148,101003347,216,3352.32
2026-02,1200148,101003359,180,1134.0
2026-02,1200148,101004174,180,1134.0
2026-02,1200148,101004183,360,2268.0
2026-02,1200148,101004229,81,2177.28
2026-02,1200148,101004230,324,8709.12
2026-02,1200148,101004245,216,3352.32
2026-02,1200148,101004261,972,26127.36
2026-02,1200148,101070040,119,891.0
2026-02,1200148,101070075,96,873.6
2026-02,1200148,101070076,81,1399.68
2026-02,1200148,101070134,1944,25142.399999999998
2026-02,1200148,101070135,486,10886.4
2026-02,1200148,101070156,144,1483.2
2026-02,1200148,101070158,144,1483.2
2026-02,1200148,101070162,864,8899.2
2026-02,1200148,101070165,288,2966.4
2026-02,1200148,101070168,1008,10382.400000000001
2026-02,1200153,101002381,750,10875.0
2026-02,1200153,101002612,2250,23220.0
2026-02,1200153,101004233,2592,27060.48
2026-02,1200153,101005690,864,9020.16
2026-02,1200153,101070017,672,7015.68
2026-02,1200153,101070040,238,2113.44
2026-02,1200153,101070153,315,3515.4
2026-02,1200153,101070156,630,7030.8
2026-02,1200153,101070162,882,9843.12
2026-02,1200153,101070165,378,4218.48
2026-02,1200153,101070168,630,7030.8
2026-02,1200160,101002612,1950,20496.0
2026-02,1200160,101002859,2970,16513.2
2026-02,1200160,101003347,1152,16450.56
2026-02,1200160,101004174,2640,14589.3
2026-02,1200160,101004261,1224,29831.04
2026-02,1200160,101070105,576,8755.2
2026-02,1200160,101070134,1824,25931.52
2026-02,1200160,101070156,2079,21485.52
2026-02,1200160,101070162,1953,19855.08
2026-02,1200160,101070168,945,9759.96
2026-02,1200180,101002188,576,6739.2
2026-02,1200180,101002402,432,5054.4
2026-02,1200180,101002715,720,6588.0
2026-02,1200180,101002717,360,3294.0
2026-02,1200180,101070153,288,3369.6
2026-02,1200180,101070154,432,5054.4
2026-02,1200180,101070156,288,3369.6
2026-02,1200180,101070158,432,5054.4
2026-02,1200180,101070162,288,3369.6
2026-02,1200180,101070165,144,1684.8
2026-02,1200180,101070168,1008,11793.6
2026-02,1200188,101002381,525,7586.25
2026-02,1200188,101002612,1050,11529.0
2026-02,1200188,101003241,2805,16661.7
2026-02,1200188,101004224,864,12994.56
2026-02,1200188,101004230,1224,31921.92
2026-02,1200188,101004233,576,6289.92
2026-02,1200188,101004257,528,4942.08
2026-02,1200188,101004261,504,13144.32
2026-02,1200188,101005690,336,3669.12
2026-02,1200188,101070110,72,1877.76
2026-02,1200188,101070156,252,2872.8
2026-02,1200188,101070158,252,2872.8
2026-02,1200188,101070162,1386,15800.400000000001
2026-02,1200188,101070165,63,718.2
2026-02,1200197,101002381,300,3855.0
2026-02,1200197,101002612,4500,43941.479999999996
2026-02,1200197,101002715,1600,15040.0
2026-02,1200197,101003241,12540,66963.6
2026-02,1200197,101003347,96,1443.84
2026-02,1200197,101003360,165,881.1
2026-02,1200197,101004174,165,881.1
2026-02,1200197,101004224,864,11827.2
2026-02,1200197,101004230,216,5037.12
2026-02,1200197,101004233,2208,21461.760000000002
2026-02,1200197,101004257,6240,52041.6
2026-02,1200197,101004261,1800,44222.4
2026-02,1200197,101005690,7,68.04
2026-02,1200197,101070017,384,3732.48
2026-02,1200197,101070135,1440,37324.8
2026-02,1200197,101070153,567,5783.4
2026-02,1200197,101070154,63,642.6
2026-02,1200197,101070156,2205,22491.0
2026-02,1200197,101070158,819,8353.800000000001
2026-02,1200197,101070162,1260,12852.0
2026-02,1200197,101070165,1827,18635.4
2026-02,1200197,101070168,378,3855.6
2026-02,1200200,101002379,7589,171132.29
2026-02,1200200,101002612,7975,107230.09
2026-02,1200200,101002717,3240,31881.600000000002
2026-02,1200200,101002859,9000,64180.530000000006
2026-02,1200200,101003241,7920,56477.12
2026-02,1200200,101003346,1250,19700.57
2026-02,1200200,101003359,2967,21157.16
2026-02,1200200,101004141,2531,46652.04
2026-02,1200200,101004174,4500,28036.31
2026-02,1200200,101004183,5164,32173.95
2026-02,1200200,101004224,12,189.12
2026-02,1200200,101004229,588,16641.43
2026-02,1200200,101004230,713,20179.53
2026-02,1200200,101004233,20241,230342.58
2026-02,1200200,101004245,213,3357.12
2026-02,1200200,101004261,2430,75573.0
2026-02,1200200,101005690,2273,25869.76
2026-02,1200200,101070040,1459,16181.53
2026-02,1200200,101070105,7426,117033.76
2026-02,1200200,101070110,922,26111.04
2026-02,1200200,101070111,31,343.48
2026-02,1200200,101070112,2622,81544.2
2026-02,1200200,101070115,240,4286.4
2026-02,1200200,101070116,210,3750.6
2026-02,1200200,101070117,73,1303.78
2026-02,1200200,101070118,167,2982.62
2026-02,1200200,101070135,85,2405.5
2026-02,1200200,101070154,693,8260.560000000001
2026-02,1200200,101070155,1258,7485.66
2026-02,1200200,101070156,3150,37550.64
2026-02,1200200,101070161,3302,19648.41
2026-02,1200200,101070162,14799,176404.09
2026-02,1200200,101070164,947,5634.65
2026-02,1200200,101070165,1512,18025.05
2026-02,1200200,101070168,11466,136681.76
2026-02,1200236,101002612,1500,16470.0
2026-02,1200236,101002715,360,3384.0
2026-02,1200236,101002859,1800,10692.0
2026-02,1200236,101003346,432,6497.28
2026-02,1200236,101003347,1296,19491.84
2026-02,1200236,101003359,1080,6415.200000000001
2026-02,1200236,101003360,1440,8553.6
2026-02,1200236,101004141,3240,53395.2
2026-02,1200236,101004174,360,2138.4
2026-02,1200236,101004183,360,2138.4
2026-02,1200236,101004229,324,8449.92
2026-02,1200236,101004230,648,16899.84
2026-02,1200236,101004257,384,3594.24
2026-02,1200236,101004261,2592,67599.36
2026-02,1200236,101005690,192,2096.64
2026-02,1200236,101070060,476,3310.8
2026-02,1200236,101070134,3672,46022.4
2026-02,1200236,101070135,972,21124.8
2026-02,1200236,101070152,288,1368.0
2026-02,1200236,101070155,288,1641.6
2026-02,1200236,101070156,144,1368.0
2026-02,1200236,101070158,144,1368.0
2026-02,1200236,101070162,1728,16416.0
2026-02,1200236,101070164,288,1641.6
2026-02,1200236,101070165,1296,12312.0
2026-02,1200236,101070168,1728,16416.0
2026-02,1200255,101002188,1008,12700.8
2026-02,1200255,101002381,75,1245.0
2026-02,1200255,101002402,1152,14515.2
2026-02,1200255,101002612,300,2895.0
2026-02,1200255,101002715,360,2822.4
2026-02,1200255,101002859,360,2289.6
2026-02,1200255,101003346,108,1693.44
2026-02,1200255,101003347,108,1693.44
2026-02,1200255,101003359,180,1144.8
2026-02,1200255,101003360,180,1144.8
2026-02,1200255,101004141,162,2825.28
2026-02,1200255,101004174,180,1144.8
2026-02,1200255,101004183,180,954.0
2026-02,1200255,101004229,81,1757.6
2026-02,1200255,101004230,81,1757.6
2026-02,1200255,101004257,192,1570.8
2026-02,1200255,101005690,96,905.52
2026-02,1200255,101070105,432,5440.96
2026-02,1200255,101070135,81,1757.6
2026-02,1200255,101070153,1008,12700.800000000001
2026-02,1200255,101070154,1008,12700.800000000001
2026-02,1200255,101070156,4176,46872.0
2026-02,1200255,101070158,3600,39009.6
2026-02,1200255,101070162,3744,39312.0
2026-02,1200255,101070165,3384,35532.0
2026-02,1200255,101070168,4896,51408.0
2026-02,1200256,101002715,1600,14720.0
2026-02,1200256,101002717,320,2928.0
2026-02,1200256,101002859,325,1941.0
2026-02,1200256,101003241,1980,11820.6
2026-02,1200256,101004261,288,7476.48
2026-02,1200256,101070105,2400,33888.0
2026-02,1200256,101070134,672,10106.88
2026-02,1200256,101070161,1080,6642.0
2026-02,1200288,101002402,288,2816.64
2026-02,1200288,101002612,3000,29160.0
2026-02,1200288,101002715,360,2952.0
2026-02,1200288,101002859,360,1864.8
2026-02,1200288,101003241,360,1857.6
2026-02,1200288,101004174,720,3715.2
2026-02,1200288,101004257,384,3087.36
2026-02,1200288,101070153,432,4311.36
2026-02,1200288,101070154,864,8622.72
2026-02,1200288,101070156,3024,30179.52
2026-02,1200288,101070158,1872,18682.559999999998
2026-02,1200288,101070162,6624,66107.52
2026-02,1200288,101070165,2736,27305.28
2026-02,1200288,101070168,3312,33053.76
2026-02,1200363,101002381,1500,21450.0
2026-02,1200363,101002612,2250,24539.04
2026-02,1200363,101002715,180,1640.52
2026-02,1200363,101002859,2160,12700.800000000001
2026-02,1200363,101003346,216,3149.8
2026-02,1200363,101004230,2268,58786.56
2026-02,1200363,101004233,1728,18662.4
2026-02,1200363,101004261,5022,130170.23999999999
2026-02,1200363,101070134,4752,70452.63
2026-02,1200363,101070153,1152,12994.56
2026-02,1200363,101070156,1584,18384.54
2026-02,1200363,101070158,720,8356.61
2026-02,1200363,101070168,3024,34486.729999999996
2026-02,1200419,101002188,945,11387.25
2026-02,1200419,101002402,819,9894.15
2026-02,1200419,101002612,900,10152.0
2026-02,1200419,101002715,800,7328.0
2026-02,1200419,101002859,990,5801.4
2026-02,1200419,101003241,1485,8949.6
2026-02,1200419,101003346,384,5603.5199999999995
2026-02,1200419,101003359,330,1900.8
2026-02,1200419,101004141,504,8361.36
2026-02,1200419,101004174,495,2851.2
2026-02,1200419,101004230,432,11292.48
2026-02,1200419,101004233,672,7153.92
2026-02,1200419,101004261,432,11098.08
2026-02,1200419,101070017,288,3084.4800000000005
2026-02,1200419,101070153,1134,13863.15
2026-02,1200419,101070154,1008,12275.55
2026-02,1200419,101070156,1323,16008.300000000001
2026-02,1200419,101070162,1134,13626.9
2026-02,1200419,101070165,945,11529.0
2026-02,1200424,101002188,144,1444.32
2026-02,1200424,101002381,150,2145.0
2026-02,1200424,101002402,288,2888.64
2026-02,1200424,101003241,360,1857.6
2026-02,1200424,101004257,192,1543.68
2026-02,1200424,101070154,144,1444.32
2026-02,1200424,101070156,576,5777.28
2026-02,1200424,101070158,720,7221.6
2026-02,1200424,101070162,864,8665.92
2026-02,1200424,101070165,432,4332.96
2026-02,1200424,101070168,432,4332.96
2026-02,1200441,101002381,450,6435.0
2026-02,1200441,101002402,135,1522.8
2026-02,1200441,101002612,255,2784.6000000000004
2026-02,1200441,101002715,360,3348.0
2026-02,1200441,101003241,900,5292.0
2026-02,1200441,101003347,180,2678.3999999999996
2026-02,1200441,101004261,810,20995.2
2026-02,1200441,101070134,864,12856.32
2026-02,1200441,101070153,144,1624.32
2026-02,1200441,101070154,207,2334.96
2026-02,1200441,101070156,288,3248.64
2026-02,1200441,101070158,144,1624.32
2026-02,1200441,101070162,144,1624.32
2026-02,1200441,101070165,288,3248.64
2026-02,1200441,101070168,432,4872.96
2026-02,1200473,101002188,252,3175.2
2026-02,1200473,101002402,630,7938.0
2026-02,1200473,101002715,1760,17248.0
2026-02,1200473,101002859,165,1049.4
2026-02,1200473,101004141,36,627.84
2026-02,1200473,101004224,144,2257.92
2026-02,1200473,101070108,160,1568.0
2026-02,1200473,101070153,252,3175.2
2026-02,1200473,101070154,693,8731.8
2026-02,1200473,101070156,1071,13494.6
2026-02,1200473,101070158,756,9525.6
2026-02,1200473,101070162,945,11907.0
2026-02,1200473,101070165,819,10319.400000000001
2026-02,1200473,101070168,1197,15082.199999999999
2026-02,1200505,101002188,72,690.48
2026-02,1200505,101002612,150,1392.0
2026-02,1200505,101002717,180,1339.2
2026-02,1200505,101003241,180,900.0
2026-02,1200505,101004257,96,753.6
2026-02,1200505,101070153,144,1380.96
2026-02,1200505,101070154,144,1380.96
2026-02,1200505,101070156,288,2761.92
2026-02,1200505,101070158,360,3452.4
2026-02,1200505,101070162,648,6214.32
2026-02,1200505,101070165,288,2761.92
2026-02,1200505,101070168,1296,12428.64
2026-02,1200514,101002402,441,4868.639999999999
2026-02,1200514,101003346,1440,19407.36
2026-02,1200514,101004233,2976,30430.08
2026-02,1200514,101004257,1824,16250.880000000001
2026-02,1200514,101070105,1344,18170.88
2026-02,1200514,101070134,2592,34828.8
2026-02,1200514,101070153,441,4868.639999999999
2026-02,1200514,101070156,504,5571.72
2026-02,1200514,101070162,2016,22256.64
2026-02,1200514,101070165,1449,15815.52
2026-02,1200514,101070168,819,9049.32
2026-02,1200518,101001911,4500,62729.77
2026-02,1200518,101002622,4800,70302.72
2026-02,1200518,101004098,113568,1171811.59
2026-02,1200518,101070106,5544,83295.83
2026-02,1200548,101004174,2805,17839.800000000003
2026-02,1200548,101004196,1824,19170.24
2026-02,1200548,101070134,11328,174791.04
2026-02,1200548,101070156,3654,40815.18
2026-02,1200548,101070162,5544,61926.48
2026-02,1200610,101002717,20,185.07
2026-02,1200610,101070158,63,-1169.6799999999998
2026-02,1200610,101070162,189,2121.26
2026-02,1200610,101070165,126,1414.17
2026-02,1200611,101002188,63,707.09
2026-02,1200611,101002402,63,707.09
2026-02,1200611,101002612,150,1629.81
2026-02,1200611,101002715,160,1480.56
2026-02,1200611,101003241,495,2896.05
2026-02,1200611,101004224,1056,15634.7
2026-02,1200611,101004230,72,1856.91
2026-02,1200611,101004233,96,1031.62
2026-02,1200611,101005690,192,2063.23
2026-02,1200611,101070156,144,1616.2
2026-02,1200611,101070158,315,3535.43
2026-02,1200611,101070168,189,2121.26
2026-02,1200654,101001911,525,7318.469999999999
2026-02,1200654,101002622,320,4686.84
2026-02,1200654,101004098,69408,716162.1
2026-02,1200654,101004125,225,3651.4
2026-02,1200654,101070106,13112,197001.25
2026-02,1200654,101070163,450,7405.8
2026-02,1200657,101001911,75,1045.5
2026-02,1200657,101002622,560,8201.970000000001
2026-02,1200657,101004098,69312,715171.59
2026-02,1200657,101004125,765,12414.76
2026-02,1200657,101070106,14168,212867.13
2026-02,1200657,101070163,630,10368.12
2026-02,1200659,101001911,8925,127319.22
2026-02,1200659,101002622,20240,296443.13
2026-02,1200659,101003648,968,14543.72
2026-02,1200659,101004098,74976,773613.56
2026-02,1200659,101004125,585,9493.64
2026-02,1200659,101070106,10912,163947.35
2026-02,1200659,101070163,1485,24439.11
2026-02,1200671,101001911,1125,15682.429999999998
2026-02,1200671,101002622,640,9373.68
2026-02,1200671,101004098,95712,991363.9
2026-02,1200671,101004125,945,15335.880000000001
2026-02,1200671,101070106,15840,238513.44
2026-02,1200671,101070163,1260,20736.22
2026-02,1200682,101001911,675,9409.46
2026-02,1200682,101002622,400,5858.56
2026-02,1200682,101004098,57984,598287.58
2026-02,1200682,101004125,315,5111.96
2026-02,1200682,101070106,13200,198323.41
2026-02,1200682,101070163,45,740.58
2026-02,1200695,101002381,300,4290.0
2026-02,1200695,101002612,300,3276.0
2026-02,1200695,101002859,495,2910.6000000000004
2026-02,1200695,101003241,330,1940.4
2026-02,1200695,101003346,192,2856.96
2026-02,1200695,101003360,165,970.2
2026-02,1200695,101004174,330,1940.4
2026-02,1200695,101004233,576,6220.8
2026-02,1200695,101005690,480,5184.0
2026-02,1200695,101070105,576,8570.88
2026-02,1200698,101002612,300,3294.0
2026-02,1200698,101002715,1440,13536.0
2026-02,1200698,101004141,162,2669.76
2026-02,1200698,101004261,3240,70416.0
2026-02,1200698,101070134,8640,97459.2
2026-02,1200698,101070158,1440,13680.0
2026-02,1200698,101070162,16848,160056.0
2026-02,1200698,101070165,7200,68400.0
2026-02,1200698,101070168,16848,160056.0
2026-02,1200706,101002612,300,3294.0
2026-02,1200706,101003241,720,4276.8
2026-02,1200706,101004257,576,5391.36
2026-02,1200706,101004261,486,12674.88
2026-02,1200706,101070105,1080,13536.0
2026-02,1200711,101001911,1350,18818.949999999997
2026-02,1200711,101002622,960,14060.53
2026-02,1200711,101004098,67680,698332.34
2026-02,1200711,101004125,3060,49659.04
2026-02,1200711,101070106,352,5288.63
2026-02,1200711,101070163,15480,254759.03
2026-02,1200711,101070166,360,5924.639999999999
2026-02,1200713,101002381,150,2415.0
2026-02,1200713,101002715,360,3492.0
2026-02,1200713,101003241,360,2268.0
2026-02,1200713,101003346,216,3352.32
2026-02,1200713,101003347,432,6704.64
2026-02,1200713,101003359,360,2268.0
2026-02,1200713,101003360,360,2268.0
2026-02,1200713,101004141,972,16796.16
2026-02,1200713,101004245,432,6704.64
2026-02,1200713,101004261,324,8709.12
2026-02,1200713,101070097,192,1923.84
2026-02,1200713,101070134,1296,16761.6
2026-02,1200713,101070135,162,3628.8
2026-02,1200713,101070164,288,1779.84
2026-02,1200713,101070167,576,3559.68
2026-02,1200718,101002188,72,756.0
2026-02,1200718,101002381,300,4980.0
2026-02,1200718,101002402,216,2268.0
2026-02,1200718,101002612,3000,34740.0
2026-02,1200718,101002716,162,1749.6
2026-02,1200718,101002859,540,3434.4
2026-02,1200718,101003015,288,4838.4
2026-02,1200718,101003241,3240,20606.4
2026-02,1200718,101003346,756,11854.08
2026-02,1200718,101003347,1512,23708.16
2026-02,1200718,101003359,2340,14882.4
2026-02,1200718,101003360,4320,27475.2
2026-02,1200718,101004141,2187,38141.28
2026-02,1200718,101004174,1260,8013.6
2026-02,1200718,101004183,360,2289.6
2026-02,1200718,101004229,810,21902.4
2026-02,1200718,101004230,1053,28473.12
2026-02,1200718,101004257,672,6854.4
2026-02,1200718,101004261,1377,37234.08
2026-02,1200718,101005690,192,2257.92
2026-02,1200718,101070017,84,987.84
2026-02,1200718,101070060,357,2705.3999999999996
2026-02,1200718,101070075,384,3907.2
2026-02,1200718,101070076,324,5650.56
2026-02,1200718,101070134,14688,191923.19999999998
2026-02,1200718,101070153,360,3780.0
2026-02,1200718,101070154,216,2268.0
2026-02,1200718,101070161,144,907.2
2026-02,1200718,101070162,216,2268.0
2026-02,1200718,101070167,288,1814.4
2026-02,1200718,101070168,360,3780.0
2026-02,1200719,101002381,75,1245.0
2026-02,1200719,101002612,600,6948.0
2026-02,1200719,101002715,720,7056.0
2026-02,1200719,101002716,324,3499.2
2026-02,1200719,101002717,180,1764.0
2026-02,1200719,101002859,360,2289.6
2026-02,1200719,101003346,108,1693.44
2026-02,1200719,101003347,1728,27095.04
2026-02,1200719,101003360,1080,6868.8
2026-02,1200719,101004141,1134,19776.96
2026-02,1200719,101004245,108,1693.44
2026-02,1200719,101004257,96,979.2
2026-02,1200719,101004261,810,21902.4
2026-02,1200719,101005690,96,1128.96
2026-02,1200719,101070017,192,2257.92
2026-02,1200719,101070134,3348,43747.2
2026-02,1200719,101070135,81,1838.72
2026-02,1200719,101070156,720,7560.0
2026-02,1200719,101070162,2304,24192.0
2026-02,1200719,101070165,720,7560.0
2026-02,1200719,101070168,2016,21168.0
2026-02,1200720,101002188,20,249.6
2026-02,1200720,101002402,72,748.8
2026-02,1200720,101002612,300,3456.0
2026-02,1200720,101002859,31,197.16
2026-02,1200720,101003241,360,2289.6
2026-02,1200720,101003346,251,3935.6800000000003
2026-02,1200720,101003347,216,3386.88
2026-02,1200720,101003359,360,2289.6
2026-02,1200720,101004141,843,14567.04
2026-02,1200720,101004229,162,4354.56
2026-02,1200720,101004230,318,7848.960000000001
2026-02,1200720,101004233,384,4469.76
2026-02,1200720,101004245,432,6773.76
2026-02,1200720,101004257,97,977.76
2026-02,1200720,101004261,1266,30535.68
2026-02,1200720,101005690,96,1117.44
2026-02,1200720,101070017,96,1117.44
2026-02,1200720,101070075,192,1756.8
2026-02,1200720,101070105,1080,14112.0
2026-02,1200720,101070110,78,1747.2
2026-02,1200720,101070134,432,5644.8
2026-02,1200720,101070153,72,748.8
2026-02,1200720,101070154,72,898.56
2026-02,1200720,101070156,72,748.8
2026-02,1200720,101070158,216,2545.92
2026-02,1200720,101070162,72,748.8
2026-02,1200720,101070164,144,898.56
2026-02,1200720,101070165,216,2246.4
2026-02,1200720,101070168,720,7488.0
2026-02,1200742,101002612,5100,53550.0
2026-02,1200742,101002717,1800,16200.0
2026-02,1200742,101070156,5184,55987.2
2026-02,1200742,101070162,7056,76204.8
2026-02,1200742,101070165,1872,20217.600000000002
2026-02,1200753,101002402,288,3407.04
2026-02,1200753,101002859,360,2095.2
2026-02,1200753,101070153,432,5110.56
2026-02,1200753,101070154,720,8517.6
2026-02,1200753,101070156,432,5110.56
2026-02,1200753,101070158,432,5110.56
2026-02,1200753,101070162,1008,11924.64
2026-02,1200753,101070165,576,6814.08
2026-02,1200753,101070168,288,3407.04
2026-02,1200763,101001911,765,12354.02
2026-02,1200763,101002402,2999,30612.91
2026-02,1200763,101002612,29250,282724.45
2026-02,1200763,101002715,1949,15381.99
2026-02,1200763,101002859,1495,7983.77
2026-02,1200763,101003241,27885,148914.98
2026-02,1200763,101003346,16872,175050.52
2026-02,1200763,101003347,13450,140409.19
2026-02,1200763,101003359,1887,10077.18
2026-02,1200763,101003360,90,380.42
2026-02,1200763,101004141,8967,111676.74
2026-02,1200763,101004229,10277,233301.37
2026-02,1200763,101004230,22204,504059.93
2026-02,1200763,101004233,14403,140209.84
2026-02,1200763,101004245,156,1968.98
2026-02,1200763,101004257,13245,95397.68000000001
2026-02,1200763,101004261,40896,928392.87
2026-02,1200763,101005690,9191,89381.65000000001
2026-02,1200763,101070105,78336,813524.25
2026-02,1200763,101070135,5439,123472.43
2026-02,1200763,101070153,14130,144234.93
2026-02,1200763,101070154,281,2868.38
2026-02,1200763,101070156,16898,172489.88
2026-02,1200763,101070158,173,1765.95
2026-02,1200763,101070161,59670,305722.81
2026-02,1200763,101070162,4314,44036.05
2026-02,1200763,101070164,24165,123810.83
2026-02,1200763,101070165,4822,49221.58
2026-02,1200763,101070168,2590,26437.96
2026-02,1200769,101002612,1800,18630.0
2026-02,1200769,101002715,960,8758.8
2026-02,1200769,101002716,648,6502.68
2026-02,1200769,101002717,720,6577.200000000001
2026-02,1200769,101003015,576,8683.2
2026-02,1200769,101003241,720,4354.56
2026-02,1200769,101003346,432,6096.39
2026-02,1200769,101003347,432,6096.39
2026-02,1200769,101004224,1080,15116.55
2026-02,1200769,101004233,1728,18258.05
2026-02,1200769,101004261,2430,58763.21
2026-02,1200769,101070105,432,6096.38
2026-02,1200769,101070108,360,3272.4
2026-02,1200769,101070110,162,4059.07
2026-02,1200769,101070134,216,3203.71
2026-02,1200769,101070154,1152,13654.65
2026-02,1200769,101070156,2304,26811.65
2026-02,1200769,101070158,576,6936.1900000000005
2026-02,1200769,101070162,2304,26500.6
2026-02,1200769,101070165,2714,30886.94
2026-02,1200769,101070168,2271,26353.84
2026-02,1200771,101002188,9,112.32
2026-02,1200771,101003241,660,4197.6
2026-02,1200771,101004257,644,6491.52
2026-02,1200771,101070153,9,112.32
2026-02,1200771,101070154,45,561.6
2026-02,1200781,101002188,9,101.52
2026-02,1200781,101002402,9,101.52
2026-02,1200781,101002715,1760,16544.0
2026-02,1200781,101002717,480,4512.0
2026-02,1200781,101003241,1155,6370.65
2026-02,1200781,101004174,330,1862.19
2026-02,1200781,101004261,1080,27993.6
2026-02,1200781,101070153,18,182.74
2026-02,1200781,101070154,108,1096.42
2026-02,1200781,101070156,1638,17055.37
2026-02,1200781,101070162,1755,18314.23
2026-02,1200781,101070165,693,7106.41
2026-02,1200781,101070168,1377,14263.560000000001
2026-02,1200784,101002188,288,2707.2
2026-02,1200784,101002402,288,2707.2
2026-02,1200784,101002715,360,3348.0
2026-02,1200784,101002716,162,1652.4
2026-02,1200784,101003015,288,4665.6
2026-02,1200784,101003346,216,3214.08
2026-02,1200784,101070134,216,2678.4
2026-02,1200784,101070153,288,2707.2
2026-02,1200784,101070154,144,1353.6
2026-02,1200784,101070156,144,1353.6
2026-02,1200784,101070158,288,2707.2
2026-02,1200784,101070162,1944,18273.6
2026-02,1200784,101070165,1152,10828.8
2026-02,1200784,101070168,2160,20304.0
2026-02,1200785,101002188,126,1587.6
2026-02,1200785,101002402,189,2381.4
2026-02,1200785,101002612,300,3474.0
2026-02,1200785,101002715,1600,15680.0
2026-02,1200785,101002717,160,1568.0
2026-02,1200785,101002859,330,2098.8
2026-02,1200785,101003241,495,3148.2
2026-02,1200785,101004174,165,1049.4
2026-02,1200785,101070153,126,1587.6
2026-02,1200785,101070154,378,4762.8
2026-02,1200785,101070156,504,6350.4
2026-02,1200785,101070158,315,3969.0
2026-02,1200785,101070162,378,4762.8
2026-02,1200785,101070168,567,7144.2
2026-02,1200786,101002402,504,6350.4
2026-02,1200786,101002612,300,3474.0
2026-02,1200786,101002859,495,3148.2000000000003
2026-02,1200786,101003241,990,6296.4
2026-02,1200786,101003359,330,2098.8
2026-02,1200786,101004141,144,2511.36
2026-02,1200786,101004174,495,3148.2000000000003
2026-02,1200786,101004261,360,9734.400000000001
2026-02,1200786,101070105,1824,28600.32
2026-02,1200786,101070153,378,4762.8
2026-02,1200786,101070154,756,9525.6
2026-02,1200786,101070156,693,8731.8
2026-02,1200786,101070158,504,6350.4
2026-02,1200786,101070162,504,6350.4
2026-02,1200786,101070165,567,7144.2
2026-02,1200786,101070168,1008,12700.8
2026-02,1200793,101004174,221,1593.41
2026-02,1200793,101070154,756,11014.92
2026-02,1200793,101070156,84,1223.88
2026-02,1200793,101070158,262,3817.34
2026-02,1200793,101070162,756,11014.92
2026-02,1200793,101070165,63,917.91
2026-02,1200793,101070168,633,9222.81
2026-02,1200796,101002402,29,358.44
2026-02,1200796,101002612,65,744.9
2026-02,1200796,101003015,36,601.2
2026-02,1200796,101003241,455,2866.5
2026-02,1200796,101003347,22,341.44
2026-02,1200796,101003359,35,220.5
2026-02,1200796,101003360,10,63.0
2026-02,1200796,101004174,45,283.5
2026-02,1200796,101004224,1055,12617.76
2026-02,1200796,101004245,54,838.08
2026-02,1200796,101070040,6,49.5
2026-02,1200796,101070060,26,198.0
2026-02,1200796,101070075,10,109.2
2026-02,1200796,101070076,32,552.96
2026-02,1200796,101070079,40,252.0
2026-02,1200796,101070105,29,0.0
2026-02,1200796,101070154,57,704.52
2026-02,1200796,101070156,18,222.48
2026-02,1200796,101070158,45,556.2
2026-02,1200796,101070162,48,593.28
2026-02,1200796,101070165,115,1421.4
2026-02,1200806,101002612,300,3114.0
2026-02,1200806,101003346,432,6168.96
2026-02,1200806,101003347,432,6168.96
2026-02,1200806,101004230,324,7996.32
2026-02,1200806,101004261,972,23988.96
2026-02,1200806,101070040,238,1899.24
2026-02,1200806,101070135,324,8709.12
2026-02,1200806,101070154,288,3386.88
2026-02,1200806,101070158,288,3386.88
2026-02,1200806,101070162,432,5080.32
2026-02,1200806,101070168,720,8467.2
2026-02,1200826,101004141,4,56.68
2026-02,1200826,101004257,100,706.0
2026-02,1200826,101004261,4,88.16
2026-02,1200826,101070134,20,257.2
2026-02,1200826,101070135,4,88.16
2026-02,1200839,101002188,144,1641.6
2026-02,1200839,101002402,144,1641.6
2026-02,1200839,101002612,300,3294.0
2026-02,1200839,101002859,360,2138.4
2026-02,1200839,101003241,360,2138.4
2026-02,1200839,101003346,216,3248.64
2026-02,1200839,101003347,108,1624.32
2026-02,1200839,101003360,360,2138.4
2026-02,1200839,101004183,360,2138.4
2026-02,1200839,101004230,162,4224.96
2026-02,1200839,101004233,192,2096.64
2026-02,1200839,101004245,108,1624.32
2026-02,1200839,101004261,162,4224.96
2026-02,1200839,101070017,192,2096.64
2026-02,1200839,101070156,144,1641.6
2026-02,1200839,101070162,216,2462.4
2026-02,1200839,101070165,216,2462.4
2026-02,1200839,101070168,144,1641.6
2026-02,1200841,101002381,6150,95632.5
2026-02,1200841,101002612,7800,89622.0
2026-02,1200841,101002859,4680,29764.8
2026-02,1200841,101003241,6480,41212.8
2026-02,1200841,101003347,4104,64925.28
2026-02,1200841,101004229,3564,98972.28
2026-02,1200841,101004230,6318,175450.86
2026-02,1200841,101004233,9408,108097.92
2026-02,1200841,101004261,17982,499360.14
2026-02,1200841,101005690,4224,48533.759999999995
2026-02,1200841,101070017,1920,22060.8
2026-02,1200841,101070105,15120,239198.4
2026-02,1200841,101070152,3168,19704.96
2026-02,1200841,101070155,2880,17913.6
2026-02,1200841,101070161,12960,80611.2
2026-02,1200841,101070164,5472,34035.840000000004
2026-02,1200841,101070167,4032,25079.039999999997
2026-02,1200854,101002715,2520,24696.0
2026-02,1200854,101003241,360,2289.6
2026-02,1200854,101004224,1080,16934.4
2026-02,1200854,101004245,216,3386.88
2026-02,1200854,101070105,648,10160.64
2026-02,1200854,101070153,144,1814.4
2026-02,1200854,101070156,576,7257.6
2026-02,1200854,101070162,576,7257.6
2026-02,1200854,101070165,144,1814.4
2026-02,1200854,101070168,432,5443.2
2026-02,1200887,101070153,504,4934.16
2026-02,1200887,101070156,567,5550.93
2026-02,1200887,101070162,1260,12335.4
2026-02,1200887,101070165,1197,11718.63
2026-02,1200887,101070168,252,2467.08
2026-02,1200915,101002402,189,2608.2
2026-02,1200915,101003241,165,1138.5
2026-02,1200915,101004174,165,1138.5
2026-02,1200915,101004257,192,2142.72
2026-02,1200915,101070153,252,3477.6
2026-02,1200915,101070156,441,6085.8
2026-02,1200915,101070158,63,869.4
2026-02,1200915,101070162,252,3477.6
2026-02,1200915,101070165,189,2608.2
2026-02,1200915,101070168,315,4347.0
2026-02,1200929,101004141,1296,21358.079999999998
2026-02,1200929,101070105,3456,38983.68
2026-02,1200929,101070115,216,2601.92
2026-02,1200929,101070116,216,2601.92
2026-02,1200929,101070117,216,2601.92
2026-02,1200929,101070118,216,2601.92
2026-02,1200943,101002715,360,3492.0
2026-02,1200943,101002859,360,2268.0
2026-02,1200943,101003241,1080,6804.0
2026-02,1200943,101004174,360,2268.0
2026-02,1200943,101070154,144,1779.84
2026-02,1200943,101070156,144,1779.84
2026-02,1200943,101070158,144,1779.84
2026-02,1200943,101070162,288,3559.68
2026-02,1200948,101002188,288,2707.2
2026-02,1200948,101002381,150,2145.0
2026-02,1200948,101002402,144,1353.6
2026-02,1200948,101002859,180,1058.4
2026-02,1200948,101003360,180,1058.4
2026-02,1200948,101004174,180,1058.4
2026-02,1200948,101004183,180,1058.4
2026-02,1200948,101070115,432,5148.48
2026-02,1200948,101070116,432,5148.48
2026-02,1200948,101070117,432,5148.48
2026-02,1200948,101070118,432,5148.48
2026-02,1200948,101070135,486,10497.6
2026-02,1200948,101070153,144,1353.6
2026-02,1200948,101070154,288,2707.2
2026-02,1200948,101070156,144,1353.6
2026-02,1200948,101070158,288,2707.2
2026-02,1200948,101070162,1296,12182.4
2026-02,1200948,101070165,720,6768.0
2026-02,1200948,101070168,1296,12182.4
2026-02,1200949,101003359,180,1134.0
2026-02,1200949,101004229,162,3628.8
2026-02,1200949,101004230,162,3628.8
2026-02,1200949,101004261,324,7257.6
2026-02,1200949,101070017,96,1111.68
2026-02,1200949,101070105,3240,37713.6
2026-02,1200949,101070156,288,3559.68
2026-02,1200949,101070165,288,3559.68
2026-02,1200949,101070168,720,8899.2
2026-02,1200956,101002188,81,840.48
2026-02,1200956,101002402,90,927.0
2026-02,1200956,101002715,140,1358.0
2026-02,1200956,101002859,90,567.0
2026-02,1200956,101003241,135,850.5
2026-02,1200956,101004257,192,1923.84
2026-02,1200956,101070153,72,741.6
2026-02,1200956,101070154,117,1211.28
2026-02,1200956,101070156,144,1483.2
2026-02,1200956,101070158,144,1483.2
2026-02,1200956,101070162,144,1483.2
2026-02,1200956,101070165,90,927.0
2026-02,1200956,101070168,288,2966.4
2026-02,1200973,101002188,126,1542.24
2026-02,1200973,101002715,480,4704.0
2026-02,1200973,101002717,320,3136.0
2026-02,1200973,101002859,165,1039.5
2026-02,1200973,101003241,330,2079.0
2026-02,1200973,101003359,330,2079.0
2026-02,1200973,101004174,330,2079.0
2026-02,1200973,101070109,660,4158.0
2026-02,1200973,101070153,189,2313.36
2026-02,1200973,101070154,189,2313.36
2026-02,1200973,101070156,189,2313.36
2026-02,1200973,101070158,189,2313.36
2026-02,1200973,101070162,315,3855.6000000000004
2026-02,1200973,101070165,189,2313.36
2026-02,1200973,101070168,630,7711.2
2026-02,1200978,101002188,288,3594.24
2026-02,1200978,101070154,288,3594.24
2026-02,1200978,101070156,432,5391.36
2026-02,1200978,101070158,576,7188.48
2026-02,1200978,101070162,1008,12579.84
2026-02,1200978,101070165,576,7188.48
2026-02,1200978,101070168,1152,14376.96
2026-02,1200984,101070105,43848,534945.6
2026-02,1200985,101001911,4950,69326.61
2026-02,1200985,101002622,3040,44732.020000000004
2026-02,1200985,101003648,176,2665.33
2026-02,1200985,101004098,9888,102687.82
2026-02,1200985,101004125,3465,56684.68
2026-02,1200985,101070106,1848,27891.37
2026-02,1200985,101070163,5175,85887.42
2026-02,1200989,101001911,2925,43699.5
2026-02,1200989,101002622,400,5120.0
2026-02,1200989,101004196,1632,15471.359999999999
2026-02,1200989,101070153,2520,28526.4
2026-02,1200989,101070163,1755,25236.9
2026-02,1200989,101070166,7875,113242.5
2026-02,1200995,101002188,288,3024.0
2026-02,1200995,101002402,288,3024.0
2026-02,1200995,101003347,216,3386.88
2026-02,1200995,101004141,486,8475.84
2026-02,1200995,101004245,216,3386.88
2026-02,1200995,101004261,0,1811.68
2026-02,1200995,101070135,324,7300.8
2026-02,1200995,101070153,288,3024.0
2026-02,1200995,101070154,288,3024.0
2026-02,1200995,101070156,864,9072.0
2026-02,1200995,101070158,288,3024.0
2026-02,1200995,101070162,2736,28728.0
2026-02,1200995,101070165,576,6048.0
2026-02,1200995,101070168,2016,21168.0
2026-02,1200996,101070156,63,710.64
2026-02,1200996,101070162,126,1421.28
2026-02,1200996,101070165,27,304.56
2026-02,1201001,101002188,144,1814.4
2026-02,1201001,101002402,144,1814.4
2026-02,1201001,101002612,300,3474.0
2026-02,1201001,101002715,180,1764.0
2026-02,1201001,101002717,180,1764.0
2026-02,1201001,101002859,360,2289.6
2026-02,1201001,101003015,144,2419.2
2026-02,1201001,101003241,360,2289.6
2026-02,1201001,101003346,216,3386.88
2026-02,1201001,101003347,432,6773.76
2026-02,1201001,101003360,360,2289.6
2026-02,1201001,101004141,162,2825.28
2026-02,1201001,101004174,360,2289.6
2026-02,1201001,101004183,180,1144.8
2026-02,1201001,101004229,162,4380.48
2026-02,1201001,101004230,162,4380.48
2026-02,1201001,101004261,324,8760.96
2026-02,1201001,101070097,96,979.2
2026-02,1201001,101070134,216,3386.88
2026-02,1201001,101070153,144,1814.4
2026-02,1201001,101070154,144,1814.4
2026-02,1201001,101070156,144,1814.4
2026-02,1201001,101070158,72,907.2
2026-02,1201001,101070162,288,3628.8
2026-02,1201001,101070165,144,1814.4
2026-02,1201001,101070168,288,3628.8
2026-02,1201009,101002715,360,2678.4
2026-02,1201009,101003347,432,5140.8
2026-02,1201009,101003359,180,900.0
2026-02,1201009,101004141,486,6347.16
2026-02,1201009,101004224,864,10281.6
2026-02,1201009,101004261,162,3359.88
2026-02,1201009,101070168,288,2761.92
2026-02,1201012,101002188,576,5932.8
2026-02,1201012,101002402,144,1483.2
2026-02,1201012,101070134,19440,227059.2
2026-02,1201012,101070153,144,1483.2
2026-02,1201012,101070154,576,5932.8
2026-02,1201012,101070156,1296,13348.8
2026-02,1201012,101070158,432,4449.6
2026-02,1201012,101070162,3600,37080.0
2026-02,1201012,101070165,2448,25214.4
2026-02,1201012,101070168,3600,37080.0
2026-02,1201014,101002715,210,2037.0
2026-02,1201014,101002716,161,1706.6
2026-02,1201014,101004257,50,498.0
2026-02,1201014,101070017,30,345.6
2026-02,1201014,101070060,30,224.94
2026-02,1201014,101070115,5,62.08
2026-02,1201014,101070116,5,62.08
2026-02,1201014,101070117,5,62.08
2026-02,1201014,101070118,5,62.08
2026-02,1201014,101070162,216,2203.2
2026-02,1201014,101070168,324,3304.8
2026-02,1201020,101002716,324,3337.2
2026-02,1201020,101002859,360,2138.4
2026-02,1201020,101004141,324,5339.52
2026-02,1201020,101004245,432,6497.28
2026-02,1201020,101070134,2376,26801.28
2026-02,1201029,101002188,288,2761.92
2026-02,1201029,101003133,1800,13392.0
2026-02,1201029,101003346,432,5140.8
2026-02,1201029,101003347,216,2570.4
2026-02,1201029,101003456,36,324.72
2026-02,1201029,101003457,876,4380.0
2026-02,1201029,101004141,324,4231.44
2026-02,1201029,101004245,216,2570.4
2026-02,1201029,101070156,144,1298.88
2026-02,1201029,101070168,432,3896.64
2026-02,1201031,101002612,300,3276.0
2026-02,1201031,101002859,360,2116.8
2026-02,1201031,101003347,216,3214.08
2026-02,1201031,101004141,1296,21150.72
2026-02,1201031,101004174,360,2116.8
2026-02,1201031,101004233,384,4147.2
2026-02,1201031,101070115,216,2574.24
2026-02,1201031,101070116,216,2574.24
2026-02,1201031,101070117,216,2574.24
2026-02,1201031,101070118,216,2574.24
2026-02,1201031,101070134,1080,16070.4
2026-02,1201031,101070156,1296,12182.400000000001
2026-02,1201031,101070158,1584,14889.6
2026-02,1201031,101070162,3888,36547.200000000004
2026-02,1201031,101070165,144,1353.6
2026-02,1201031,101070168,2448,23011.2
2026-02,1201035,101002612,300,3456.0
2026-02,1201035,101003241,165,1049.4
2026-02,1201035,101070156,1449,18083.52
2026-02,1201035,101070162,5040,62672.4
2026-02,1201035,101070168,4662,57954.96
2026-02,1201043,101002612,600,6876.0
2026-02,1201043,101002715,160,1552.0
2026-02,1201043,101002859,495,3118.5
2026-02,1201043,101003241,990,6237.0
2026-02,1201043,101003359,165,1039.5
2026-02,1201043,101004174,495,3118.5
2026-02,1201043,101004230,144,3870.72
2026-02,1201043,101004233,96,1111.68
2026-02,1201043,101004261,216,5806.08
2026-02,1201043,101070134,384,5959.68
2026-02,1201043,101070135,216,5806.08
2026-02,1201043,101070156,63,778.68
2026-02,1201043,101070158,504,6229.44
2026-02,1201043,101070162,189,2336.04
2026-02,1201043,101070165,63,778.68
2026-02,1201043,101070168,1008,12458.88
2026-02,1201045,101004183,360,2268.0
2026-02,1201046,101002188,72,690.48
2026-02,1201046,101002402,72,690.48
2026-02,1201046,101002859,540,2700.0
2026-02,1201046,101003346,108,1285.2
2026-02,1201046,101003347,108,1285.2
2026-02,1201046,101004141,81,1057.86
2026-02,1201046,101004174,540,2700.0
2026-02,1201046,101070134,108,1285.2
2026-02,1201046,101070153,72,690.48
2026-02,1201046,101070154,432,4142.88
2026-02,1201046,101070156,216,2071.44
2026-02,1201046,101070158,72,690.48
2026-02,1201046,101070162,288,2761.92
2026-02,1201046,101070165,144,1380.96
2026-02,1201046,101070168,360,3452.4
2026-02,1201047,101004214,7680,79243.4
2026-02,1201047,101070020,10560,137959.54
2026-02,1201055,101070168,576,5195.52
2026-02,1201058,101002188,144,1483.2
2026-02,1201058,101002402,144,1483.2
2026-02,1201058,101004257,96,961.92
2026-02,1201058,101005690,32,370.56
2026-02,1201058,101070040,17,128.7
2026-02,1201058,101070153,45,469.68
2026-02,1201058,101070154,144,1483.2
2026-02,1201058,101070156,144,1483.2
2026-02,1201058,101070158,36,370.8
2026-02,1201058,101070162,144,1483.2
2026-02,1201058,101070165,72,741.6
2026-02,1201058,101070168,144,1483.2
2026-02,1201060,101002715,2720,26656.0
2026-02,1201060,101003241,660,4197.6
2026-02,1201060,101003346,96,1505.28
2026-02,1201060,101004141,1224,21346.56
2026-02,1201060,101004245,96,1505.28
2026-02,1201060,101004261,360,9734.4
2026-02,1201060,101070134,1344,21073.92
2026-02,1201060,101070135,72,1946.88
2026-02,1201061,101002188,144,1527.84
2026-02,1201061,101002402,144,1527.84
2026-02,1201061,101003241,821,4441.61
2026-02,1201061,101003346,432,5417.28
2026-02,1201061,101003347,216,2708.64
2026-02,1201061,101004141,162,2238.84
2026-02,1201061,101004174,360,1947.6
2026-02,1201061,101004224,432,5417.28
2026-02,1201061,101004230,162,3483.0
2026-02,1201061,101004261,324,6966.0
2026-02,1201061,101070079,259,1427.09
2026-02,1201061,101070135,162,3483.0
2026-02,1201061,101070154,144,1527.84
2026-02,1201061,101070156,144,1437.12
2026-02,1201061,101070158,144,1437.12
2026-02,1201061,101070162,144,1437.12
2026-02,1201065,101002402,18,185.4
2026-02,1201065,101002715,10,97.0
2026-02,1201065,101002716,9,96.3
2026-02,1201065,101002859,24,151.2
2026-02,1201065,101003015,8,133.6
2026-02,1201065,101003241,48,302.4
2026-02,1201065,101003346,12,186.24
2026-02,1201065,101003347,9,139.68
2026-02,1201065,101003360,24,151.2
2026-02,1201065,101004141,18,311.04
2026-02,1201065,101004230,9,241.92
2026-02,1201065,101004245,18,279.36
2026-02,1201065,101004257,12,120.24
2026-02,1201065,101004261,10,268.8
2026-02,1201065,101070017,12,138.96
2026-02,1201065,101070079,20,126.0
2026-02,1201065,101070118,15,186.24
2026-02,1201065,101070134,60,776.0
2026-02,1201065,101070156,18,185.4
2026-02,1201065,101070158,18,185.4
2026-02,1201065,101070162,60,618.0
2026-02,1201073,101002188,126,1436.4
2026-02,1201073,101002402,126,1436.4
2026-02,1201073,101002612,300,3099.0
2026-02,1201073,101002715,160,1504.0
2026-02,1201073,101002717,72,676.8
2026-02,1201073,101002859,495,2709.3
2026-02,1201073,101003241,165,980.1
2026-02,1201073,101004141,72,891.3599999999999
2026-02,1201073,101004224,0,-1042.56
2026-02,1201073,101004230,216,5462.639999999999
2026-02,1201073,101004233,576,6289.92
2026-02,1201073,101004257,384,3594.24
2026-02,1201073,101004261,216,4780.08
2026-02,1201073,101070040,68,632.4
2026-02,1201073,101070134,672,10106.88
2026-02,1201073,101070135,144,3755.52
2026-02,1201073,101070153,189,2154.6
2026-02,1201073,101070154,207,2359.8
2026-02,1201073,101070156,63,718.2
2026-02,1201073,101070158,126,1436.4
2026-02,1201073,101070162,63,718.2
2026-02,1201073,101070165,144,1641.6
2026-02,1201073,101070168,126,1436.4
2026-02,1201076,101002188,40,494.4
2026-02,1201076,101002402,35,432.6
2026-02,1201076,101002859,60,378.0
2026-02,1201076,101003241,20,126.0
2026-02,1201076,101003346,30,465.6
2026-02,1201076,101003347,40,620.8
2026-02,1201076,101003359,20,126.0
2026-02,1201076,101003360,20,126.0
2026-02,1201076,101004141,30,518.4
2026-02,1201076,101004174,6,37.8
2026-02,1201076,101004230,35,806.4
2026-02,1201076,101004233,30,347.4
2026-02,1201076,101004257,60,601.2
2026-02,1201076,101004261,35,806.4
2026-02,1201076,101005690,30,347.4
2026-02,1201076,101070017,10,115.8
2026-02,1201076,101070060,20,148.5
2026-02,1201076,101070076,15,259.2
2026-02,1201076,101070153,40,494.4
2026-02,1201076,101070154,50,618.0
2026-02,1201076,101070156,30,370.8
2026-02,1201076,101070165,38,469.68
2026-02,1201090,101004224,288,4331.52
2026-02,1201090,101004233,192,2096.64
2026-02,1201090,101004261,144,3755.52
2026-02,1201090,101005690,288,3144.96
2026-02,1201090,101070162,252,2872.8
2026-02,1205005,101002612,300,3312.0
2026-02,1205005,101002859,330,1980.0
2026-02,1205005,101003241,165,990.0
2026-02,1205005,101004257,288,2730.24
2026-02,1205005,101005690,192,2119.68
2026-02,1205005,101070134,288,4331.52
2026-02,1205005,101070156,189,2177.28
2026-02,1205005,101070158,315,3628.8
2026-02,1205005,101070162,630,7257.6
2026-02,1205005,101070165,126,1451.52
2026-02,1205005,101070168,126,1451.52
2026-02,1205007,101003346,20,313.6
2026-02,1205007,101004230,70,1881.6
2026-02,1205007,101004261,70,1881.6
2026-02,1205007,101070134,60,940.8
2026-02,1205009,101002612,150,1437.0
2026-02,1205009,101002715,160,1488.0
2026-02,1205009,101002716,144,1468.8
2026-02,1205009,101004224,216,2782.08
2026-02,1205009,101004257,192,1543.68
2026-02,1205009,101004261,162,4199.04
2026-02,1205019,101070133,2895,35778.08
2026-02,1205021,101002859,360,2271.6
2026-02,1205021,101004174,1080,6814.8
2026-02,1205026,101002715,21600,181440.0
2026-02,1205026,101002717,6480,54432.0
2026-02,1205026,101003241,15840,89337.6
2026-02,1205026,101070152,14112,73664.64
2026-02,1205026,101070155,11808,58803.84
2026-02,1205026,101070157,16992,88698.23999999999
2026-02,1205026,101070161,15840,78883.2
2026-02,1205033,101002402,15,172.22
2026-02,1205033,101003347,45,635.04
2026-02,1205033,101004229,25,604.8
2026-02,1205033,101004257,50,463.68
2026-02,1205033,101004261,96,2322.43
2026-02,1205033,101070156,60,688.9
2026-02,1205033,101070158,10,114.82
2026-02,1205033,101070162,20,229.63
2026-02,1205044,101002188,432,5443.200000000001
2026-02,1205044,101002402,720,9072.0
2026-02,1205044,101002715,1080,10584.0
2026-02,1205044,101003241,1080,6868.799999999999
2026-02,1205044,101004261,486,13141.439999999999
2026-02,1205044,101070153,864,10886.4
2026-02,1205044,101070154,864,10886.4
2026-02,1205044,101070156,1440,18144.0
2026-02,1205044,101070158,864,10886.4
2026-02,1205044,101070165,1440,18144.0
2026-02,1205044,101070168,720,9072.0
2026-02,1205046,101002715,2340,22698.0
2026-02,1205046,101003015,144,2404.8
2026-02,1205046,101003241,1620,10206.0
2026-02,1205046,101003346,432,6704.64
2026-02,1205046,101003359,1080,6804.0
2026-02,1205046,101003360,1800,11340.0
2026-02,1205046,101004141,972,16796.16
2026-02,1205046,101004183,360,2268.0
2026-02,1205046,101004229,324,8709.12
2026-02,1205046,101004230,567,15240.96
2026-02,1205046,101004233,192,2223.36
2026-02,1205046,101004261,486,13063.68
2026-02,1205046,101070017,96,1111.68
2026-02,1205046,101070076,243,4199.04
2026-02,1205046,101070134,7992,103363.2
2026-02,1205047,101070156,432,4449.6
2026-02,1205047,101070162,216,2224.8
2026-02,1205047,101070165,216,2224.8
2026-02,1205047,101070168,432,4449.6
2026-02,1205051,101002188,864,9072.0
2026-02,1205051,101002402,1008,10584.0
2026-02,1205051,101002612,600,6948.0
2026-02,1205051,101002715,1800,17640.0
2026-02,1205051,101002717,360,3528.0
2026-02,1205051,101002859,360,2289.6
2026-02,1205051,101003015,288,4838.4
2026-02,1205051,101003241,720,4579.2
2026-02,1205051,101003346,216,3386.88
2026-02,1205051,101003347,216,3386.88
2026-02,1205051,101003359,360,2289.6
2026-02,1205051,101004141,162,2825.28
2026-02,1205051,101004174,360,2289.6
2026-02,1205051,101004229,162,4380.48
2026-02,1205051,101004230,162,4380.48
2026-02,1205051,101070075,192,1776.0
2026-02,1205051,101070108,360,3528.0
2026-02,1205051,101070115,216,2712.64
2026-02,1205051,101070116,216,2712.64
2026-02,1205051,101070117,216,2712.64
2026-02,1205051,101070118,216,2712.64
2026-02,1205051,101070153,1008,10584.0
2026-02,1205051,101070154,1008,10584.0
2026-02,1205051,101070156,1728,18144.0
2026-02,1205051,101070158,1296,13608.0
2026-02,1205051,101070162,3312,34776.0
2026-02,1205051,101070165,1728,18144.0
2026-02,1205051,101070168,5184,54432.0
2026-02,1205053,101002715,4176,35078.4
2026-02,1205053,101003241,6840,34473.6
2026-02,1205057,101002402,126,1421.28
2026-02,1205057,101002715,320,2976.0
2026-02,1205057,101003241,165,970.2
2026-02,1205057,101070153,63,710.64
2026-02,1205057,101070154,63,710.64
2026-02,1205057,101070156,189,2131.92
2026-02,1205057,101070158,126,1421.28
2026-02,1205057,101070162,63,710.64
2026-02,1205057,101070165,756,8527.68
2026-02,1205057,101070168,189,2131.92
2026-02,1205062,101004224,5,65.65
2026-02,1205062,101070135,5,129.6
2026-02,1205069,101070040,714,6597.36
2026-02,1205069,101070153,864,10160.64
2026-02,1205069,101070165,864,10160.64
2026-02,1205069,101070168,864,10160.64
2026-02,C5800,101002613,23700,201288.84
2026-02,C5800,101003028,13320,61138.8
2026-02,C5800,101003118,13320,61138.8
2026-02,C5800,101003119,17640,80967.6
2026-02,C5800,101003122,19800,90882.0
2026-02,C5800,101003207,16200,117430.56
2026-02,C5800,101003242,32760,150368.39
2026-02,C5800,101003941,2121,27634.09
2026-02,C5800,101004148,286368,2399076.72
2026-02,C5800,101004189,32133,372987.03
2026-02,C5800,101004226,15390,320758.38
2026-02,C5800,101004262,8640,100289.66
2026-02,C5800,101070173,21744,190886.25
2026-02,C5800,101070175,14544,127678.87
2026-02,C5800,101070179,11167,98032.87
2026-02,NCASH510,101002188,3,27.0
2026-02,NCASH510,101002402,7,63.0
2026-02,NCASH510,101002612,22,191.4
2026-02,NCASH510,101002859,26,122.2
2026-02,NCASH510,101003241,3,14.1
2026-02,NCASH510,101003347,9,107.1
2026-02,NCASH510,101003359,6,28.2
2026-02,NCASH510,101003360,2,9.4
2026-02,NCASH510,101004098,1,8.6
2026-02,NCASH510,101004141,15,196.5
2026-02,NCASH510,101004174,16,75.2
2026-02,NCASH510,101004224,27,321.3
2026-02,NCASH510,101004233,3,25.8
2026-02,NCASH510,101004245,4,47.6
2026-02,NCASH510,101004261,10,207.0
2026-02,NCASH510,101070017,6,51.6
2026-02,NCASH510,101070040,11,81.4
2026-02,NCASH510,101070060,1,7.4
2026-02,NCASH510,101070075,1,8.2
2026-02,NCASH510,101070076,1,13.0
2026-02,NCASH510,101070097,4,29.6
2026-02,NCASH510,101070153,3,27.0
2026-02,NCASH510,101070154,7,63.0
2026-02,NCASH510,101070155,6,27.0
2026-02,NCASH510,101070156,9,81.0
2026-02,NCASH510,101070158,11,99.0
2026-02,NCASH510,101070161,3,13.5
2026-02,NCASH510,101070162,76,684.0
2026-02,NCASH510,101070165,11,99.0
2026-02,NCASH510,101070168,10,90.0
2026-03,1200002,101003241,1440,7128.0
2026-03,1200002,101003347,648,8121.6
2026-03,1200002,101003360,720,3564.0
2026-03,1200002,101004141,2070,28428.0
2026-03,1200002,101004257,384,2995.2
2026-03,1200002,101070097,384,2995.2
2026-03,1200015,101002381,150,2145.0
2026-03,1200015,101002612,2400,21840.0
2026-03,1200015,101002859,2880,14112.0
2026-03,1200015,101003241,4680,22932.0
2026-03,1200015,101003347,432,5356.8
2026-03,1200015,101003359,720,3528.0
2026-03,1200015,101003360,720,3528.0
2026-03,1200015,101004141,1134,15422.4
2026-03,1200015,101004174,1080,5292.0
2026-03,1200015,101004183,360,1764.0
2026-03,1200015,101004224,840,10864.0
2026-03,1200015,101004233,384,3456.0
2026-03,1200015,101004257,384,2956.8
2026-03,1200015,101005690,384,3456.0
2026-03,1200015,101070134,6480,80352.0
2026-03,1200015,101070135,324,6998.4
2026-03,1200016,101002381,300,4290.0
2026-03,1200016,101002612,600,5460.0
2026-03,1200016,101002716,324,3304.8
2026-03,1200016,101002859,540,2646.0
2026-03,1200016,101003241,2160,10584.0
2026-03,1200016,101003346,216,3214.08
2026-03,1200016,101003347,216,2678.4
2026-03,1200016,101003359,360,1764.0
2026-03,1200016,101003360,720,3528.0
2026-03,1200016,101004141,810,11016.0
2026-03,1200016,101004174,360,1764.0
2026-03,1200016,101004183,180,882.0
2026-03,1200016,101004233,288,2592.0
2026-03,1200016,101004245,108,1607.04
2026-03,1200016,101004257,288,2217.6000000000004
2026-03,1200016,101070040,120,831.6
2026-03,1200016,101070097,384,2956.8
2026-03,1200016,101070134,3456,42854.4
2026-03,1200016,101070135,81,1762.56
2026-03,1200017,101002612,300,2775.0
2026-03,1200017,101002859,1440,7272.0
2026-03,1200017,101003241,1800,9090.0
2026-03,1200017,101003346,216,3283.2
2026-03,1200017,101003347,1296,16416.0
2026-03,1200017,101003359,720,3636.0
2026-03,1200017,101003360,360,1818.0
2026-03,1200017,101004141,1296,17971.2
2026-03,1200017,101004174,360,1818.0
2026-03,1200017,101004230,162,4250.88
2026-03,1200017,101004245,216,3283.2
2026-03,1200017,101004257,192,1526.4
2026-03,1200017,101004261,324,8501.76
2026-03,1200017,101070134,2808,35568.0
2026-03,1200017,101070168,144,1676.16
2026-03,1200018,101002381,150,2167.5
2026-03,1200018,101002612,1800,16470.0
2026-03,1200018,101002716,324,3337.2
2026-03,1200018,101002717,360,3384.0
2026-03,1200018,101002859,2880,14256.0
2026-03,1200018,101003015,288,4694.4
2026-03,1200018,101003241,3240,16038.0
2026-03,1200018,101003346,216,3248.64
2026-03,1200018,101003347,1512,18950.4
2026-03,1200018,101003360,2160,10692.0
2026-03,1200018,101004141,2268,31147.2
2026-03,1200018,101004174,1800,8910.0
2026-03,1200018,101004229,162,4224.96
2026-03,1200018,101004230,162,4224.96
2026-03,1200018,101004233,192,1747.2
2026-03,1200018,101004257,576,4492.799999999999
2026-03,1200018,101004261,486,12674.880000000001
2026-03,1200018,101070060,238,1664.7
2026-03,1200018,101070079,720,3564.0
2026-03,1200018,101070135,162,3520.8
2026-03,1200019,101002381,75,1196.25
2026-03,1200019,101002402,144,1762.56
2026-03,1200019,101002859,720,3744.0
2026-03,1200019,101003359,360,1872.0
2026-03,1200019,101003360,360,1872.0
2026-03,1200019,101004141,324,4622.4
2026-03,1200019,101004174,360,1872.0
2026-03,1200019,101004229,162,4328.64
2026-03,1200019,101004230,162,4328.64
2026-03,1200019,101004233,144,1658.88
2026-03,1200019,101004257,144,1274.8799999999999
2026-03,1200019,101004261,486,12985.92
2026-03,1200019,101070115,54,682.88
2026-03,1200019,101070116,54,682.88
2026-03,1200019,101070117,54,682.88
2026-03,1200019,101070118,54,682.88
2026-03,1200019,101070134,1296,16761.6
2026-03,1200019,101070153,144,1762.56
2026-03,1200019,101070158,72,734.4
2026-03,1200019,101070162,2520,26144.64
2026-03,1200019,101070165,1296,13219.2
2026-03,1200019,101070168,288,3525.12
2026-03,1200020,101002402,144,1444.32
2026-03,1200020,101070153,144,1444.32
2026-03,1200020,101070156,144,1444.32
2026-03,1200020,101070158,288,2888.64
2026-03,1200020,101070162,288,2888.64
2026-03,1200020,101070165,288,2888.64
2026-03,1200020,101070168,720,7221.6
2026-03,1200027,101002188,432,4121.28
2026-03,1200027,101002402,324,3090.96
2026-03,1200027,101070108,240,2280.0
2026-03,1200027,101070153,432,4121.28
2026-03,1200027,101070154,540,5151.599999999999
2026-03,1200027,101070156,756,7212.24
2026-03,1200027,101070158,540,5151.599999999999
2026-03,1200027,101070162,1944,18545.760000000002
2026-03,1200027,101070165,756,7665.84
2026-03,1200027,101070168,540,5151.6
2026-03,1200029,101002188,72,812.16
2026-03,1200029,101002402,432,4872.96
2026-03,1200029,101003347,108,1339.2
2026-03,1200029,101003360,180,882.0
2026-03,1200029,101004141,162,2203.2
2026-03,1200029,101004257,96,739.2
2026-03,1200029,101070134,216,2678.4
2026-03,1200029,101070153,144,1624.32
2026-03,1200029,101070154,144,1624.32
2026-03,1200029,101070156,72,812.16
2026-03,1200029,101070158,144,1624.32
2026-03,1200029,101070162,432,4872.96
2026-03,1200029,101070165,1008,11370.24
2026-03,1200029,101070168,288,3248.64
2026-03,1200031,101002612,600,5790.0
2026-03,1200031,101002715,720,7056.0
2026-03,1200031,101002716,324,3499.2
2026-03,1200031,101002859,540,2862.0
2026-03,1200031,101003241,1980,10494.0
2026-03,1200031,101003346,108,1693.44
2026-03,1200031,101003347,432,5644.8
2026-03,1200031,101003359,540,2862.0
2026-03,1200031,101003360,720,3816.0
2026-03,1200031,101004141,648,9417.599999999999
2026-03,1200031,101004174,180,954.0
2026-03,1200031,101004229,162,4380.48
2026-03,1200031,101004230,162,4380.48
2026-03,1200031,101004233,576,5644.799999999999
2026-03,1200031,101004245,108,1693.44
2026-03,1200031,101004257,576,4896.0
2026-03,1200031,101004261,648,17521.92
2026-03,1200031,101005690,384,3763.2
2026-03,1200031,101070017,96,940.8
2026-03,1200031,101070040,119,901.8
2026-03,1200031,101070097,96,816.0
2026-03,1200031,101070135,324,7300.8
2026-03,1200031,101070156,144,1814.4
2026-03,1200031,101070158,144,1814.4
2026-03,1200031,101070162,144,1814.4
2026-03,1200031,101070165,144,1814.4
2026-03,1200031,101070168,288,3628.8
2026-03,1200032,101002188,144,1814.4
2026-03,1200032,101004233,480,5644.8
2026-03,1200032,101004257,1152,11750.4
2026-03,1200032,101005690,384,4515.84
2026-03,1200032,101070040,119,1192.38
2026-03,1200032,101070153,144,1814.4
2026-03,1200032,101070154,288,3628.8
2026-03,1200032,101070156,144,1814.4
2026-03,1200032,101070162,288,3628.8
2026-03,1200032,101070165,288,3628.8
2026-03,1200032,101070168,864,10886.4
2026-03,1200034,101070156,1296,17884.8
2026-03,1200035,101002188,144,1814.4
2026-03,1200035,101002381,450,7470.0
2026-03,1200035,101002402,144,1814.4
2026-03,1200035,101002612,1500,14175.0
2026-03,1200035,101002716,648,6998.4
2026-03,1200035,101002859,720,3690.0
2026-03,1200035,101003015,576,9676.8
2026-03,1200035,101003241,2520,13104.0
2026-03,1200035,101003346,648,10160.64
2026-03,1200035,101003347,1296,16473.6
2026-03,1200035,101003359,360,1908.0
2026-03,1200035,101004141,2592,37022.4
2026-03,1200035,101004174,720,3690.0
2026-03,1200035,101004183,360,1908.0
2026-03,1200035,101004229,486,12830.4
2026-03,1200035,101004230,972,25971.839999999997
2026-03,1200035,101004233,384,3628.8
2026-03,1200035,101004245,216,3386.88
2026-03,1200035,101004257,960,8160.0
2026-03,1200035,101004261,810,21591.36
2026-03,1200035,101070079,360,1908.0
2026-03,1200035,101070134,10368,135475.2
2026-03,1200035,101070135,324,7300.8
2026-03,1200035,101070153,288,3628.8
2026-03,1200035,101070154,576,7257.6
2026-03,1200035,101070158,288,3456.0
2026-03,1200035,101070162,3024,37929.600000000006
2026-03,1200035,101070165,2448,30844.8
2026-03,1200035,101070168,2736,34473.6
2026-03,1200036,101003346,108,1693.44
2026-03,1200036,101003347,54,846.72
2026-03,1200036,101004141,81,1399.68
2026-03,1200036,101070154,72,898.56
2026-03,1200037,101003241,360,2268.0
2026-03,1200037,101003347,216,3352.32
2026-03,1200037,101004141,81,1399.68
2026-03,1200037,101070134,216,2793.6
2026-03,1200037,101070153,72,741.6
2026-03,1200037,101070162,576,5932.8
2026-03,1200037,101070165,576,5932.8
2026-03,1200037,101070168,720,7416.0
2026-03,1200039,101002612,150,1447.5
2026-03,1200039,101003241,720,3816.0
2026-03,1200039,101003347,1080,14112.0
2026-03,1200039,101004141,648,9417.6
2026-03,1200039,101004229,81,2190.24
2026-03,1200039,101004230,81,2190.24
2026-03,1200039,101004245,216,3386.88
2026-03,1200039,101004257,384,3264.0
2026-03,1200039,101004261,648,17521.92
2026-03,1200039,101070134,8640,112896.0
2026-03,1200039,101070135,324,7300.8
2026-03,1200039,101070153,144,1814.4
2026-03,1200039,101070156,288,3628.8
2026-03,1200039,101070158,144,1814.4
2026-03,1200039,101070162,576,7257.6
2026-03,1200039,101070165,126,1310.4
2026-03,1200039,101070168,720,9072.0
2026-03,1200047,101002402,288,2923.2
2026-03,1200047,101003241,180,939.6
2026-03,1200047,101004257,384,3133.44
2026-03,1200047,101005690,96,933.12
2026-03,1200047,101070153,288,2923.2
2026-03,1200047,101070154,576,5846.4
2026-03,1200047,101070156,720,7308.0
2026-03,1200047,101070158,864,8769.6
2026-03,1200047,101070162,1296,13154.400000000001
2026-03,1200047,101070168,1584,16077.599999999999
2026-03,1200048,101002402,288,3870.72
2026-03,1200048,101070153,576,7741.44
2026-03,1200048,101070156,144,1935.36
2026-03,1200048,101070158,144,1935.36
2026-03,1200048,101070162,576,7741.44
2026-03,1200048,101070165,1440,19353.6
2026-03,1200048,101070168,288,3870.72
2026-03,1200055,101002612,2100,20265.0
2026-03,1200055,101002859,360,1908.0
2026-03,1200055,101003241,2520,13356.0
2026-03,1200055,101003346,1728,24272.64
2026-03,1200055,101003347,1512,19756.800000000003
2026-03,1200055,101003360,360,1908.0
2026-03,1200055,101004141,1458,21189.6
2026-03,1200055,101004174,1080,5724.0
2026-03,1200055,101004233,1728,15240.96
2026-03,1200055,101070108,2160,21168.0
2026-03,1200055,101070115,864,10850.56
2026-03,1200055,101070116,864,10850.56
2026-03,1200055,101070117,864,10850.56
2026-03,1200055,101070118,864,10850.56
2026-03,1200055,101070134,20952,273772.8
2026-03,1200055,101070135,162,3650.4
2026-03,1200055,101070158,144,1814.4
2026-03,1200055,101070165,720,7560.0
2026-03,1200056,101002188,945,11957.4
2026-03,1200056,101002402,819,10445.4
2026-03,1200056,101002715,3520,33520.0
2026-03,1200056,101002859,330,2187.9
2026-03,1200056,101003241,990,6014.25
2026-03,1200056,101003359,330,1975.0500000000002
2026-03,1200056,101004233,192,2123.52
2026-03,1200056,101004257,672,6770.88
2026-03,1200056,101070153,756,9500.4
2026-03,1200056,101070154,1134,14074.2
2026-03,1200056,101070156,1638,20323.8
2026-03,1200056,101070158,882,10999.8
2026-03,1200056,101070162,1386,17173.8
2026-03,1200056,101070165,1008,12423.6
2026-03,1200056,101070168,2835,35242.2
2026-03,1200067,101002381,150,2422.5
2026-03,1200067,101002402,144,1797.12
2026-03,1200067,101002612,300,2880.0
2026-03,1200067,101002717,360,3528.0
2026-03,1200067,101002859,360,1908.0
2026-03,1200067,101003241,1440,7632.0
2026-03,1200067,101003347,432,5644.8
2026-03,1200067,101003359,360,1908.0
2026-03,1200067,101003360,360,1908.0
2026-03,1200067,101004141,972,13996.800000000001
2026-03,1200067,101004224,2268,29635.2
2026-03,1200067,101004233,192,1862.4
2026-03,1200067,101004245,324,5080.32
2026-03,1200067,101004257,192,1612.8
2026-03,1200067,101004261,972,26127.36
2026-03,1200067,101005690,192,1862.4
2026-03,1200067,101070017,96,931.2
2026-03,1200067,101070040,120,896.4
2026-03,1200067,101070060,119,896.4
2026-03,1200067,101070134,648,8467.2
2026-03,1200067,101070135,324,7257.6
2026-03,1200067,101070162,432,5391.36
2026-03,1200067,101070168,288,3594.24
2026-03,1200077,101001911,150,2472.0
2026-03,1200077,101004125,5220,84407.4
2026-03,1200077,101004196,12000,129720.0
2026-03,1200077,101070127,71840,602737.6
2026-03,1200077,101070156,1764,19968.48
2026-03,1200077,101070163,51165,838615.35
2026-03,1200077,101070166,4230,69336.45
2026-03,1200095,101002381,525,8242.5
2026-03,1200095,101002612,3000,34380.0
2026-03,1200095,101002859,2475,15741.0
2026-03,1200095,101003241,1650,10494.0
2026-03,1200095,101003346,960,13872.0
2026-03,1200095,101003347,480,6936.0
2026-03,1200095,101004174,1980,12592.800000000001
2026-03,1200095,101004224,1344,19420.8
2026-03,1200095,101004229,288,7741.44
2026-03,1200095,101004230,1224,32901.119999999995
2026-03,1200095,101004233,3072,35573.76
2026-03,1200095,101004245,288,4213.4400000000005
2026-03,1200095,101004257,2976,29819.520000000004
2026-03,1200095,101004261,4392,113445.36
2026-03,1200095,101005690,1536,17786.88
2026-03,1200095,101070134,4032,58262.4
2026-03,1200095,101070135,288,7439.04
2026-03,1200095,101070156,1071,12166.56
2026-03,1200095,101070162,1323,15029.279999999999
2026-03,1200095,101070168,2016,22901.76
2026-03,1200100,101001911,7200,101370.58
2026-03,1200100,101004098,40992,427080.43
2026-03,1200100,101070106,13024,196708.8
2026-03,1200100,101070163,25515,424418.65
2026-03,1200100,101070166,14355,238644.03
2026-03,1200105,101003241,2400,11760.0
2026-03,1200105,101070134,480,5952.0
2026-03,1200113,101002381,825,12221.25
2026-03,1200113,101002612,3300,33525.0
2026-03,1200113,101002715,1370,13036.0
2026-03,1200113,101002717,160,1616.0
2026-03,1200113,101003241,330,2217.6
2026-03,1200113,101003347,192,2918.4
2026-03,1200113,101004233,3584,36576.0
2026-03,1200113,101004257,960,9123.84
2026-03,1200113,101004261,3078,80340.48
2026-03,1200113,101070105,1704,25766.4
2026-03,1200113,101070156,1071,11657.52
2026-03,1200113,101070158,567,6297.48
2026-03,1200113,101070162,1827,20109.600000000002
2026-03,1200113,101070165,567,6146.28
2026-03,1200113,101070168,1071,12277.44
2026-03,1200119,101002381,300,4455.0
2026-03,1200119,101004230,162,4250.88
2026-03,1200119,101070134,216,2736.0
2026-03,1200119,101070135,324,7084.8
2026-03,1200119,101070154,144,1676.16
2026-03,1200119,101070156,432,5028.48
2026-03,1200119,101070158,432,5028.48
2026-03,1200119,101070162,1152,13409.28
2026-03,1200119,101070165,288,3352.32
2026-03,1200119,101070168,1008,11733.12
2026-03,1200120,101002188,144,1478.88
2026-03,1200120,101002402,144,1478.88
2026-03,1200120,101070153,144,1478.88
2026-03,1200120,101070154,288,2957.76
2026-03,1200120,101070156,144,1478.88
2026-03,1200120,101070158,144,1478.88
2026-03,1200120,101070162,432,4436.64
2026-03,1200120,101070165,144,1478.88
2026-03,1200120,101070168,432,4436.64
2026-03,1200140,101002612,2700,30780.0
2026-03,1200140,101002859,3960,20592.0
2026-03,1200140,101003241,2880,14976.0
2026-03,1200140,101003347,4536,58665.600000000006
2026-03,1200140,101003359,2520,13104.0
2026-03,1200140,101003360,2880,14976.0
2026-03,1200140,101004141,5184,73958.4
2026-03,1200140,101004174,2160,11232.0
2026-03,1200140,101004183,720,3744.0
2026-03,1200140,101004233,192,1843.2
2026-03,1200140,101004245,216,3352.32
2026-03,1200140,101004257,1152,9561.6
2026-03,1200140,101070168,288,3525.12
2026-03,1200153,101002381,150,2175.0
2026-03,1200153,101002612,300,3096.0
2026-03,1200153,101003241,165,940.5
2026-03,1200153,101004229,72,1736.64
2026-03,1200153,101004230,648,15629.76
2026-03,1200153,101004233,864,9020.16
2026-03,1200153,101005690,192,2004.48
2026-03,1200153,101070017,96,1002.24
2026-03,1200153,101070040,119,1056.72
2026-03,1200153,101070116,672,10859.52
2026-03,1200153,101070117,480,7756.8
2026-03,1200153,101070118,576,9308.16
2026-03,1200153,101070135,360,9619.2
2026-03,1200160,101002612,1950,20631.0
2026-03,1200160,101002859,2970,16998.3
2026-03,1200160,101003347,1440,20724.48
2026-03,1200160,101004174,3135,17856.3
2026-03,1200160,101004224,308,4472.16
2026-03,1200160,101004261,2520,62064.0
2026-03,1200160,101070134,2112,30420.48
2026-03,1200160,101070156,2583,27455.4
2026-03,1200160,101070162,2583,27228.6
2026-03,1200160,101070168,2268,23950.08
2026-03,1200173,101002612,150,1647.0
2026-03,1200173,101003346,96,1443.84
2026-03,1200173,101004230,67,1747.36
2026-03,1200173,101004233,192,2096.64
2026-03,1200173,101004261,144,3755.52
2026-03,1200173,101005690,96,1048.32
2026-03,1200173,101070156,126,1436.4
2026-03,1200173,101070162,315,3591.0
2026-03,1200173,101070165,126,1436.4
2026-03,1200173,101070168,189,2154.6
2026-03,1200180,101002188,144,1684.8
2026-03,1200180,101002402,144,1684.8
2026-03,1200180,101070153,288,3369.6
2026-03,1200180,101070154,432,5054.4
2026-03,1200180,101070156,1008,11793.6
2026-03,1200180,101070158,144,1684.8
2026-03,1200180,101070162,720,8424.0
2026-03,1200180,101070165,432,5054.4
2026-03,1200180,101070168,1008,11793.6
2026-03,1200187,101002381,300,4710.0
2026-03,1200187,101002402,144,1779.84
2026-03,1200187,101003241,1080,5670.0
2026-03,1200187,101003346,216,3352.32
2026-03,1200187,101003347,432,5587.2
2026-03,1200187,101004141,162,2332.8
2026-03,1200187,101070158,144,1779.84
2026-03,1200187,101070162,1296,16018.56
2026-03,1200187,101070165,576,7119.36
2026-03,1200187,101070168,432,5339.52
2026-03,1200188,101002381,225,3251.25
2026-03,1200188,101002612,1200,13176.0
2026-03,1200188,101003241,1815,10781.1
2026-03,1200188,101004224,1632,24545.28
2026-03,1200188,101004233,480,5241.599999999999
2026-03,1200188,101004257,288,2695.68
2026-03,1200188,101004261,720,18777.6
2026-03,1200188,101005690,480,5241.6
2026-03,1200188,101070110,216,5633.28
2026-03,1200188,101070156,756,8618.4
2026-03,1200188,101070158,945,10773.0
2026-03,1200188,101070162,1386,15800.4
2026-03,1200188,101070165,63,718.2
2026-03,1200197,101002381,75,963.75
2026-03,1200197,101002612,450,4914.0
2026-03,1200197,101002715,8480,72512.0
2026-03,1200197,101002717,1280,10880.0
2026-03,1200197,101003241,330,1861.2
2026-03,1200197,101003347,960,12979.2
2026-03,1200197,101004224,3072,41679.35999999999
2026-03,1200197,101004229,360,8395.2
2026-03,1200197,101004230,1080,25185.6
2026-03,1200197,101004233,672,6946.5599999999995
2026-03,1200197,101004257,192,1601.28
2026-03,1200197,101004261,11448,267341.76
2026-03,1200197,101070116,2592,38568.96
2026-03,1200197,101070117,2400,35712.0
2026-03,1200197,101070118,2016,29998.079999999998
2026-03,1200197,101070134,12000,178560.0
2026-03,1200197,101070135,2664,69050.88
2026-03,1200197,101070156,189,2131.92
2026-03,1200197,101070158,189,2131.92
2026-03,1200197,101070162,189,2131.92
2026-03,1200200,101002379,8512,194142.07
2026-03,1200200,101002612,7240,95309.99
2026-03,1200200,101002717,4680,46051.200000000004
2026-03,1200200,101002859,14940,106522.2
2026-03,1200200,101003241,5580,39785.4
2026-03,1200200,101003346,1879,29613.039999999997
2026-03,1200200,101003359,2925,20855.25
2026-03,1200200,101003360,641,4897.24
2026-03,1200200,101004141,1354,24954.22
2026-03,1200200,101004174,1800,11214.0
2026-03,1200200,101004183,3159,19680.57
2026-03,1200200,101004229,415,11744.5
2026-03,1200200,101004230,705,19951.5
2026-03,1200200,101004233,12644,143888.72
2026-03,1200200,101004245,97,1528.72
2026-03,1200200,101004257,4,48.04
2026-03,1200200,101004261,7693,239252.3
2026-03,1200200,101005690,2514,28609.32
2026-03,1200200,101070040,996,11035.68
2026-03,1200200,101070060,129,1549.29
2026-03,1200200,101070076,33,700.92
2026-03,1200200,101070079,118,901.52
2026-03,1200200,101070105,2234,35207.84
2026-03,1200200,101070110,357,10110.24
2026-03,1200200,101070111,231,2559.48
2026-03,1200200,101070112,53,1648.3
2026-03,1200200,101070115,239,4268.54
2026-03,1200200,101070117,312,5572.32
2026-03,1200200,101070118,39,696.54
2026-03,1200200,101070154,252,3003.84
2026-03,1200200,101070155,513,3052.35
2026-03,1200200,101070156,2520,30038.4
2026-03,1200200,101070161,285,1695.75
2026-03,1200200,101070162,6802,81079.84
2026-03,1200200,101070164,665,3956.75
2026-03,1200200,101070165,1584,18881.28
2026-03,1200200,101070168,13734,163709.28
2026-03,1200236,101002381,150,2167.5
2026-03,1200236,101002612,1200,10980.0
2026-03,1200236,101002715,1080,10152.0
2026-03,1200236,101002859,1440,7128.0
2026-03,1200236,101003241,2520,12474.0
2026-03,1200236,101003346,216,3248.64
2026-03,1200236,101003347,1296,16243.199999999999
2026-03,1200236,101003359,360,1782.0
2026-03,1200236,101003360,720,3564.0
2026-03,1200236,101004141,3402,46720.8
2026-03,1200236,101004174,360,1782.0
2026-03,1200236,101004183,360,1782.0
2026-03,1200236,101004229,324,8449.92
2026-03,1200236,101004230,162,4224.96
2026-03,1200236,101004233,768,6988.8
2026-03,1200236,101004257,576,4492.799999999999
2026-03,1200236,101004261,3240,84499.2
2026-03,1200236,101005690,192,1747.2
2026-03,1200236,101070017,576,5241.6
2026-03,1200236,101070076,162,2669.76
2026-03,1200236,101070097,768,5990.4
2026-03,1200236,101070118,216,2601.92
2026-03,1200236,101070134,2160,27072.0
2026-03,1200236,101070152,288,1641.6
2026-03,1200236,101070156,432,4924.799999999999
2026-03,1200236,101070162,2304,26265.6
2026-03,1200236,101070165,576,6566.4
2026-03,1200236,101070168,2880,32832.0
2026-03,1200255,101002402,432,3931.2
2026-03,1200255,101002717,180,1411.2
2026-03,1200255,101070153,144,1512.0
2026-03,1200255,101070154,1224,12852.0
2026-03,1200255,101070156,1872,23587.2
2026-03,1200255,101070158,144,1814.4
2026-03,1200255,101070162,4752,49896.0
2026-03,1200256,101002715,2400,22560.0
2026-03,1200256,101002717,960,9024.0
2026-03,1200256,101003241,5115,31303.8
2026-03,1200256,101004261,1800,46728.0
2026-03,1200256,101070134,3168,47646.72
2026-03,1200256,101070161,2160,13089.6
2026-03,1200265,101002188,576,7257.6
2026-03,1200265,101002402,288,3628.8
2026-03,1200265,101002715,2160,21168.0
2026-03,1200265,101002717,720,7056.0
2026-03,1200265,101002859,360,2289.6
2026-03,1200265,101003241,1800,11448.0
2026-03,1200265,101003359,360,2289.6
2026-03,1200265,101004174,720,4579.2
2026-03,1200265,101004261,162,4380.48
2026-03,1200265,101070040,476,4769.52
2026-03,1200265,101070134,216,3352.32
2026-03,1200265,101070153,288,3628.8
2026-03,1200265,101070154,864,10886.400000000001
2026-03,1200265,101070156,2448,30706.56
2026-03,1200265,101070158,1296,16295.04
2026-03,1200265,101070162,3312,41592.96
2026-03,1200265,101070165,2016,25263.36
2026-03,1200265,101070168,2160,27216.0
2026-03,1200273,101002381,240,3468.0
2026-03,1200273,101002402,324,3693.6
2026-03,1200273,101003241,600,2970.0
2026-03,1200273,101003347,600,7520.0
2026-03,1200273,101070156,324,3693.6
2026-03,1200273,101070158,324,3693.6
2026-03,1200273,101070162,756,8618.4
2026-03,1200273,101070165,324,3693.6
2026-03,1200288,101002402,288,2816.64
2026-03,1200288,101002612,3000,29160.0
2026-03,1200288,101002859,720,3729.6
2026-03,1200288,101003241,720,3715.2
2026-03,1200288,101004174,360,1857.6
2026-03,1200288,101004257,192,1543.68
2026-03,1200288,101070153,1440,14371.199999999999
2026-03,1200288,101070154,1296,12934.079999999998
2026-03,1200288,101070156,3744,37365.119999999995
2026-03,1200288,101070158,1296,12934.079999999998
2026-03,1200288,101070162,7920,79041.6
2026-03,1200288,101070165,3600,36864.0
2026-03,1200288,101070168,4032,40239.36
2026-03,1200363,101002381,1650,23294.7
2026-03,1200363,101002402,144,1624.32
2026-03,1200363,101002612,2400,25753.32
2026-03,1200363,101002715,0,2.52
2026-03,1200363,101002859,2520,14669.42
2026-03,1200363,101003241,1080,6054.05
2026-03,1200363,101003346,432,6431.96
2026-03,1200363,101003347,432,6428.16
2026-03,1200363,101003359,180,984.31
2026-03,1200363,101003360,360,2116.8
2026-03,1200363,101004141,162,2643.84
2026-03,1200363,101004174,180,1058.4
2026-03,1200363,101004183,180,1058.4
2026-03,1200363,101004229,162,4199.04
2026-03,1200363,101004230,2754,70207.95
2026-03,1200363,101004233,3072,32451.84
2026-03,1200363,101004245,54,747.27
2026-03,1200363,101004261,3564,91203.15
2026-03,1200363,101070134,6048,88209.56999999999
2026-03,1200363,101070153,720,8121.599999999999
2026-03,1200363,101070154,288,3248.64
2026-03,1200363,101070156,144,1677.54
2026-03,1200363,101070158,72,836.35
2026-03,1200363,101070162,360,4060.8
2026-03,1200363,101070165,144,1624.32
2026-03,1200363,101070168,1584,17787.489999999998
2026-03,1200400,101002188,108,1096.2
2026-03,1200400,101002715,120,1128.0
2026-03,1200400,101004257,160,1305.6
2026-03,1200400,101070153,108,1096.2
2026-03,1200400,101070154,108,1096.2
2026-03,1200400,101070156,108,1096.2
2026-03,1200400,101070158,108,1096.2
2026-03,1200400,101070162,378,3836.7
2026-03,1200400,101070165,108,1096.2
2026-03,1200400,101070168,216,2192.4
2026-03,1200419,101002188,378,4479.3
2026-03,1200419,101002402,441,5225.85
2026-03,1200419,101002612,600,6588.0
2026-03,1200419,101002715,480,4320.0
2026-03,1200419,101002859,660,3801.6
2026-03,1200419,101003241,660,3801.6
2026-03,1200419,101003346,288,4098.24
2026-03,1200419,101003359,330,1900.8
2026-03,1200419,101004141,216,3389.04
2026-03,1200419,101004174,495,2851.2
2026-03,1200419,101004230,216,5549.04
2026-03,1200419,101004233,288,2738.88
2026-03,1200419,101004261,576,14797.439999999999
2026-03,1200419,101070017,96,1028.16
2026-03,1200419,101070153,693,8212.05
2026-03,1200419,101070154,1008,11944.8
2026-03,1200419,101070156,1386,16424.1
2026-03,1200419,101070162,756,8958.6
2026-03,1200419,101070165,315,3732.75
2026-03,1200441,101002381,300,4290.0
2026-03,1200441,101002402,54,609.12
2026-03,1200441,101002612,105,1146.6
2026-03,1200441,101002715,360,3348.0
2026-03,1200441,101003347,60,892.8
2026-03,1200441,101004261,324,8398.08
2026-03,1200441,101070134,216,3214.08
2026-03,1200441,101070154,81,913.68
2026-03,1200441,101070156,144,1624.32
2026-03,1200441,101070165,144,1624.32
2026-03,1200441,101070168,144,1624.32
2026-03,1200460,101002612,600,5550.0
2026-03,1200460,101002715,720,6840.0
2026-03,1200460,101002859,360,1818.0
2026-03,1200460,101003241,720,3636.0
2026-03,1200460,101003346,1728,21888.0
2026-03,1200460,101003347,2160,27360.0
2026-03,1200460,101003359,720,3636.0
2026-03,1200460,101003360,720,3636.0
2026-03,1200460,101004141,810,11232.0
2026-03,1200460,101004233,576,4795.2
2026-03,1200460,101004245,216,3283.2
2026-03,1200460,101070115,864,10503.2
2026-03,1200460,101070116,648,7873.6
2026-03,1200460,101070117,1080,13132.8
2026-03,1200460,101070118,864,10503.2
2026-03,1200460,101070134,1620,20520.0
2026-03,1200460,101070156,288,3352.32
2026-03,1200460,101070162,864,10056.96
2026-03,1200460,101070165,432,4190.4
2026-03,1200460,101070168,864,10056.96
2026-03,1200473,101002188,378,5216.4
2026-03,1200473,101002402,189,2608.2
2026-03,1200473,101002612,30,365.4
2026-03,1200473,101002859,165,1138.5
2026-03,1200473,101003241,330,2277.0
2026-03,1200473,101003359,165,1138.5
2026-03,1200473,101004174,165,1138.5
2026-03,1200473,101004257,48,535.68
2026-03,1200473,101070153,189,2608.2
2026-03,1200473,101070154,315,4347.0
2026-03,1200473,101070156,378,5216.4
2026-03,1200473,101070158,252,3477.6
2026-03,1200473,101070162,630,8694.0
2026-03,1200473,101070165,315,4347.0
2026-03,1200473,101070168,630,8694.0
2026-03,1200514,101002402,819,8814.96
2026-03,1200514,101003346,1632,21818.88
2026-03,1200514,101004233,3456,34899.84
2026-03,1200514,101004257,1824,15939.84
2026-03,1200514,101070134,4416,58905.6
2026-03,1200514,101070153,819,8814.96
2026-03,1200514,101070156,1260,13721.4
2026-03,1200514,101070162,4599,50092.56
2026-03,1200514,101070165,2331,25998.84
2026-03,1200514,101070168,1449,15732.36
2026-03,1200518,101001911,9975,139050.97999999998
2026-03,1200518,101002622,13920,203877.88
2026-03,1200518,101004098,34848,359566.91
2026-03,1200518,101070106,10208,153370.09
2026-03,1200521,101003241,330,1599.84
2026-03,1200521,101003360,165,799.92
2026-03,1200521,101070135,144,3022.85
2026-03,1200521,101070153,315,2749.95
2026-03,1200521,101070154,315,2749.95
2026-03,1200521,101070156,378,3299.94
2026-03,1200521,101070163,675,8930.25
2026-03,1200521,101070166,1080,14288.4
2026-03,1200548,101004174,5280,33580.8
2026-03,1200548,101004196,2592,27241.920000000002
2026-03,1200548,101070134,16608,256261.44
2026-03,1200548,101070156,5103,57000.51
2026-03,1200548,101070162,10521,117519.57
2026-03,1200610,101002188,63,707.09
2026-03,1200610,101002402,63,707.07
2026-03,1200610,101002715,160,1480.56
2026-03,1200610,101002717,20,185.07
2026-03,1200610,101070153,63,707.09
2026-03,1200610,101070154,63,707.09
2026-03,1200610,101070156,252,2828.35
2026-03,1200610,101070158,126,1414.17
2026-03,1200610,101070162,63,707.09
2026-03,1200610,101070165,63,707.09
2026-03,1200610,101070168,567,6363.78
2026-03,1200611,101070156,0,-161.52
2026-03,1200611,101070168,0,-65.67
2026-03,1200654,101001911,300,4182.0
2026-03,1200654,101002622,400,5858.55
2026-03,1200654,101004098,29376,303105.97000000003
2026-03,1200654,101004125,90,1460.56
2026-03,1200654,101007351,12675,176688.87
2026-03,1200654,101070106,15136,227410.84
2026-03,1200654,101070163,90,1481.16
2026-03,1200657,101001911,0,19051.2
2026-03,1200657,101002622,400,5858.55
2026-03,1200657,101004098,44064,454658.96
2026-03,1200657,101004125,495,8033.08
2026-03,1200657,101007351,15150,211190.22999999998
2026-03,1200657,101070106,17336,260464.74
2026-03,1200657,101070163,270,4443.4800000000005
2026-03,1200659,101001911,9225,128596.04999999999
2026-03,1200659,101002622,49120,719278.35
2026-03,1200659,101004098,62784,645009.27
2026-03,1200659,101004125,585,9493.64
2026-03,1200659,101007351,6675,93049.18
2026-03,1200659,101070106,19184,288230.02
2026-03,1200659,101070163,810,13330.41
2026-03,1200659,101070166,495,8146.36
2026-03,1200671,101001911,375,5227.49
2026-03,1200671,101002622,880,12888.83
2026-03,1200671,101004098,28032,289543.08
2026-03,1200671,101004125,675,10954.199999999999
2026-03,1200671,101007351,150,2091.0
2026-03,1200671,101070106,13552,203927.25
2026-03,1200671,101070163,900,14811.57
2026-03,1200671,101070166,45,740.58
2026-03,1200682,101001911,450,6272.98
2026-03,1200682,101002622,1040,15232.25
2026-03,1200682,101004098,17856,184240.88
2026-03,1200682,101004125,270,4381.68
2026-03,1200682,101007351,7425,103504.13
2026-03,1200682,101070106,3696,55530.560000000005
2026-03,1200682,101070163,315,5184.06
2026-03,1200695,101002612,600,6552.0
2026-03,1200695,101002859,660,3880.8
2026-03,1200695,101003347,864,12856.32
2026-03,1200695,101003359,825,4851.0
2026-03,1200695,101004229,720,17222.4
2026-03,1200695,101004230,720,17222.4
2026-03,1200695,101004261,720,17222.4
2026-03,1200695,101070075,576,5840.64
2026-03,1200695,101070105,922,13719.36
2026-03,1200698,101002612,3900,35685.0
2026-03,1200698,101002715,1800,16920.0
2026-03,1200698,101002859,1080,5346.0
2026-03,1200698,101003241,5400,26730.0
2026-03,1200698,101003359,360,1782.0
2026-03,1200698,101003360,720,3564.0
2026-03,1200698,101004141,2430,33372.0
2026-03,1200698,101004233,1152,9434.88
2026-03,1200698,101004245,216,3248.64
2026-03,1200698,101070017,192,1747.2
2026-03,1200698,101070115,1296,15596.48
2026-03,1200698,101070117,1296,15596.48
2026-03,1200698,101070118,1296,15596.48
2026-03,1200698,101070134,1296,16243.2
2026-03,1200698,101070156,144,1641.6
2026-03,1200711,101001911,1275,17773.44
2026-03,1200711,101002622,2560,37494.770000000004
2026-03,1200711,101004098,50304,519044.15
2026-03,1200711,101004125,1710,27750.64
2026-03,1200711,101007351,75,1045.5
2026-03,1200711,101070106,616,9255.1
2026-03,1200711,101070163,22860,376213.92
2026-03,1200711,101070166,1215,19995.65
2026-03,1200713,101002188,144,1779.84
2026-03,1200713,101002715,360,3492.0
2026-03,1200713,101002716,324,3466.8
2026-03,1200713,101003015,288,4809.6
2026-03,1200713,101003241,360,1890.0
2026-03,1200713,101003347,216,2793.6
2026-03,1200713,101003359,360,1890.0
2026-03,1200713,101003360,360,1890.0
2026-03,1200713,101004141,810,11664.0
2026-03,1200713,101004245,216,3352.32
2026-03,1200713,101070097,192,1603.2
2026-03,1200713,101070134,1080,13968.0
2026-03,1200713,101070135,162,3628.8
2026-03,1200713,101070153,144,1779.84
2026-03,1200713,101070156,144,1779.84
2026-03,1200713,101070162,144,1779.84
2026-03,1200713,101070165,144,1779.84
2026-03,1200713,101070167,288,1779.84
2026-03,1200713,101070168,288,3559.68
2026-03,1200718,101002381,375,6225.0
2026-03,1200718,101002402,144,1814.4
2026-03,1200718,101002716,486,5248.799999999999
2026-03,1200718,101002717,720,7056.0
2026-03,1200718,101002859,900,4770.0
2026-03,1200718,101003015,144,2419.2
2026-03,1200718,101003241,1440,7632.0
2026-03,1200718,101003346,216,3386.88
2026-03,1200718,101003347,3024,41207.04
2026-03,1200718,101003359,540,2862.0
2026-03,1200718,101003360,360,1908.0
2026-03,1200718,101004141,6399,97472.16
2026-03,1200718,101004174,900,4770.0
2026-03,1200718,101004229,81,2190.24
2026-03,1200718,101004230,324,8760.96
2026-03,1200718,101004233,288,2822.4
2026-03,1200718,101004245,216,3386.88
2026-03,1200718,101004257,996,8466.0
2026-03,1200718,101004261,1701,45995.04
2026-03,1200718,101005690,96,940.8
2026-03,1200718,101070017,96,940.8
2026-03,1200718,101070079,1080,6487.2
2026-03,1200718,101070115,80,1003.52
2026-03,1200718,101070116,188,2367.6800000000003
2026-03,1200718,101070117,188,2367.6800000000003
2026-03,1200718,101070118,296,3716.16
2026-03,1200718,101070134,14364,187689.6
2026-03,1200718,101070153,648,8164.8
2026-03,1200718,101070154,72,907.2
2026-03,1200718,101070156,144,1814.4
2026-03,1200718,101070158,288,3628.8
2026-03,1200718,101070162,1296,16329.6
2026-03,1200718,101070164,144,907.2
2026-03,1200718,101070165,576,7257.6
2026-03,1200718,101070168,1584,19958.4
2026-03,1200719,101002381,150,2490.0
2026-03,1200719,101002612,750,7237.5
2026-03,1200719,101002859,720,3816.0
2026-03,1200719,101003015,144,2419.2
2026-03,1200719,101003241,3600,19080.0
2026-03,1200719,101003346,108,1693.44
2026-03,1200719,101003347,648,8467.2
2026-03,1200719,101003359,720,3816.0
2026-03,1200719,101003360,1440,7632.0
2026-03,1200719,101004141,4860,70632.0
2026-03,1200719,101004174,540,2862.0
2026-03,1200719,101004183,360,1908.0
2026-03,1200719,101004233,96,940.8
2026-03,1200719,101004245,216,3386.88
2026-03,1200719,101004257,384,3264.0
2026-03,1200719,101070040,238,1793.58
2026-03,1200719,101070115,108,1364.16
2026-03,1200719,101070116,108,1364.16
2026-03,1200719,101070117,108,1364.16
2026-03,1200719,101070118,108,1364.16
2026-03,1200719,101070134,9180,119952.0
2026-03,1200719,101070135,486,10951.2
2026-03,1200720,101002381,150,2422.5
2026-03,1200720,101002612,300,2880.0
2026-03,1200720,101002859,360,1908.0
2026-03,1200720,101003241,377,2003.4
2026-03,1200720,101003347,324,4233.6
2026-03,1200720,101003359,108,572.4
2026-03,1200720,101003360,90,477.0
2026-03,1200720,101004141,851,12268.8
2026-03,1200720,101004229,41,1102.08
2026-03,1200720,101004230,81,2177.28
2026-03,1200720,101004233,96,931.2
2026-03,1200720,101004257,192,1612.8
2026-03,1200720,101004261,405,10886.4
2026-03,1200720,101070040,60,448.2
2026-03,1200720,101070060,48,358.56
2026-03,1200720,101070076,81,1399.68
2026-03,1200720,101070079,180,954.0
2026-03,1200720,101070097,96,806.4
2026-03,1200720,101070134,2148,28067.2
2026-03,1200742,101002612,900,9450.0
2026-03,1200742,101002715,12960,116640.0
2026-03,1200742,101002717,720,6480.0
2026-03,1200742,101070153,4896,52876.8
2026-03,1200742,101070154,17712,191289.6
2026-03,1200742,101070156,1728,18662.4
2026-03,1200742,101070158,7776,83980.8
2026-03,1200742,101070162,4608,49766.399999999994
2026-03,1200742,101070165,576,6220.8
2026-03,1200753,101002402,144,1703.52
2026-03,1200753,101070153,720,8517.6
2026-03,1200753,101070154,864,10221.12
2026-03,1200753,101070156,432,5110.56
2026-03,1200753,101070158,576,6814.08
2026-03,1200753,101070162,864,10221.12
2026-03,1200753,101070165,576,6814.08
2026-03,1200753,101070168,144,1703.52
2026-03,1200761,101002402,576,7741.44
2026-03,1200761,101002715,540,5508.0
2026-03,1200761,101002717,360,3672.0
2026-03,1200761,101004233,480,5961.599999999999
2026-03,1200761,101004257,576,6255.36
2026-03,1200761,101070135,162,4510.08
2026-03,1200761,101070153,648,8709.119999999999
2026-03,1200761,101070158,432,5806.08
2026-03,1200761,101070162,936,12579.84
2026-03,1200761,101070165,2232,29998.079999999998
2026-03,1200761,101070168,648,8709.119999999999
2026-03,1200763,101001911,1148,18539.13
2026-03,1200763,101002402,3160,32256.37
2026-03,1200763,101002612,22350,216030.5
2026-03,1200763,101002715,2563,20227.84
2026-03,1200763,101002859,2589,13826.09
2026-03,1200763,101003241,26235,140103.45
2026-03,1200763,101003346,16375,169894.06
2026-03,1200763,101003347,11372,117986.87
2026-03,1200763,101003359,1167,6232.15
2026-03,1200763,101003360,105,443.81
2026-03,1200763,101004141,5975,74413.77
2026-03,1200763,101004229,8241,187081.50999999998
2026-03,1200763,101004230,11766,267103.64
2026-03,1200763,101004233,10909,106196.51000000001
2026-03,1200763,101004245,204,2574.82
2026-03,1200763,101004257,8818,63512.02
2026-03,1200763,101004261,28584,648894.32
2026-03,1200763,101005690,6152,59827.65
2026-03,1200763,101070105,50688,526398.02
2026-03,1200763,101070135,3888,88262.65999999999
2026-03,1200763,101070153,10841,107645.0
2026-03,1200763,101070154,441,4501.62
2026-03,1200763,101070156,16191,159574.63
2026-03,1200763,101070158,242,2470.29
2026-03,1200763,101070161,55215,273559.62
2026-03,1200763,101070162,5930,60531.69
2026-03,1200763,101070164,26325,131406.01
2026-03,1200763,101070165,3944,40259.2
2026-03,1200763,101070168,2871,29306.33
2026-03,1200765,101070156,1575,16443.0
2026-03,1200765,101070158,126,1315.44
2026-03,1200765,101070162,1764,18416.16
2026-03,1200765,101070165,189,1973.16
2026-03,1200765,101070168,126,1315.44
2026-03,1200769,101002612,2400,24931.8
2026-03,1200769,101002715,1440,12700.8
2026-03,1200769,101002716,648,6298.56
2026-03,1200769,101002717,720,6350.4
2026-03,1200769,101003015,1152,17366.4
2026-03,1200769,101003241,1800,10244.88
2026-03,1200769,101003346,648,9144.57
2026-03,1200769,101003347,648,9144.57
2026-03,1200769,101004224,216,2077.49
2026-03,1200769,101004229,0,-23.44
2026-03,1200769,101004233,1536,16039.3
2026-03,1200769,101004257,576,5215.110000000001
2026-03,1200769,101004261,2268,54914.1
2026-03,1200769,101070105,1080,15303.170000000002
2026-03,1200769,101070108,360,3240.0
2026-03,1200769,101070110,324,7814.88
2026-03,1200769,101070134,216,3048.19
2026-03,1200769,101070135,648,15769.73
2026-03,1200769,101070154,720,7853.76
2026-03,1200769,101070156,1728,18880.13
2026-03,1200769,101070158,576,6438.530000000001
2026-03,1200769,101070162,2160,23934.53
2026-03,1200769,101070165,1728,19035.65
2026-03,1200769,101070168,1584,17558.21
2026-03,1200781,101002715,3360,30531.2
2026-03,1200781,101002717,800,7520.0
2026-03,1200781,101003241,660,3528.36
2026-03,1200781,101004174,165,882.09
2026-03,1200781,101004230,216,5598.72
2026-03,1200781,101004261,648,15676.420000000002
2026-03,1200781,101070154,18,203.04
2026-03,1200781,101070156,1449,16344.72
2026-03,1200781,101070162,1197,13502.16
2026-03,1200781,101070165,630,7106.400000000001
2026-03,1200781,101070168,1071,12080.880000000001
2026-03,1200785,101002188,378,4717.4400000000005
2026-03,1200785,101002402,567,7076.16
2026-03,1200785,101002612,300,3456.0
2026-03,1200785,101002715,960,9408.0
2026-03,1200785,101002717,302,2959.6
2026-03,1200785,101002859,495,3148.2000000000003
2026-03,1200785,101003241,709,4509.24
2026-03,1200785,101004174,330,2098.8
2026-03,1200785,101070153,504,6289.92
2026-03,1200785,101070154,567,7076.16
2026-03,1200785,101070156,945,11793.6
2026-03,1200785,101070158,630,7862.4
2026-03,1200785,101070162,882,11007.36
2026-03,1200785,101070165,630,7862.4
2026-03,1200785,101070168,1071,13366.079999999998
2026-03,1200786,101002402,189,2381.4
2026-03,1200786,101002612,150,1737.0
2026-03,1200786,101002859,330,2098.8
2026-03,1200786,101003241,495,3148.2
2026-03,1200786,101003359,165,1049.4
2026-03,1200786,101004141,144,2511.36
2026-03,1200786,101004174,165,1049.4
2026-03,1200786,101004261,288,7787.52
2026-03,1200786,101070105,576,9031.68
2026-03,1200786,101070153,252,3175.2
2026-03,1200786,101070154,315,3969.0
2026-03,1200786,101070156,315,3969.0
2026-03,1200786,101070158,252,3175.2
2026-03,1200786,101070162,378,4762.8
2026-03,1200786,101070165,252,3175.2
2026-03,1200786,101070168,567,7144.2
2026-03,1200793,101002715,144,1468.8
2026-03,1200793,101002859,720,5191.2
2026-03,1200793,101004174,825,5948.25
2026-03,1200793,101004230,72,2133.36
2026-03,1200793,101005690,96,1270.08
2026-03,1200793,101070153,126,1835.82
2026-03,1200793,101070154,567,8261.19
2026-03,1200793,101070156,81,1180.17
2026-03,1200793,101070158,360,5245.2
2026-03,1200793,101070162,819,11932.83
2026-03,1200793,101070165,315,4589.55
2026-03,1200793,101070168,729,10621.53
2026-03,1200796,101002612,90,864.0
2026-03,1200796,101002859,90,477.0
2026-03,1200796,101003346,108,1693.44
2026-03,1200796,101003347,216,2822.4
2026-03,1200796,101003359,90,477.0
2026-03,1200796,101003360,90,477.0
2026-03,1200796,101004141,648,9331.2
2026-03,1200796,101004174,90,477.0
2026-03,1200796,101004183,90,477.0
2026-03,1200796,101004229,36,967.68
2026-03,1200796,101004230,36,967.68
2026-03,1200796,101004245,432,6773.76
2026-03,1200796,101004257,48,403.2
2026-03,1200796,101004261,554,14891.52
2026-03,1200796,101005690,24,232.8
2026-03,1200796,101070040,32,239.04
2026-03,1200796,101070060,32,239.04
2026-03,1200796,101070075,30,274.5
2026-03,1200796,101070079,60,318.0
2026-03,1200796,101070134,1296,16934.4
2026-03,1200796,101070135,312,6988.8
2026-03,1200796,101070153,72,898.56
2026-03,1200796,101070154,72,898.56
2026-03,1200796,101070156,72,898.56
2026-03,1200796,101070158,72,898.56
2026-03,1200796,101070162,144,1797.12
2026-03,1200796,101070165,72,898.56
2026-03,1200796,101070168,1440,16087.68
2026-03,1200797,101002381,40,572.0
2026-03,1200797,101002612,600,5460.0
2026-03,1200797,101002859,90,441.0
2026-03,1200797,101003241,720,3528.0
2026-03,1200797,101003346,216,3214.08
2026-03,1200797,101003347,432,5356.8
2026-03,1200797,101003359,90,441.0
2026-03,1200797,101003360,90,441.0
2026-03,1200797,101004141,324,4406.4
2026-03,1200797,101004174,360,1764.0
2026-03,1200797,101004229,30,777.6
2026-03,1200797,101004261,162,4199.04
2026-03,1200797,101070134,1242,15400.8
2026-03,1200797,101070135,30,648.0
2026-03,1200797,101070153,144,1624.32
2026-03,1200797,101070154,144,1624.32
2026-03,1200797,101070156,144,1624.32
2026-03,1200797,101070162,288,3248.64
2026-03,1200797,101070165,144,1624.32
2026-03,1200797,101070168,288,3248.64
2026-03,1200806,101002612,900,9342.0
2026-03,1200806,101003241,1440,8380.8
2026-03,1200806,101070134,2160,30844.8
2026-03,1200806,101070154,288,3386.88
2026-03,1200806,101070156,288,3386.88
2026-03,1200806,101070158,288,3386.88
2026-03,1200806,101070162,432,5080.32
2026-03,1200806,101070165,432,5080.32
2026-03,1200826,101004141,4,56.68
2026-03,1200826,101004233,12,97.8
2026-03,1200826,101004257,100,706.0
2026-03,1200826,101004261,4,88.16
2026-03,1200826,101070115,2,25.72
2026-03,1200826,101070117,4,51.44
2026-03,1200826,101070134,40,514.4
2026-03,1200826,101070135,2,44.08
2026-03,1200830,101002402,144,1814.4
2026-03,1200830,101070134,3888,50803.2
2026-03,1200830,101070156,288,3628.8
2026-03,1200830,101070158,288,3628.8
2026-03,1200830,101070162,288,3628.8
2026-03,1200830,101070165,144,1814.4
2026-03,1200830,101070168,576,7257.6
2026-03,1200841,101002381,5400,83970.0
2026-03,1200841,101002612,9600,110304.0
2026-03,1200841,101002859,3240,20606.4
2026-03,1200841,101003241,4680,29764.8
2026-03,1200841,101003347,1728,27336.96
2026-03,1200841,101004229,2592,71979.84
2026-03,1200841,101004230,3078,85476.06
2026-03,1200841,101004233,11520,132364.8
2026-03,1200841,101004261,13122,364397.94
2026-03,1200841,101005690,5760,66182.4
2026-03,1200841,101070017,2989,34343.61
2026-03,1200841,101070040,476,5469.24
2026-03,1200841,101070105,5832,92262.23999999999
2026-03,1200841,101070110,324,8997.48
2026-03,1200841,101070116,2160,34171.2
2026-03,1200841,101070117,2160,34171.2
2026-03,1200841,101070118,2160,34171.2
2026-03,1200841,101070152,4320,26870.399999999998
2026-03,1200841,101070155,8352,51949.44
2026-03,1200841,101070161,14976,93150.72
2026-03,1200841,101070164,5760,35827.2
2026-03,1200841,101070167,5472,34035.84
2026-03,1200854,101002715,1080,10584.0
2026-03,1200854,101002716,324,3499.2
2026-03,1200854,101002717,720,7056.0
2026-03,1200854,101003241,360,2289.6
2026-03,1200854,101003347,216,3386.88
2026-03,1200854,101004224,1728,27095.04
2026-03,1200854,101004245,432,6773.76
2026-03,1200854,101070156,576,7257.6
2026-03,1200854,101070162,144,1814.4
2026-03,1200854,101070165,288,3628.8
2026-03,1200854,101070168,720,9072.0
2026-03,1200872,101003241,1080,5346.0
2026-03,1200872,101003347,1296,16243.2
2026-03,1200872,101003359,360,1782.0
2026-03,1200872,101003360,720,3564.0
2026-03,1200872,101004141,2430,33372.0
2026-03,1200872,101004245,216,3248.64
2026-03,1200872,101070162,2016,19152.0
2026-03,1200872,101070165,288,2736.0
2026-03,1200872,101070168,2016,19152.0
2026-03,1200887,101070153,693,6784.47
2026-03,1200887,101070156,567,5550.93
2026-03,1200887,101070162,1197,11718.63
2026-03,1200887,101070165,1071,10485.09
2026-03,1200887,101070168,252,2467.08
2026-03,1200929,101003241,2880,14256.0
2026-03,1200929,101003346,216,3248.64
2026-03,1200929,101003359,1440,7128.0
2026-03,1200929,101003360,2880,14256.0
2026-03,1200929,101004141,810,11124.0
2026-03,1200929,101004257,192,1497.6
2026-03,1200929,101004261,162,4224.96
2026-03,1200929,101070156,288,3283.2
2026-03,1200929,101070162,576,6566.4
2026-03,1200929,101070165,288,3283.2
2026-03,1200943,101002859,360,2268.0
2026-03,1200943,101003241,1080,6804.0
2026-03,1200943,101004174,360,2268.0
2026-03,1200943,101070154,144,1779.84
2026-03,1200943,101070156,144,1779.84
2026-03,1200943,101070162,144,1779.84
2026-03,1200943,101070165,288,3559.68
2026-03,1200948,101002612,1200,10920.0
2026-03,1200948,101002859,720,3528.0
2026-03,1200948,101003241,3600,17640.0
2026-03,1200948,101003347,648,8035.2
2026-03,1200948,101003359,1080,5292.0
2026-03,1200948,101003360,1080,5292.0
2026-03,1200948,101004141,1296,17625.6
2026-03,1200948,101004174,360,1764.0
2026-03,1200948,101004183,360,1764.0
2026-03,1200948,101004229,162,4199.04
2026-03,1200948,101004230,162,4199.04
2026-03,1200948,101004261,162,4199.04
2026-03,1200948,101070079,360,1764.0
2026-03,1200948,101070134,2580,30355.2
2026-03,1200949,101002381,75,1207.5
2026-03,1200949,101002402,144,1483.2
2026-03,1200949,101002612,300,3438.0
2026-03,1200949,101002859,360,2268.0
2026-03,1200949,101003241,360,2268.0
2026-03,1200949,101003346,216,3352.32
2026-03,1200949,101003347,432,6704.64
2026-03,1200949,101004141,324,5598.72
2026-03,1200949,101004183,180,1134.0
2026-03,1200949,101004245,216,3352.32
2026-03,1200949,101070079,180,1134.0
2026-03,1200949,101070153,144,1483.2
2026-03,1200949,101070156,144,1483.2
2026-03,1200949,101070158,144,1483.2
2026-03,1200949,101070162,432,4449.6
2026-03,1200949,101070168,1656,17056.8
2026-03,1200956,101002188,72,889.92
2026-03,1200956,101002402,72,889.92
2026-03,1200956,101002715,180,1746.0
2026-03,1200956,101002859,90,472.5
2026-03,1200956,101003241,90,472.5
2026-03,1200956,101004257,384,3206.4
2026-03,1200956,101070134,108,1396.8
2026-03,1200956,101070153,36,444.96
2026-03,1200956,101070154,72,889.92
2026-03,1200956,101070156,72,889.92
2026-03,1200956,101070158,72,889.92
2026-03,1200956,101070162,72,889.92
2026-03,1200956,101070165,36,444.96
2026-03,1200956,101070168,144,1779.84
2026-03,1200969,101070156,540,6102.0
2026-03,1200969,101070162,540,6102.0
2026-03,1200969,101070165,756,8542.8
2026-03,1200969,101070168,1404,15865.2
2026-03,1200978,101002188,288,3594.24
2026-03,1200978,101002402,288,3594.24
2026-03,1200978,101004224,216,3386.88
2026-03,1200978,101070153,144,1797.12
2026-03,1200978,101070154,288,3594.24
2026-03,1200978,101070156,576,7188.48
2026-03,1200978,101070158,288,3594.24
2026-03,1200978,101070162,720,8985.6
2026-03,1200978,101070165,720,8985.6
2026-03,1200978,101070168,864,10782.72
2026-03,1200984,101004224,0,-25.4
2026-03,1200984,101070105,23328,301881.6
2026-03,1200985,101001911,2775,38871.42
2026-03,1200985,101002622,2880,42347.18
2026-03,1200985,101004098,7392,76660.5
2026-03,1200985,101004125,3015,49237.71
2026-03,1200985,101007351,1050,14636.96
2026-03,1200985,101070106,2816,42445.59
2026-03,1200985,101070163,4770,79057.45999999999
2026-03,1200985,101070166,1260,20818.59
2026-03,1200989,101001911,1500,22410.0
2026-03,1200989,101004196,1056,10010.880000000001
2026-03,1200989,101070153,1260,14263.2
2026-03,1200989,101070163,3870,55650.6
2026-03,1200989,101070166,3600,51768.0
2026-03,1200995,101002612,300,2895.0
2026-03,1200995,101002715,1440,14112.0
2026-03,1200995,101002716,648,6998.4
2026-03,1200995,101002717,360,3528.0
2026-03,1200995,101002859,1080,5724.0
2026-03,1200995,101003241,3240,17172.0
2026-03,1200995,101003346,216,3386.88
2026-03,1200995,101003347,1080,14112.0
2026-03,1200995,101003359,2160,11448.0
2026-03,1200995,101003360,2520,13356.0
2026-03,1200995,101004141,1944,28252.8
2026-03,1200995,101004174,360,1908.0
2026-03,1200995,101004183,720,3816.0
2026-03,1200995,101070134,2160,28224.0
2026-03,1200995,101070135,486,10951.2
2026-03,1200996,101070162,252,2842.56
2026-03,1200996,101070165,126,1421.28
2026-03,1200998,101002188,288,2761.92
2026-03,1200998,101002402,216,2071.44
2026-03,1200998,101002612,150,1392.0
2026-03,1200998,101002859,360,1800.0
2026-03,1200998,101003241,360,1800.0
2026-03,1200998,101003346,324,3855.6
2026-03,1200998,101003347,108,1285.2
2026-03,1200998,101003359,180,900.0
2026-03,1200998,101003360,180,900.0
2026-03,1200998,101004141,162,2115.72
2026-03,1200998,101004174,360,1800.0
2026-03,1200998,101004183,180,900.0
2026-03,1200998,101004229,243,5039.82
2026-03,1200998,101004230,243,5039.82
2026-03,1200998,101004233,192,1762.56
2026-03,1200998,101004245,108,1285.2
2026-03,1200998,101004257,192,1507.2
2026-03,1200998,101004261,324,6719.76
2026-03,1200998,101005690,192,1762.56
2026-03,1200998,101070040,119,934.15
2026-03,1200998,101070079,180,900.0
2026-03,1200998,101070134,540,6426.0
2026-03,1200998,101070135,162,3359.88
2026-03,1200998,101070153,288,2761.92
2026-03,1200998,101070154,288,2761.92
2026-03,1200998,101070156,288,2597.76
2026-03,1200998,101070158,144,1298.88
2026-03,1200998,101070162,216,1948.32
2026-03,1200998,101070165,216,1948.32
2026-03,1200998,101070168,288,2597.76
2026-03,1201002,101002715,3240,24105.6
2026-03,1201002,101002717,720,5356.8
2026-03,1201002,101070156,432,4142.88
2026-03,1201002,101070162,432,4142.88
2026-03,1201002,101070168,864,8285.76
2026-03,1201009,101002402,288,2761.92
2026-03,1201009,101002715,1080,7084.799999999999
2026-03,1201009,101002716,648,5287.68
2026-03,1201009,101003133,360,2361.6
2026-03,1201009,101003241,720,3175.2
2026-03,1201009,101003346,972,11566.8
2026-03,1201009,101003347,648,7711.200000000001
2026-03,1201009,101003359,360,1800.0
2026-03,1201009,101003360,720,3600.0
2026-03,1201009,101004141,1944,25388.64
2026-03,1201009,101004229,162,3359.88
2026-03,1201009,101004230,162,3359.88
2026-03,1201009,101004233,576,5287.68
2026-03,1201009,101004245,756,8996.4
2026-03,1201009,101004257,384,3014.4
2026-03,1201009,101004261,162,3359.88
2026-03,1201009,101070040,119,934.15
2026-03,1201009,101070060,119,934.15
2026-03,1201009,101070134,5940,70686.0
2026-03,1201009,101070135,324,6719.76
2026-03,1201009,101070153,288,2761.92
2026-03,1201009,101070154,288,2761.92
2026-03,1201009,101070162,576,5195.52
2026-03,1201009,101070165,576,5195.52
2026-03,1201009,101070168,1152,9146.88
2026-03,1201012,101002612,1800,17190.0
2026-03,1201012,101002859,360,1890.0
2026-03,1201012,101003241,2160,11340.0
2026-03,1201012,101003347,648,8380.8
2026-03,1201012,101004141,810,11664.0
2026-03,1201012,101004174,720,3780.0
2026-03,1201012,101004183,720,3780.0
2026-03,1201012,101004233,1152,11116.8
2026-03,1201012,101004257,960,8016.0
2026-03,1201012,101005690,960,9264.0
2026-03,1201012,101070040,238,1772.1
2026-03,1201012,101070075,192,1747.2
2026-03,1201012,101070097,768,6412.8
2026-03,1201014,101003346,10,155.2
2026-03,1201014,101003347,120,1552.0
2026-03,1201014,101004141,90,1284.0
2026-03,1201014,101004224,480,6208.0
2026-03,1201014,101004230,10,267.2
2026-03,1201014,101004233,30,288.0
2026-03,1201014,101004245,20,310.4
2026-03,1201014,101004261,45,1202.4
2026-03,1201014,101070017,60,576.0
2026-03,1201016,101002402,126,1738.8
2026-03,1201016,101003241,165,1138.5
2026-03,1201016,101004174,165,1138.5
2026-03,1201016,101070153,315,4347.0
2026-03,1201016,101070156,378,5216.4
2026-03,1201016,101070158,126,1738.8
2026-03,1201016,101070162,504,6955.2
2026-03,1201016,101070165,63,869.4
2026-03,1201016,101070168,126,1738.8
2026-03,1201020,101002715,1080,8272.0
2026-03,1201020,101002716,324,3337.2
2026-03,1201020,101003241,1800,8910.0
2026-03,1201020,101003347,864,10828.8
2026-03,1201020,101003359,720,3564.0
2026-03,1201020,101003360,720,3564.0
2026-03,1201020,101004141,972,13348.800000000001
2026-03,1201020,101004257,576,4492.8
2026-03,1201020,101070097,384,2995.2
2026-03,1201020,101070162,2016,19152.0
2026-03,1201020,101070165,576,5472.0
2026-03,1201020,101070168,864,8208.0
2026-03,1201026,101002717,180,1339.2
2026-03,1201026,101003133,7200,53568.0
2026-03,1201026,101003457,540,2700.0
2026-03,1201026,101004245,108,1285.2
2026-03,1201026,101004261,81,1679.94
2026-03,1201031,101002612,300,2730.0
2026-03,1201031,101003241,720,3528.0
2026-03,1201031,101003346,216,3214.08
2026-03,1201031,101003347,1296,16070.4
2026-03,1201031,101003360,360,1764.0
2026-03,1201031,101004141,3564,48470.399999999994
2026-03,1201031,101004174,360,1764.0
2026-03,1201031,101004229,162,4199.04
2026-03,1201031,101004233,192,1728.0
2026-03,1201031,101004245,216,3214.08
2026-03,1201031,101004261,162,4199.04
2026-03,1201031,101005690,192,1728.0
2026-03,1201031,101070097,192,1478.4
2026-03,1201031,101070117,216,2574.24
2026-03,1201031,101070118,216,2574.24
2026-03,1201031,101070162,144,1624.32
2026-03,1201031,101070165,144,1624.32
2026-03,1201033,101003133,10800,80352.0
2026-03,1201034,101002402,144,1380.96
2026-03,1201034,101003346,432,5140.8
2026-03,1201034,101003347,216,2570.4
2026-03,1201034,101004230,162,3359.88
2026-03,1201034,101004233,192,1762.56
2026-03,1201034,101004261,324,6719.76
2026-03,1201034,101070134,1728,20563.2
2026-03,1201034,101070135,486,10079.64
2026-03,1201034,101070156,144,1298.88
2026-03,1201035,101002612,3600,41391.0
2026-03,1201035,101002859,165,1049.4
2026-03,1201035,101003241,330,2088.9
2026-03,1201035,101070156,5166,64229.76
2026-03,1201035,101070162,6678,82842.48
2026-03,1201035,101070165,2457,30504.6
2026-03,1201035,101070168,6678,82955.88
2026-03,1201045,101002716,135,1444.5
2026-03,1201045,101002717,37,358.9
2026-03,1201047,101004214,21120,217919.32
2026-03,1201047,101070020,10009,130761.08
2026-03,1201055,101070168,-140,-1579.2
2026-03,1201061,101002188,288,3055.68
2026-03,1201061,101002402,144,1527.84
2026-03,1201061,101003241,1440,7790.4
2026-03,1201061,101003346,432,5417.28
2026-03,1201061,101003347,648,8125.92
2026-03,1201061,101003359,1080,5842.799999999999
2026-03,1201061,101004141,162,2238.84
2026-03,1201061,101004174,720,3895.2
2026-03,1201061,101004224,216,2708.64
2026-03,1201061,101004230,324,6966.0
2026-03,1201061,101004261,810,17415.0
2026-03,1201061,101070134,432,5417.28
2026-03,1201061,101070135,324,6966.0
2026-03,1201061,101070154,144,1527.84
2026-03,1201061,101070156,288,2874.24
2026-03,1201061,101070158,288,2874.24
2026-03,1201061,101070162,288,2874.24
2026-03,1201061,101070165,432,4311.36
2026-03,1201068,101002188,27,333.72
2026-03,1201068,101002402,27,333.72
2026-03,1201068,101002612,30,343.8
2026-03,1201068,101002859,30,189.0
2026-03,1201068,101003241,30,189.0
2026-03,1201068,101003346,36,558.72
2026-03,1201068,101003347,36,558.72
2026-03,1201068,101003360,30,189.0
2026-03,1201068,101004141,27,466.56
2026-03,1201068,101004174,30,189.0
2026-03,1201068,101004229,27,725.76
2026-03,1201068,101004230,27,725.76
2026-03,1201068,101004233,32,370.56
2026-03,1201068,101004257,16,160.32
2026-03,1201068,101004261,27,725.76
2026-03,1201068,101005690,32,370.56
2026-03,1201068,101070134,24,372.48
2026-03,1201068,101070153,27,333.72
2026-03,1201068,101070154,27,333.72
2026-03,1201068,101070156,27,333.72
2026-03,1201068,101070158,27,333.72
2026-03,1201068,101070162,27,333.72
2026-03,1201068,101070165,27,333.72
2026-03,1201068,101070168,27,333.72
2026-03,1201073,101002188,63,718.2
2026-03,1201073,101002402,126,1436.4
2026-03,1201073,101002612,300,3294.0
2026-03,1201073,101002715,160,1504.0
2026-03,1201073,101002717,90,846.0
2026-03,1201073,101002859,495,2940.3
2026-03,1201073,101003241,330,1960.2
2026-03,1201073,101004141,216,3559.68
2026-03,1201073,101004230,144,3755.52
2026-03,1201073,101004233,192,2096.64
2026-03,1201073,101004257,192,1797.12
2026-03,1201073,101004261,360,9388.8
2026-03,1201073,101070040,85,790.5
2026-03,1201073,101070134,384,5775.36
2026-03,1201073,101070135,72,1877.76
2026-03,1201073,101070153,126,1436.4
2026-03,1201073,101070154,189,2154.6
2026-03,1201073,101070156,252,2872.8
2026-03,1201073,101070158,126,1436.4
2026-03,1201073,101070162,504,5745.6
2026-03,1201073,101070165,126,1436.4
2026-03,1201073,101070168,441,5027.4
2026-03,1201076,101002188,90,927.0
2026-03,1201076,101002402,48,494.4
2026-03,1201076,101002612,75,859.5
2026-03,1201076,101002859,180,1134.0
2026-03,1201076,101003241,90,567.0
2026-03,1201076,101003346,60,931.2
2026-03,1201076,101003347,84,1303.68
2026-03,1201076,101003359,60,378.0
2026-03,1201076,101003360,15,94.5
2026-03,1201076,101004141,81,1399.68
2026-03,1201076,101004174,90,567.0
2026-03,1201076,101004183,30,189.0
2026-03,1201076,101004230,18,483.84
2026-03,1201076,101004233,32,370.56
2026-03,1201076,101004245,15,232.8
2026-03,1201076,101004257,32,320.64
2026-03,1201076,101004261,45,1209.6
2026-03,1201076,101005690,16,185.28
2026-03,1201076,101070017,20,231.6
2026-03,1201076,101070060,20,148.5
2026-03,1201076,101070075,30,273.0
2026-03,1201076,101070076,10,172.8
2026-03,1201076,101070079,30,189.0
2026-03,1201076,101070134,258,3336.8
2026-03,1201076,101070135,12,268.8
2026-03,1201076,101070153,54,556.2
2026-03,1201076,101070154,144,1483.2
2026-03,1201076,101070156,216,2224.8
2026-03,1201076,101070158,144,1483.2
2026-03,1201076,101070162,288,2966.4
2026-03,1201076,101070165,216,2224.8
2026-03,1201076,101070168,288,2966.4
2026-03,1205005,101002612,150,1656.0
2026-03,1205005,101002859,660,3960.0
2026-03,1205005,101003241,330,1980.0
2026-03,1205005,101004224,288,4331.52
2026-03,1205005,101004257,480,4550.4
2026-03,1205005,101005690,96,1059.84
2026-03,1205005,101070156,189,2177.28
2026-03,1205005,101070158,252,2903.04
2026-03,1205005,101070162,630,7257.6
2026-03,1205005,101070165,189,2177.28
2026-03,1205005,101070168,441,5080.32
2026-03,1205007,101003346,20,313.6
2026-03,1205007,101003347,14,219.52
2026-03,1205007,101004141,30,518.4
2026-03,1205007,101004229,20,537.6
2026-03,1205007,101004230,70,1881.6
2026-03,1205007,101004245,14,219.52
2026-03,1205007,101004261,60,1612.8
2026-03,1205007,101070115,15,235.2
2026-03,1205007,101070116,15,235.2
2026-03,1205007,101070117,15,235.2
2026-03,1205007,101070118,15,235.2
2026-03,1205007,101070134,30,470.4
2026-03,1205007,101070135,40,1075.2
2026-03,1205009,101002612,150,1437.0
2026-03,1205009,101003015,144,2332.8
2026-03,1205009,101004141,72,1175.04
2026-03,1205013,101004261,162,4328.64
2026-03,1205013,101070156,288,3525.12
2026-03,1205013,101070158,432,5287.68
2026-03,1205013,101070162,1728,21150.72
2026-03,1205013,101070165,1584,19388.16
2026-03,1205013,101070168,144,1762.56
2026-03,1205021,101002859,360,2440.8
2026-03,1205021,101004174,1080,7322.4
2026-03,1205023,101002715,0,-873.0
2026-03,1205023,101070154,0,-396.36
2026-03,1205026,101002715,12240,102816.0
2026-03,1205026,101002717,4320,36288.0
2026-03,1205026,101003241,14040,79185.6
2026-03,1205026,101070152,6336,33073.92
2026-03,1205026,101070155,8640,43027.2
2026-03,1205026,101070157,10080,52617.6
2026-03,1205026,101070161,14400,71712.0
2026-03,1205033,101002402,36,413.34
2026-03,1205033,101003347,42,592.7
2026-03,1205033,101004141,36,559.87
2026-03,1205033,101004229,36,870.91
2026-03,1205033,101004230,108,2612.74
2026-03,1205033,101004261,180,4354.56
2026-03,1205033,101070153,90,1033.34
2026-03,1205033,101070156,63,723.34
2026-03,1205033,101070158,36,413.34
2026-03,1205033,101070162,63,723.34
2026-03,1205033,101070165,36,413.34
2026-03,1205034,101002715,320,2976.0
2026-03,1205034,101002716,144,1468.8
2026-03,1205034,101003241,495,2910.6
2026-03,1205034,101003347,96,1428.48
2026-03,1205034,101003359,165,970.2
2026-03,1205034,101004224,480,7142.4
2026-03,1205034,101004233,96,1036.8
2026-03,1205034,101004257,384,3548.16
2026-03,1205034,101005690,192,2073.6
2026-03,1205034,101070156,126,1421.28
2026-03,1205034,101070158,126,1421.28
2026-03,1205034,101070162,252,2842.56
2026-03,1205034,101070168,189,2131.92
2026-03,1205046,101002381,375,5887.5
2026-03,1205046,101002612,1200,11460.0
2026-03,1205046,101002716,162,1733.4
2026-03,1205046,101002859,1800,11340.0
2026-03,1205046,101003015,288,4809.6
2026-03,1205046,101003241,900,5670.0
2026-03,1205046,101004141,1134,19595.52
2026-03,1205046,101004174,900,4914.0
2026-03,1205046,101004183,180,945.0
2026-03,1205046,101004233,384,3705.6
2026-03,1205046,101004245,648,10056.960000000001
2026-03,1205046,101005690,384,4076.16
2026-03,1205046,101070040,119,891.0
2026-03,1205046,101070079,1080,6804.0
2026-03,1205046,101070097,192,1603.2
2026-03,1205046,101070115,108,1350.24
2026-03,1205046,101070116,108,1350.24
2026-03,1205046,101070117,108,1350.24
2026-03,1205046,101070118,108,1350.24
2026-03,1205046,101070134,648,8380.8
2026-03,1205046,101070168,1872,22544.640000000003
2026-03,1205047,101070156,504,5191.2
2026-03,1205047,101070162,252,2595.6
2026-03,1205047,101070165,252,2595.6
2026-03,1205047,101070168,504,5191.2
2026-03,1205048,101070154,54,622.08
2026-03,1205048,101070158,54,622.08
2026-03,1205048,101070162,108,1244.16
2026-03,1205048,101070165,54,622.08
2026-03,1205048,101070168,54,622.08
2026-03,1205051,101002612,2400,23160.0
2026-03,1205051,101002715,1440,14112.0
2026-03,1205051,101002716,324,3499.2
2026-03,1205051,101002859,3240,17172.0
2026-03,1205051,101003241,6120,32436.0
2026-03,1205051,101003346,648,10160.64
2026-03,1205051,101003347,1944,25401.6
2026-03,1205051,101003359,1440,7632.0
2026-03,1205051,101003360,1080,5724.0
2026-03,1205051,101004141,972,14126.4
2026-03,1205051,101004174,1800,9540.0
2026-03,1205051,101004183,720,3816.0
2026-03,1205051,101004229,162,4380.48
2026-03,1205051,101004230,162,4380.48
2026-03,1205051,101004233,1344,13171.199999999999
2026-03,1205051,101004245,216,3386.88
2026-03,1205051,101004257,768,6528.0
2026-03,1205051,101005690,384,3763.2
2026-03,1205051,101070017,192,1881.6
2026-03,1205051,101070079,720,3816.0
2026-03,1205051,101070097,192,1632.0
2026-03,1205051,101070115,216,2712.64
2026-03,1205051,101070116,216,2712.64
2026-03,1205051,101070117,216,2712.64
2026-03,1205051,101070118,216,2712.64
2026-03,1205051,101070134,22680,296352.0
2026-03,1205051,101070135,324,7300.8
2026-03,1205053,101002715,10800,90720.0
2026-03,1205053,101003241,30600,154224.0
2026-03,1205057,101070153,63,710.64
2026-03,1205057,101070156,63,710.64
2026-03,1205057,101070158,63,710.64
2026-03,1205057,101070162,378,4263.84
2026-03,1205057,101070168,63,710.64
2026-03,1205067,101004224,54,496.8
2026-03,1205067,101070135,60,855.0
2026-03,1205071,101070119,1600,9792.0
2026-03,1205073,101002716,147,3117.21
2026-03,1205074,101070118,1,21.49
2026-03,C5800,101003028,10800,49572.0
2026-03,C5800,101003118,15480,71053.20999999999
2026-03,C5800,101003119,16560,76010.4
2026-03,C5800,101003122,11880,54529.2
2026-03,C5800,101003207,46800,339243.83999999997
2026-03,C5800,101003242,28080,128887.2
2026-03,C5800,101003449,12960,59486.4
2026-03,C5800,101004148,77760,651442.2300000001
2026-03,C5800,101004189,9288,107811.38
2026-03,C5800,101004226,27540,573988.6799999999
2026-03,C5800,101004246,6912,80231.73000000001
2026-03,C5800,101004262,7950,92280.41
2026-03,C5800,101070146,8910,185702.22
2026-03,C5800,101070147,45360,526520.75
2026-03,C5800,101070173,17712,155490.11
2026-03,C5800,101070175,16128,141584.5
2026-03,C5800,101070176,22320,195942.84
2026-03,C5800,101070179,17280,151697.66999999998
2026-03,NCASH510,101002188,1,9.0
2026-03,NCASH510,101002402,1,9.0
2026-03,NCASH510,101002612,5,43.5
2026-03,NCASH510,101002859,16,75.2
2026-03,NCASH510,101003241,7,32.9
2026-03,NCASH510,101003347,1,11.9
2026-03,NCASH510,101003359,5,23.5
2026-03,NCASH510,101003360,2,9.4
2026-03,NCASH510,101004098,5,43.0
2026-03,NCASH510,101004141,5,65.5
2026-03,NCASH510,101004174,2,9.4
2026-03,NCASH510,101004224,5,59.5
2026-03,NCASH510,101004233,2,17.2
2026-03,NCASH510,101004245,5,59.5
2026-03,NCASH510,101004261,3,62.1
2026-03,NCASH510,101070040,2,14.8
2026-03,NCASH510,101070075,1,8.2
2026-03,NCASH510,101070076,2,26.0
2026-03,NCASH510,101070079,3,14.1
2026-03,NCASH510,101070097,2,14.8
2026-03,NCASH510,101070153,2,18.0
2026-03,NCASH510,101070154,5,45.0
2026-03,NCASH510,101070155,1,4.5
2026-03,NCASH510,101070156,11,99.0
2026-03,NCASH510,101070161,1,4.5
2026-03,NCASH510,101070162,10,90.0
2026-03,NCASH510,101070164,2,9.0
2026-03,NCASH510,101070165,8,72.0
2026-03,NCASH510,101070167,1,4.5
2026-03,NCASH510,101070168,5,45.0
